District,State,Birth_Registration,Electricity,Drinking_Water,Sanitation,Clean_Fuel,Health_Insurance,Female_Literacy,Female_10Y_Schooling,Early_Marriage,Adolescent_Pregnancy,Menstrual_Hygiene,ANC_First_Trimester,ANC_4plus,Postnatal_Care,Institutional_Births,Skilled_Birth_Attendance,Fully_Vaccinated,Vitamin_A,Diarrhoea_Prevalence,Stunting,Wasting,Underweight,Child_Anaemia,Infrastructure_Score,Education_Gender_Score,Maternal_Health_Score,Child_Health_Score,Child_Health_Indicators_Available,Overall_Development_Score,Development_Rank
Nicobars,Andaman & Nicobar Islands,0.9589012804626189,0.9336492890995263,0.9797687861271677,0.7677382806967853,0.5299407764860715,0.015521523178807946,0.8007198952879583,0.5353982300884955,0.8028120118035064,0.9350696991929567,1.0,0.4974072052401747,0.7136493795736557,0.8068669527896996,0.9721374045801527,0.979727772951057,,0.9545776142634784,0.8562706690409565,0.8223393045310852,0.7422538443883406,0.6842963231298678,0.8191866232109961,0.6975866560084962,0.8147999672745833,0.793957743026948,0.8131540630941206,6,0.7798746073510371,99
North & Middle Andaman,Andaman & Nicobar Islands,1.0,0.7864139020537123,0.8673920435226115,0.8092338195722986,0.5773195876288659,0.009519867549668874,0.742964659685864,0.3677929739876642,0.7330324596424231,0.859501100513573,1.0,0.6569323144104803,0.7936154417223459,0.9066523605150214,0.9707379134860054,0.9758181291630466,,0.6439790575916231,0.8845077588399899,0.7079030558482614,0.48336011016754654,0.35464589748234027,0.922488309479949,0.6749798700545261,0.7406582387659049,0.8607512318593799,0.6661473649016183,6,0.7356341763953572,200
South Andaman,Andaman & Nicobar Islands,0.9283353985956216,0.9867298578199052,0.9649778986739204,0.8510126044469623,0.9136872121079184,0.0,0.7864856020942409,0.5886296594261194,0.7038708557542093,0.896918561995598,0.980170902716915,0.7243449781659389,0.8652030968289319,0.8476394849785407,0.9931297709923665,0.9545322907616566,,0.7994905900665064,0.8476214703637751,0.8324552160168598,0.8127151709892129,0.8141641007063938,0.7386991639506872,0.7741238286073879,0.7912151163974166,0.8769699243454869,0.8075242853489059,6,0.8124582886747993,53
Srikakulam,Andhra Pradesh,0.8959107806691449,0.9971563981042653,0.791397483849031,0.5996317802011047,0.7248300065803904,0.7706953642384105,0.4208115183246072,0.3876374363100026,0.5591043221662906,0.7997065297138665,0.7584355828220859,0.7283024017467249,0.7853430904655848,0.8835836909871244,0.9737913486005089,0.9475818129163046,,0.5957266166690252,0.6972780462986518,0.863013698630137,0.6545788386504475,0.7415323310994385,0.5082896414907184,0.7966036356070578,0.5851390778673705,0.8637204689432496,0.6767365288064031,6,0.7305499278060203,215
Vizianagaram,Andhra Pradesh,0.9054109871953738,0.9848341232227487,0.8826929615776946,0.4602747486191758,0.5669006361044088,0.7816639072847681,0.3226439790575916,0.3222043443282381,0.414684950529422,0.5326485693323552,0.6989482909728308,0.6790393013100436,0.710467706013363,0.7907725321888411,0.987404580152672,0.9653924123950188,,0.8263761143342296,0.8089544645128467,0.5102212855637513,0.661005278861602,0.5464589748234016,0.40725520759529554,0.7636295606673617,0.45822602684408753,0.8266153064119877,0.6267118876151878,6,0.6687956953846561,369
Visakhapatnam,Andhra Pradesh,0.8042131350681536,0.9864139020537123,0.8602516150969058,0.6872964169381107,0.7047598157490678,0.6598716887417219,0.5062172774869111,0.43416465540359334,0.5589307411907656,0.6515040352164344,0.843558282208589,0.7248908296943231,0.5751405239155796,0.8027092274678111,0.9395674300254453,0.9181870836953373,,0.9027876043582852,0.7934367845331978,0.6248682824025289,0.6082166628414046,0.5225502626335808,0.3240753861414199,0.7838010956079454,0.5988749983012587,0.7920990189596993,0.6293224971517362,6,0.7010244025051597,295
East Godavari,Andhra Pradesh,0.8548120611317637,0.9627172195892573,0.9639578374702481,0.6867299249398103,0.7866856766834832,0.6747723509933774,0.6425065445026179,0.3970233306516492,0.5488630446103108,0.7718268525311812,0.6819675723049956,0.6824508733624454,0.4941139039134585,0.897934549356223,0.9571246819338421,0.8530263538951636,,0.763265883684732,0.6611549224116001,0.7903055848261328,0.7734679825568052,0.7250498098170621,0.40697180104860414,0.8216125118013232,0.6084374689201509,0.7769300724922266,0.6867026640574894,6,0.7234206793177975,239
West Godavari,Andhra Pradesh,0.8659644774886411,0.9791469194312797,0.9841890513430804,0.7299249398102253,0.8578635665716166,0.6872930463576158,0.6277814136125655,0.4407347814427459,0.6165596250650928,0.5102714600146736,0.829535495179667,0.7626910480349344,0.619047619047619,0.9364270386266094,0.9834605597964379,0.9778453518679409,,0.6568558086882694,0.9310607987789367,0.6147523709167544,0.8336011016754648,0.7232385437420759,0.4696046478673657,0.8507303335004098,0.6049765550629489,0.8558943234747083,0.7048522119448112,6,0.7541133559957195,162
Krishna,Andhra Pradesh,0.9258570838496488,0.985781990521327,0.9044542672560353,0.7066987678799038,0.890655845580171,0.6925703642384106,0.6258180628272251,0.436712255296326,0.5604929699704913,0.6478356566397653,0.9188212094653813,0.7528657205240173,0.7311485841552656,0.8503218884120172,0.9863867684478372,0.9714740805097017,,0.7568982595160607,0.801322818621216,0.6484720758693361,0.7753041083314207,0.7471472559318963,0.4219923480232393,0.8510030532209162,0.6379360308398379,0.8584394084097677,0.6918561443821948,6,0.7598086592131792,152
Guntur,Andhra Pradesh,0.8418009087154069,0.9744075829383886,0.9872492349540972,0.7675966576972101,0.9107260364114937,0.7236134105960265,0.4888743455497383,0.2548940734781442,0.3860440895677834,0.24064563462949384,0.8682077125328659,0.8609443231441047,0.6162901686286987,0.9262339055793991,0.9823155216284989,0.935418476686939,,0.7457195415310599,0.7445942508267617,0.7753424657534246,0.6935965113610283,0.6429994566201775,0.5129658495111237,0.8675656385521039,0.4477331711516051,0.8642404791335281,0.6858696792672627,6,0.7163522420261249,257
Prakasam,Andhra Pradesh,0.7325485336637753,0.9769352290679304,0.9756885413124786,0.6966435349100696,0.9011844702785698,0.6873965231788078,0.3964332460732984,0.28077232502011257,0.3528901232424926,0.3976522377109317,0.8536371603856266,0.7972161572052401,0.7322091420086966,0.874061158798283,0.9669211195928754,0.969881262670142,,0.7424649780670726,0.7995421012465022,0.8018967334035826,0.9019967867798944,0.6833906900923746,0.4657786594870342,0.8283994720686052,0.4562770184864924,0.8680577680550474,0.7325116581794101,6,0.7213114791973888,241
Sri Potti Sriramulu Nello,Andhra Pradesh,0.7540272614622058,0.9718799368088468,0.9257055423325399,0.743662370769013,0.8329677560868611,0.7359271523178806,0.5212696335078533,0.33614910163582723,0.5861829543482033,0.45451210564930306,0.8248247151621385,0.8546670305676856,0.7274366316682574,0.9460836909871243,0.9618320610687023,1.0,0.4272757255936675,0.7004386585538418,0.7725769524294074,0.6615384615384615,0.7080560018361258,0.625611302300308,0.3971942751877568,0.8273616699628911,0.5445877020606651,0.8980038828583539,0.6132416253485099,7,0.720798720057605,243
Y.S.R.,Andhra Pradesh,0.8828996282527881,0.9921011058451816,0.9974498469908194,0.7946466506160601,0.9392410616363237,0.7469991721854304,0.41164921465968585,0.3533118798605524,0.5563270265578892,0.6016140865737345,0.9179447852760737,0.7924399563318777,0.8313713013044861,0.9034334763948499,0.9927480916030536,1.0,0.7194920844327176,0.8859487760011321,0.8496565759348768,0.5517386722866174,0.778517328436998,0.6462597355551531,0.4942610174295026,0.8922229109211005,0.5681693985855871,0.9039985651268534,0.7036963128681426,7,0.7670217968754209,129
Kurnool,Andhra Pradesh,0.7125154894671623,0.996208530805687,0.9639578374702481,0.6265401501203797,0.7618995393726694,0.7467922185430462,0.30055628272251306,0.26521855725395543,0.35879187641034543,0.5462215700660309,0.7684049079754601,0.7127456331877728,0.7412238837628592,0.8429452789699571,0.8539440203562342,0.8631624674196351,0.45646437994722966,0.7300127352483374,0.8865428644110913,0.21243414120126444,0.7186137250401653,0.29161383807281294,0.35043219498370415,0.8013189609631987,0.44783863888566094,0.8028042567392918,0.5208734112720864,7,0.6432088169650595,428
Anantapur,Andhra Pradesh,0.8816604708798017,0.9876777251184834,0.9795987759265555,0.5949582212151254,0.8533669664400088,0.7459644039735098,0.40821335078534027,0.23665862161437376,0.3527165422669675,0.5011005135730008,0.945333041191937,0.7371724890829695,0.6601972637607381,0.8603809012875537,0.9325699745547076,0.9758181291630466,,0.6828923164001699,0.9361485627066904,0.5194942044257113,0.6589396373651595,0.3946748777395399,0.5629871050021256,0.8405377605922474,0.4888044138863238,0.8332277515698031,0.6258561172732328,6,0.6971065108304018,306
Chittoor,Andhra Pradesh,0.8901280462618754,0.9917851500789888,0.9738184291057462,0.6426851720719446,0.8556701030927834,0.7192673841059601,0.5026178010471203,0.3584070796460176,0.5129317826766187,0.2762289068231842,0.941498685363716,0.7359443231441047,0.6460918443101071,0.9234173819742488,0.9631043256997455,0.9645236026643498,,0.6998726475166267,0.8784024421266853,0.7070600632244467,0.7622217121872848,0.6243434160478174,0.5754569930565396,0.845559047452883,0.5183368511113313,0.8466162955585113,0.7078928790265667,6,0.7296012682873231,220
Tawang,Arunachal Pradesh,0.9035522511358942,0.9911532385466034,0.9960897653859231,0.7429542557711374,0.8717920596622065,0.3347475165562914,0.3350785340314136,0.34379190131402515,0.7930914771741017,0.9482758620689655,0.8732471516213848,0.7308951965065501,0.3526354862657758,0.3307403433476395,0.7987277353689569,0.8530263538951636,0.4645448548812665,0.8050091976793547,0.6245230221317731,0.6373024236037934,0.9394078494376865,0.9661293243977541,0.08317982145387565,0.8067148478430094,0.6586969852419781,0.6132050230768172,0.6457280705122149,7,0.6810862316685049,340
West Kameng,Arunachal Pradesh,0.9450640231309377,0.9210110584518167,0.9959197551853112,0.8446395694660813,0.880894933099364,0.3843129139072848,0.5741164921465968,0.4019844462322337,0.7837181044957473,0.9497432134996331,0.8934049079754601,0.25668668122270744,0.24636758935199915,0.1866952789699571,0.9181933842239185,0.8845931074428034,,0.7414744587519457,0.745103027219537,0.7667017913593255,0.5708056001836126,0.8864336170983518,0.4089556468754428,0.8286403755401325,0.7205934328699342,0.49850720824227707,0.6865790235813692,6,0.6835800100584283,335
East Kameng,Arunachal Pradesh,0.6142090045435769,0.5665086887835704,0.8908534512070724,0.6558561110324317,0.4481245887255977,0.24730960264900664,0.38547120418848163,0.24456958970233306,0.5398368338830064,0.7046955245781364,0.8400525854513585,0.20933406113537112,0.262594124509492,0.38505901287553645,0.694147582697201,0.7148856067187953,0.35405672823219,0.572378661383897,0.8153141694225389,0.5256059009483667,0.7388111085609363,0.8719434884984604,0.6210854470738274,0.5704769078235427,0.5429251475606632,0.4532040775872792,0.6427422148743167,7,0.5523370869614505,601
Papum Pare,Arunachal Pradesh,0.4915324246179264,0.9595576619273302,0.8791227473648419,0.6579804560260587,0.7972143013818819,0.26686672185430466,0.6482329842931936,0.4942343791901313,0.5585835792397154,0.7817314746881878,0.9498247151621385,0.16471069868995633,0.3703468024180719,0.3786212446351931,0.847201017811705,0.804807413843035,0.3522427440633245,0.6793547474175747,0.882727041465276,0.6510010537407798,0.8969474408997016,0.8469480166636479,0.5965707807850361,0.6753790521953906,0.6865214265146733,0.5131374354795922,0.7008274035764773,7,0.6439663294415334,427
Upper Subansiri,Arunachal Pradesh,0.5640231309376291,0.5879936808846761,0.9104046242774567,0.7320492848038523,0.26497038824303576,0.21047185430463575,0.42064790575916233,0.24403325288281041,0.5372331192501302,0.5161408657373442,0.9201358457493426,0.11353711790393013,0.294304804327076,0.42623390557939916,0.7067430025445294,0.7298001737619462,0.47971635883905017,0.44545068628838264,0.8499109641312643,0.5020021074815595,0.8230433784714253,0.7824669443941316,0.4968116763497237,0.5449854939085476,0.5276381978757579,0.4541238008233762,0.6256288737079337,7,0.5380940915789039,611
Upper Siang,Arunachal Pradesh,0.5766212308963239,0.9829383886255922,0.9969398163889832,0.885285370344144,0.3039043649923229,0.34612996688741726,0.5852421465968587,0.28358809332260654,0.7040444367297345,0.7410124724871607,0.9070990359333917,0.3846888646288209,0.3144554035422632,0.4218079399141631,0.6944020356234097,0.6922965537214016,,0.5565303523418709,0.8417705418468583,0.6373024236037934,0.815698875372963,0.9125158485781562,0.6301544565679468,0.6819698563557973,0.6441972370139505,0.5015301594860118,0.7323287497185982,6,0.6400065006435894,434
Changlang,Arunachal Pradesh,0.9512598099958695,0.8467614533965246,0.6905814348860931,0.7514516357456451,0.27933757402939235,0.4075951986754967,0.638089005235602,0.22673639045320462,0.7092518659954868,0.6687454145267793,0.8803680981595092,0.5278384279475983,0.45158553399087914,0.6009924892703862,0.6825699745547074,0.7284969591659427,0.5206134564643801,0.714305928965615,0.967438310862376,0.7230769230769231,0.72802386963507,0.6765078790074263,0.42737707241037276,0.6544978511215036,0.6246381548741163,0.5982966769859027,0.6796204914888805,7,0.6392632936176008,435
Lower Subansiri,Arunachal Pradesh,0.7938868236266005,0.9314375987361769,0.9683781026861612,0.7585327857244016,0.5724939679754332,0.24110099337748345,0.625,0.4868597479216947,0.7220968581843429,0.9262655906089508,0.9166301489921121,0.36913209606986896,0.3682256867112101,0.5741684549356222,0.8698473282442749,0.8929916015059368,,0.6026602518749116,0.83719155431188,0.6305584826132771,0.8395685104429653,0.9838797319326209,0.6098908884795239,0.7109717120210428,0.73537046914142,0.6148730334933826,0.7506249032758632,6,0.7029600294829271,290
Dibang Valley,Arunachal Pradesh,0.9277158199091284,0.3437598736176938,1.0,0.9311712222064863,0.4458214520728229,0.2849751655629139,0.6418520942408377,0.3964869938321265,0.6405137996875542,0.9754218635363169,0.875,0.46875,0.3820129388058119,0.5533798283261803,0.8157760814249365,0.8275412684622069,,0.4320079241545211,0.901551767997965,0.9216016859852476,0.6864815239843929,0.8409708386161928,0.09805866515516509,0.6555739222281741,0.7058549502593671,0.609492023403827,0.6467787343155808,6,0.6544249075517372,402
Lower Dibang Valley,Arunachal Pradesh,0.8471705906650143,0.5067930489731438,0.9918395103706221,0.8588018694235944,0.5348760693134459,0.36879139072847683,0.7028795811518325,0.5134084204880665,0.7606318347509113,0.9431401320616287,0.9561787905346187,0.4096615720524018,0.46940290592851835,0.4511802575107296,0.8743002544529263,0.9093541847668694,0.5679419525065963,0.5609169378802886,0.9285169168150598,0.9768177028451,0.9277025476245123,0.9550806013403369,0.623069292900666,0.6847120799123828,0.7752477517974115,0.6227798349422891,0.7914351359875086,7,0.718543700659898,252
Anjaw,Arunachal Pradesh,0.8851714167699297,0.8859399684044235,0.7723563413804828,0.8154652315536043,0.2237332748409739,0.16887417218543047,0.4792212041884817,0.2039420756234915,0.6215934733553203,0.814380044020543,0.8799298860648554,0.35043668122270744,0.2965319758192809,0.41335836909871243,0.7194656488549619,0.6956269910222995,,0.4404980897127495,0.7631645891630627,0.7808219178082191,0.773927014000459,0.839884078971201,0.543715459827122,0.6252567341891407,0.5998133366505385,0.49508393320359245,0.6903351915804689,6,0.6026222989059351,507
East Siang,Arunachal Pradesh,0.6670797191243287,0.9140600315955767,0.9535872152329139,0.773969692678091,0.48069752138626887,0.3037044701986755,0.7388743455497383,0.5626173236792705,0.7411907654921022,0.8316214233308877,0.8659070990359334,0.18490720524017462,0.3171067981758405,0.41282188841201717,0.8834605597964377,0.8440486533449175,,0.5633224847884534,0.7840244212668532,0.7584826132771336,0.9061280697727795,0.9438507516754211,0.623069292900666,0.6821831083693092,0.7480421914175863,0.5284690209938775,0.7631462722802178,6,0.6804601482652477,341
Kra Daadi,Arunachal Pradesh,0.8496489054109871,0.9902053712480252,0.9972798367902075,0.8500212434499365,0.7646413687212107,0.2361341059602649,0.27323298429319365,0.18503620273531773,0.5688248567956952,0.5282465150403522,0.8862839614373357,0.4930403930131005,0.14752359741223883,0.13371781115879827,0.6633587786259544,0.7241529105125978,,0.8586387434554975,0.8478758585601627,0.6703898840885142,0.8870782648611429,0.8665096902735012,0.47513107552784467,0.7813218052634388,0.4883249040603789,0.432358698144538,0.7676039194611105,6,0.6174023317323666,478
Kurung Kumey,Arunachal Pradesh,0.8634861627426683,0.9747235387045815,0.9964297857871474,0.6952273049143182,0.5337793375740294,0.12706953642384106,0.6192735602094241,0.2823813354786805,0.6563096684603368,0.7193690388848129,0.9571647677475899,0.2581877729257642,0.42157174673878456,0.5017435622317596,0.6076335877862595,0.5613958876339414,,0.28951464553558803,0.8814551004833376,0.6619599578503688,0.7567133348634382,0.8790074261909074,0.46889613150063764,0.698452611024431,0.6468996741561688,0.47010651146330185,0.656257766070713,6,0.6179291406786536,477
Lohit,Arunachal Pradesh,0.8552251135894258,0.965560821484992,0.9469568174090445,0.7707123636878629,0.606163632375521,0.3179842715231788,0.5698625654450263,0.3171091445427728,0.6528380489498351,0.8019075568598679,0.9053461875547765,0.5533569868995634,0.3738466433343939,0.5537821888412017,0.8758269720101782,0.8885027512308138,,0.644120560350927,0.8087000763164589,0.7618545837723919,0.8106495294927702,0.8960333272957797,0.6093240753861414,0.7437671700116709,0.6494127006704556,0.6490631084632301,0.7551136921024115,6,0.699339167811942,300
Longding,Arunachal Pradesh,0.7674514663362246,0.9191153238546603,0.36195171710302615,0.7677382806967853,0.15134898003948233,0.23447847682119205,0.5449934554973821,0.1890587288817377,0.863218191286235,0.9192956713132796,0.912248028045574,0.5387554585152838,0.3735284759783646,0.43106223175965663,0.5484732824427482,0.49348392701998256,0.21965699208443273,0.378661383896986,0.988552531162554,0.9454162276080084,0.6293321092494836,0.8804564390508965,0.8092673940768031,0.5336807074752284,0.6857628150048416,0.4770606751432071,0.6930490110184521,7,0.5973883021604323,520
Namsai,Arunachal Pradesh,0.7899628252788103,0.8878357030015799,0.8900034002040123,0.649624699051126,0.2203334064487826,0.30742963576158944,0.46695026178010474,0.11517833199249129,0.5363652143725047,0.5854732208363903,0.9233128834355828,0.4814410480349345,0.3288789903489235,0.35246781115879827,0.5368956743002545,0.5485085432956849,0.4586081794195251,0.6354888920333949,0.9559908420249301,0.6718651211801896,0.8186825797567133,0.8092736823039306,0.5148079920646167,0.6241982782909835,0.5254559824834149,0.4496384134277191,0.6949596126833286,7,0.5735630717213616,569
Siang,Arunachal Pradesh,0.5855018587360596,0.9883096366508687,0.9369262155729344,0.8774961053675118,0.20826935731520071,0.2582781456953642,0.7977748691099477,0.4958433896486993,0.8272869293525429,0.983125458547322,0.9796231375985978,0.33447052401746724,0.28391133736345314,0.41697961373390563,0.7595419847328244,0.7494931943237765,,0.5743597000141504,0.9320783515644874,0.8286617492096944,0.8239614413587331,0.9701141097627242,1.0,0.6424635532229899,0.8167307568514219,0.5088793308342854,0.8548625586516315,6,0.7057340498900821,282
Tirap,Arunachal Pradesh,0.8168112350268483,0.9611374407582938,0.8947636858211493,0.8133408865599775,0.45854354025005484,0.30722268211920534,0.5970222513089006,0.356663984982569,0.7910085054678008,0.8517975055025679,0.8730280455740578,0.45005458515283836,0.3321667196945593,0.334093347639485,0.6213740458015267,0.6213437590501013,0.4447559366754617,0.6410074996462433,0.8074281353345205,0.46343519494204427,0.7863208629791142,0.8395218257562036,0.6672807141844976,0.7086365784225882,0.6939040585671792,0.47180649146770215,0.6642500242168694,7,0.6346492881685847,450
West Siang,Arunachal Pradesh,0.6259809995869475,0.6274881516587676,0.9840190411424686,0.8284945475145163,0.5321342399649046,0.26293460264900664,0.643324607329843,0.438321265754894,0.6721055372331193,0.8272193690388848,0.9363496932515337,0.316457423580786,0.27638137660409373,0.48913626609442057,0.8036895674300254,0.8198667825079641,,0.5238432149426915,0.9208852709234292,0.7612223393045311,0.7564838191416112,0.8358992936062308,0.7070993339946153,0.6435085970861019,0.703464094521655,0.5411062832434579,0.7509055453188515,6,0.6597461300425166,389
Kokrajhar,Assam,0.939281288723668,0.8085308056872037,0.7840870452227133,0.6084124061747629,0.38067558675148055,0.5073468543046358,0.574770942408377,0.18691338160364704,0.3714632876236764,0.5858400586940573,0.696319018404908,0.5554039301310043,0.3454236928624456,0.5815450643776825,0.7698473282442748,0.7390674775557486,0.19294195250659635,0.35616244516768086,0.9129992368354108,0.5477344573234985,0.631627266467753,0.49320775221880103,0.2951679183789145,0.671388997810744,0.48306133774693316,0.5982574986342312,0.48997728984266503,7,0.5606712810086434,591
Goalpara,Assam,0.9745972738537794,0.6701421800947869,0.842400544032642,0.6524571590426287,0.3032463259486729,0.7241307947019866,0.5801701570680629,0.1311343523732904,0.27495226523173055,0.5106382978723405,0.6110867659947414,0.53125,0.42104146781206914,0.6514216738197425,0.9025445292620865,0.9154358528815523,0.5105540897097625,0.42960237724635636,0.8028491477995421,0.4571127502634351,0.5450998393389948,0.48867958703133496,0.49298568796939213,0.6944957129457494,0.42159636770803316,0.68433870475509,0.5324119256226882,7,0.5832106777578903,549
Barpeta,Assam,0.9175960346964066,0.6483412322274884,0.9683781026861612,0.48732474153802574,0.3295678876946698,0.597578642384106,0.5921138743455499,0.24215607401448108,0.30411386911994437,0.48055759354365374,0.5785495179666958,0.4889465065502183,0.4160568459009439,0.6117221030042919,0.842239185750636,0.8200115841297422,0.25164907651715035,0.2936182255553984,0.9562452302213178,0.6497365648050579,0.6543493229286207,0.6549538127150879,0.4538755845260025,0.658131106871143,0.439498185798065,0.6357952450671664,0.5592039738955193,7,0.5731571279079735,572
Morigaon,Assam,0.9339116067740603,0.6676145339652451,0.9080244814688881,0.4687721285936837,0.317503838561088,0.6350372516556292,0.655759162303665,0.14548136229552155,0.32147196667245265,0.5759354365370506,0.6617002629272568,0.5141921397379913,0.3986636971046771,0.576716738197425,0.8511450381679391,0.8546191717347233,0.5611807387862797,0.4635630394792699,0.8636479267361995,0.3662802950474184,0.7328436997934359,0.5781561311356639,0.5975627036984554,0.655143973503099,0.47206963814718933,0.6390673569885512,0.5947477906681033,7,0.5902571898267357,534
Lakhimpur,Assam,0.9723254853366377,0.9118483412322274,0.680720843250595,0.6370202520889393,0.30116253564378154,0.6810844370860927,0.7405104712041884,0.382274068114776,0.36938031591737547,0.6995597945707996,0.7777169149868536,0.4735262008733625,0.501749920458161,0.5732296137339056,0.9511450381679389,0.9539530842745437,0.4894459102902376,0.5309183529078818,0.9058763673365555,0.46596417281348784,0.6839568510442966,0.5075167542111937,0.3704123565254357,0.6973603157730456,0.5938883129587986,0.6907207715015823,0.5648701093041556,7,0.6367098773843956,445
Dhemaji,Assam,0.9659231722428747,0.8423380726698264,0.9192451547092826,0.5878770712363689,0.14213643342838342,0.6796357615894039,0.7014070680628273,0.4027889514615178,0.4438465544176358,0.6034482758620691,0.7228308501314636,0.6801310043668122,0.6130024392830629,0.6425697424892705,0.8377862595419847,0.8766290182450044,0.8303100263852242,0.5180416018112353,0.9765962859323327,0.49378292939936774,0.6832683038788157,0.6649157761275132,0.3176987388408672,0.68952594431269,0.5748643399871026,0.7300236927852269,0.6406590946250509,7,0.6587682679275176,392
Tinsukia,Assam,0.8374638579099545,0.8641390205371249,0.9462767766065965,0.5298116414105652,0.35380565913577533,0.6091680463576159,0.5220876963350786,0.1614373826763207,0.6559625065092866,0.7762289068231842,0.7218448729184925,0.6056222707423581,0.6233959062466857,0.6522263948497854,0.7790076335877862,0.7562988705473501,,0.45040328286401593,0.8761129483591962,0.5856691253951527,0.6089052100068855,0.5475457344683935,0.41249822870908315,0.6901108336596055,0.5675122730524725,0.6833102151947932,0.5801890883004545,6,0.6302806025518314,459
Dibrugarh,Assam,0.8742255266418835,0.8224328593996839,0.9670180210812649,0.6520322900439032,0.3962491774511954,0.5967508278145696,0.6214005235602094,0.26883883078573334,0.6004165943412603,0.8235509904622158,0.779031551270815,0.6749454148471615,0.7559656379255488,0.7660944206008583,0.912086513994911,0.9325224442513756,,0.4102164992217349,0.8524548460951412,0.7013698630136986,0.6286435620840027,0.5509871400108676,0.41150630579566394,0.7181181170720835,0.6186476980840467,0.8083228863239711,0.5925297027035182,6,0.684404601045905,332
Golaghat,Assam,0.812267657992565,0.8853080568720381,0.8928935736144169,0.6217249681348251,0.2688089493309936,0.7056084437086092,0.5975130890052357,0.19120407615982835,0.6399930567609791,0.6515040352164344,0.677475898334794,0.6794486899563319,0.6509704104358892,0.651824034334764,0.8773536895674302,0.8857515204170286,,0.47587377953870114,0.7977613838717884,0.7234984193888303,0.6619233417489098,0.6679949284549901,0.2882244579849795,0.6977686082755747,0.5515380310954543,0.7490696689422888,0.6025460518313664,6,0.6502305900361711,412
Dima Hasao,Assam,0.8965303593556381,0.8695102685624014,0.1524991499489969,0.7725534626823398,0.4339767492871243,0.6283112582781457,0.8035013089005235,0.3856261732367926,0.7137649713591391,0.801540719002201,0.7705959684487292,0.44500545851528384,0.45094919927882066,0.6558476394849785,0.8669211195928755,0.8819866782507964,,0.5075703976227537,0.8211650979394556,0.6326659641728134,0.5604773927014001,0.7370041659119724,0.31727362902083034,0.6255635413524411,0.6950058281894771,0.660142019024551,0.5960261078948709,6,0.644184374115335,426
Cachar,Assam,0.9178025609252374,0.42274881516587703,0.04437266235974158,0.4022093187933721,0.37672735248958106,0.5869205298013245,0.6312172774869111,0.16398498256905333,0.48168720708210383,0.6892883345561261,0.5379053461875548,0.35030021834061137,0.3004560398769753,0.43374463519313305,0.7353689567430026,0.713871995366348,0.5113786279683378,0.571671147587378,0.8929025693207835,0.6731296101159114,0.3984392930915768,0.4377830103242166,0.4775400311747201,0.45846353992252215,0.5008166295763499,0.5067483691040141,0.5661206127975607,7,0.5080372878501116,649
Karimganj,Assam,0.9634448574969022,0.5914691943127961,0.3582114926895614,0.45616768163149707,0.339986839219127,0.6549048013245033,0.68815445026178,0.08018235451863767,0.5197014407220968,0.636463683052091,0.5592681858019282,0.3891921397379913,0.4074663272881536,0.5229345493562232,0.6991094147582697,0.685490877497828,0.5885554089709762,0.6688835432290932,0.8059018061561944,0.6642781875658588,0.0,0.17207027712370948,0.444523168485192,0.5606974777790646,0.49675402287130677,0.5408386617276932,0.4777446273615749,7,0.5190086974349098,636
Hailakandi,Assam,0.9299876084262702,0.7225908372827804,0.0,0.43563234669310297,0.29194998903268254,0.543046357615894,0.7131871727748691,0.15701260391525873,0.42822426662037844,0.61995597945708,0.518624014022787,0.6990993449781658,0.41117827977516175,0.5882510729613735,0.7840966921119594,0.7797567332754127,0.4825197889182059,0.7433139946228952,0.8702620198422792,0.37407797681770283,0.5926095937571724,0.36116645535229136,0.5105568938642482,0.48720118984178845,0.4874008073580747,0.6524764246204147,0.5620723890249707,7,0.5472877027113121,604
Bongaigaon,Assam,0.9000413052457662,0.903949447077409,0.9206052363141788,0.6123778501628666,0.4521824961614389,0.5841266556291391,0.6079842931937174,0.20112630732099757,0.27686165596250656,0.4361702127659575,0.6604951796669589,0.5294759825327512,0.3133948456888323,0.43039163090128757,0.8031806615776083,0.8421662322618012,0.4711411609498682,0.5306353473892741,0.8885779699821927,0.3036880927291885,0.6387422538443884,0.49012859989132407,0.25931699022247406,0.7288804984317997,0.4365275297820276,0.5837218705924561,0.5117472021441014,7,0.5652192752375962,584
Chirang,Assam,0.9853366377529947,0.9289099526066351,0.8660319619177151,0.6775244299674268,0.39306865540688746,0.6243791390728477,0.537794502617801,0.12644140520246716,0.4645026905051206,0.4963316214233309,0.60056967572305,0.4039301310043668,0.553293032134903,0.46673819742489264,0.7919847328244276,0.7529684332464524,0.5227572559366755,0.5129475024762984,0.8397354362757569,0.37744994731296094,0.6557264172595823,0.41097627241441775,0.3551084030041094,0.7458751294540845,0.445127979094354,0.5937829053270084,0.5249573192399717,7,0.5774358332788547,561
Kamrup,Assam,0.8213548120611317,0.8341232227488152,0.8663719823189392,0.5594108483217675,0.5352050888352708,0.4748551324503311,0.6708115183246073,0.34312148028962175,0.6191633396979691,0.42333088774761557,0.5850131463628396,0.4185316593886463,0.4507370877081345,0.48953862660944203,0.8095419847328246,0.8340573414422242,0.39957124010554096,0.516909579736805,0.8722971254133809,0.8002107481559536,0.7626807436309389,0.7732294874117007,0.3196825846677058,0.681886847789376,0.5282880744845306,0.6004813399762543,0.6349402155888608,7,0.6113991194597554,492
Kamrup Metropolitan,Assam,0.9014869888475837,0.9759873617693521,0.7825569534172049,0.508993060473021,0.8384514147839438,0.45891970198675497,0.7756871727748692,0.4753285063019575,0.6205519875021698,0.6309611151870874,0.8496932515337423,0.6996451965065502,0.6840598154629335,0.6789163090128755,0.8614503816793895,0.8569359976831741,,0.3881420687703411,0.8682269142711778,0.7428872497365647,0.6837273353224697,0.6770512588299221,0.21439705257191452,0.7443992468796434,0.6704444066599653,0.7562015400689844,0.5957386465837317,6,0.6916959600480812,316
Nalbari,Assam,0.9405204460966544,0.8338072669826223,0.9921795307718464,0.5506302223481094,0.4656722965562623,0.5315604304635762,0.7408376963350785,0.37570394207562335,0.5120638777989932,0.6834189288334557,0.7154907975460123,0.6050764192139737,0.5466115176582882,0.6551770386266095,0.8959287531806615,0.8751810020272226,,0.4372435262487619,0.9079114729076572,0.6979978925184405,0.7493688317649758,0.6464408621626516,0.34717301969675496,0.7190616988698452,0.6055030485178327,0.7155949461413511,0.6310226008832069,6,0.667795573603059,371
Baksa,Assam,0.9562164394878149,0.9396524486571881,0.8262495749744985,0.5622433083132701,0.2914016231629743,0.7019867549668873,0.5922774869109947,0.19013140252078303,0.5677833709425447,0.5502567865003669,0.6383654688869412,0.4739355895196506,0.5477781312970622,0.5376877682403433,0.8712468193384223,0.8856067187952504,0.512862796833773,0.40130182538559506,0.8524548460951412,0.4096944151738672,0.71149873766353,0.5143995652961421,0.239195125407397,0.7129583582604387,0.5077629031523261,0.6632510054381457,0.520201044550778,7,0.6010433278504221,512
Darrang,Assam,0.935976869062371,0.6682464454976303,0.995239714382863,0.5468064013595808,0.2357973239745558,0.5432533112582781,0.6045484293193717,0.1865111289890051,0.25776774865474744,0.4112252384446075,0.5862182296231375,0.41157205240174666,0.3512567610563156,0.3795600858369098,0.8016539440203563,0.8121922965537214,0.29287598944591026,0.29276920899957554,0.9465784787585856,0.3913593256059009,0.4824420472802387,0.5312443397935157,0.40668839450191296,0.6542200109225466,0.4092541550061739,0.55124702797381,0.47770825491223423,7,0.5231073622036911,634
Udalguri,Assam,0.9184221396117306,0.8587677725118484,0.699421965317919,0.631355332105934,0.2786795349857425,0.7183360927152317,0.5140706806282722,0.13703405738803967,0.4440201353931609,0.8294203961848862,0.5811787905346188,0.32450873362445415,0.4820235443843462,0.37741416309012876,0.823791348600509,0.8243556327830872,,0.36394509692939014,0.9180870007631646,0.5654373024236037,0.6132660087215975,0.5404817967759464,0.2539322658353408,0.6841638062080677,0.5011448120257956,0.566418684496505,0.5425249119081739,6,0.5735630536596354,570
Biswanath,Assam,0.9739776951672862,0.7200631911532386,0.5952057123427406,0.6710097719869709,0.2892081596841412,0.6953642384105959,0.49983638743455505,0.1261732367927058,0.5615344558236416,0.6702127659574468,0.6808720420683612,0.20319323144104803,0.4468130236504401,0.4235515021459227,0.799618320610687,0.776426295974515,0.4426121372031663,0.48011886231781525,0.9058763673365555,0.37702845100105375,0.4803764057837962,0.38742981343959426,0.22162391951254073,0.6574714614574956,0.507725777615342,0.5299204747645225,0.4707237080849317,7,0.5414603554805729,607
Charaideo,Assam,0.8843453118546056,0.7361769352290681,0.9387963277796669,0.6612377850162868,0.20497916209695108,0.6596647350993379,0.5453206806282723,0.1684097613301153,0.6078805762888386,0.859501100513573,0.6567703768624015,0.6513373362445415,0.6381376604093754,0.6110515021459226,0.8500000000000001,0.8620040544454097,,0.43172491863591345,0.7509539557364538,0.4564805057955742,0.5620840027541887,0.5004528165187466,0.3658778517783762,0.6808667095126527,0.5675764991246401,0.7225061106490498,0.5112623418698755,6,0.6205529152890545,472
Dhubri,Assam,0.9262701363073111,0.7614533965244867,0.9438966337980279,0.4612661096162018,0.35216056152665054,0.6025455298013246,0.5058900523560209,0.09157951193349421,0.11855580628363128,0.1786500366837858,0.43908851884312006,0.3217794759825327,0.35210520733906037,0.3149141630901287,0.5441475826972011,0.5502461627570229,0.5323218997361477,0.32672987123248903,0.7501907911472908,0.25500526870389884,0.6086756942850585,0.4459337076616556,0.31741533229417607,0.6745987279290003,0.26675278522001045,0.4166385183731891,0.462324652151531,7,0.45507867091843274,684
Hojai,Assam,0.9721189591078068,0.8843601895734599,0.9988099285957158,0.48010196855969417,0.47620092125466107,0.6859478476821191,0.7303664921465968,0.1268436578171091,0.46346120465197016,0.42626559060895086,0.6117440841367222,0.35957969432314413,0.49825007954183903,0.5226663090128755,0.7716284987277354,0.7603533159571387,0.2653364116094987,0.3488043016838829,0.887560417196642,0.44973656480505786,0.8113380766582511,0.6163738453178772,0.5483916678475272,0.7495899691289094,0.47173620587226983,0.5824955795125465,0.5610773264455339,7,0.5912247702398149,532
Jorhat,Assam,0.8504750103263116,0.8436018957345971,0.7606256375382523,0.7239767738280698,0.4354025005483659,0.609478476821192,0.7606348167539267,0.39340305711987117,0.5676097899670197,0.5253118121790169,0.7447414548641543,0.7096069868995633,0.6638031604624032,0.7579130901287553,0.9553435114503818,0.9623515783376775,0.4914248021108179,0.33125795953021087,0.8389722716865938,0.46217070600632243,0.7473031902685334,0.5290708205035319,0.30253648859288657,0.7039267157994648,0.5983401861767977,0.8098036654557562,0.5289623198141281,7,0.6602582218115367,386
Karbi Anglong,Assam,0.8562577447335813,0.9058451816745654,0.6526691601496089,0.6503328140490016,0.27177012502741826,0.5478062913907286,0.6573952879581152,0.223384285331188,0.5464329109529595,0.6665443873807777,0.754601226993865,0.5248362445414847,0.6317743132887899,0.4287821888412017,0.6802798982188296,0.6853460758760498,0.4116094986807387,0.24706381774444608,0.9447977613838717,0.6111696522655427,0.707137938948818,0.6183662380003623,0.39705257191441135,0.6474468861708174,0.5696716197233811,0.5902037441532711,0.5624567827054558,7,0.5924447581882313,530
Majuli,Assam,0.960140437835605,0.7939968404423382,0.976538592315539,0.5152244724543267,0.11756964246545293,0.6174461920529801,0.7323298429319371,0.3769106999195494,0.55806283631314,0.61995597945708,0.7307186678352323,0.6790393013100436,0.719906670908898,0.6519581545064378,0.8764631043257,0.9058789458441935,0.6474274406332454,0.4890335361539551,0.9084202493004324,0.5304531085353004,0.7782878127151711,0.7275855823220432,0.319257474847669,0.6634860295943737,0.6035956052913878,0.7666492353790546,0.6286378863582595,7,0.6655921891557689,374
Nagaon,Assam,0.9834779016935151,0.8255924170616116,0.9340360421625298,0.5218807534343579,0.328580829129195,0.6026490066225165,0.6518324607329843,0.11437382676320727,0.261065787189724,0.4512105649303008,0.5441498685363716,0.6382368995633189,0.5841552656697422,0.497049356223176,0.7922391857506362,0.8079930495221546,0.31118073878627966,0.2892316400169804,0.7784278809463241,0.45774499473129604,0.6582510901996786,0.543742075710922,0.3806149922063199,0.6993694916839543,0.4045265016305176,0.6639347513458056,0.4884562017996858,7,0.5640717366149909,586
Sivasagar,Assam,0.9403139198678232,0.9061611374407583,0.8750425025501531,0.7508851437473447,0.40502303136652773,0.6157905629139072,0.7859947643979058,0.44864574953070524,0.5162298212115952,0.5319148936170213,0.7338957055214723,0.8025382096069869,0.8116449252306713,0.6553111587982833,0.9395674300254453,0.936432088039386,,0.5303523418706665,0.8700076316458917,0.7272918861959957,0.6190039017672712,0.6602064843325485,0.39705257191441135,0.7488693829810859,0.60333618685574,0.8290987623401544,0.6339858029544642,6,0.7038225337828611,288
Sonitpur,Assam,0.9169764560099134,0.6284360189573459,0.7087725263515812,0.6077042911768873,0.40732616801930244,0.6805670529801324,0.6267997382198952,0.14279967819790826,0.583058496788752,0.7611885546588407,0.599364592462752,0.30622270742358076,0.4362074451161311,0.5177038626609443,0.7899491094147583,0.7505068056762235,0.5201187335092349,0.4416301117871799,0.8913762401424575,0.5045310853530031,0.8014689006196924,0.7341061401919942,0.3692787303386708,0.6582970855825271,0.5426422120656296,0.5601179860583276,0.6089299917060332,7,0.5924968188531294,529
South Salmara Mancachar,Assam,0.9504337050805451,0.3510268562401263,0.9687181230873851,0.42104517773686445,0.21781092344812455,0.693398178807947,0.40674083769633507,0.09774738535800483,0.2237458774518313,0.19295671313279536,0.5683610867659947,0.4615174672489083,0.3284547672075511,0.5053648068669527,0.6400763358778626,0.7014190558934259,0.4363456464379946,0.5419555681335788,0.8628847621470364,0.45774499473129604,0.6841863667661235,0.6252490490853106,0.36729488451183223,0.6004054940668321,0.29791038008099224,0.5273664866189401,0.5679516102590246,7,0.4984084927564473,656
West Karbi Anglong,Assam,0.9058240396530359,0.8334913112164298,0.05967358041482485,0.6717178869848465,0.09936389559113842,0.640728476821192,0.5773887434554974,0.10847412174845804,0.629578198229474,0.7791636096845195,0.7516432953549518,0.3987445414847161,0.44925230671333116,0.41282188841201717,0.6502544529262088,0.7754126846220677,0.14149076517150394,0.20716003962077265,0.8282879674383109,0.4164383561643835,0.5696580215744779,0.5665640282557508,0.2331018846535355,0.5351331984469113,0.5692495936945801,0.5372971748316682,0.42324300898267636,7,0.516230743988959,639
Pashchim Champaran,Bihar,0.4120198265179678,0.79304897314376,0.995579734784087,0.19869706840390886,0.2501645097609125,0.19463990066225167,0.22791230366492146,0.10673102708500935,0.3219927095990279,0.5403521643433603,0.37456178790534617,0.39069323144104806,0.22303531657651926,0.4336105150214592,0.7385496183206108,0.6876629018245005,0.37450527704485487,0.4944106410074997,0.4383108623759858,0.36122233930453107,0.7984851962359422,0.5817786632856368,0.48051579991497806,0.47402500221214794,0.31430999851953306,0.4947103166368276,0.5041755398813469,7,0.4468052143124639,686
Purba Champaran,Bihar,0.3562577447335811,0.8369668246445499,0.9977898673920436,0.2703583061889251,0.38999780653652116,0.18863824503311258,0.1889725130890052,0.08702064896755161,0.14528727651449397,0.5326485693323552,0.3591148115687993,0.26091703056768556,0.1833704528582034,0.25214592274678105,0.5103053435114504,0.528236316246742,0.4770778364116096,0.34045563888495833,0.6591198168404987,0.2423603793466807,0.715859536378242,0.4443035681941677,0.4887345897690236,0.5066681324214556,0.26260876389444104,0.3469950131861725,0.481130195117883,7,0.39935052615498806,700
Sheohar,Bihar,0.6379595208591491,0.9251184834123222,1.0,0.40603313978190053,0.24884843167361262,0.17560016556291394,0.22742146596858637,0.09908822740681145,0.3992362437076896,0.8804108584005869,0.5320990359333918,0.49754366812227074,0.2223989818644607,0.4856491416309013,0.67264631043257,0.6673906747755575,0.38835751978891814,0.44884675251167405,0.7789366573390996,0.5515279241306639,0.29010787238925867,0.3647889875022641,0.31699022247413916,0.5655932902149831,0.42765116628341326,0.509125755365152,0.4485079908765739,7,0.4877195506850306,663
Sitamarhi,Bihar,0.5650557620817843,0.7810426540284359,0.9940496429785788,0.3032148420903555,0.3495284053520508,0.20229718543046357,0.2149869109947644,0.07468490211853045,0.18850893942023952,0.520909757887014,0.4256134969325153,0.42917576419213976,0.16884081026620001,0.3507242489270386,0.5465648854961832,0.5592238633072691,0.44953825857519797,0.4608744870524976,0.32332739760875095,0.13551106427818754,0.7300895111315125,0.3905089657670712,0.36063483066458835,0.5325314153269448,0.28494080147061274,0.41090591443776614,0.4072120735825438,7,0.40889755120446686,698
Madhubani,Bihar,0.6090458488228003,0.9554502369668247,1.0,0.12703583061889254,0.34382540030708486,0.18625827814569537,0.23805628272251306,0.17270045588629657,0.319909737892727,0.6269258987527514,0.5327563540753725,0.5622270742358078,0.3236822568671121,0.45520386266094415,0.6656488549618321,0.6892557196640603,0.5727242744063326,0.6681760294325741,0.2309844823200204,0.364172813487882,0.7094330961670875,0.47763086397391785,0.3467479098767181,0.536935932476883,0.3780697458659321,0.5392035536779514,0.4814099242377904,7,0.4839047890646392,667
Supaul,Bihar,0.336018174308137,0.9143759873617696,0.9950697041822508,0.3039229570882312,0.06964246545295022,0.1351407284768212,0.057918848167539255,0.035130061678734226,0.029508765839264067,0.37490829053558333,0.5117221735319895,0.44637008733624456,0.28189627744193446,0.47921137339055786,0.75,0.7018534607587604,0.5639841688654353,0.32602235743597,0.0,0.3854583772391991,0.5109019967867799,0.31479804383263904,0.4511832223324359,0.45902833614502675,0.20183762795062207,0.5318662397854995,0.3646211666417799,7,0.3893383426307321,701
Araria,Bihar,0.17038413878562578,0.880252764612954,1.0,0.04248689987253935,0.07194560210572494,0.18946605960264903,0.08262434554973817,0.04250469294717082,0.09685818434299598,0.512839325018342,0.303680981595092,0.20906113537117904,0.22770177113161522,0.28822424892703863,0.5701017811704835,0.5700839849406314,0.36691952506596304,0.4191311730578747,0.5866191808700076,0.22592202318229712,0.5542804682120726,0.2646259735555153,0.27844693212413213,0.39242257749658216,0.2077015058906678,0.37303458430818953,0.3851350394382661,7,0.3395734267834264,707
Kishanganj,Bihar,0.47005369681949616,0.8666666666666667,1.0,0.327573998017278,0.07282298749725817,0.07139900662251655,0.15428664921465968,0.018637704478412447,0.3653879534802985,0.6320616287600882,0.34060035056967575,0.15433951965065504,0.1354332378831265,0.21190987124463515,0.4227735368956744,0.49131190269331027,0.4610817941952505,0.36394509692939014,0.767997964894429,0.46069546891464697,0.5542804682120726,0.3852562941496106,0.39705257191441135,0.46808605927053587,0.3021948573006269,0.2831536136734803,0.4843299513156873,7,0.3844411203900826,702
Purnia,Bihar,0.45249896736885575,0.7598736176935231,0.9937096225773545,0.09049709672850877,0.1170212765957447,0.09333609271523179,0.14594240837696337,0.07548940734781442,0.11161256726262801,0.2138664710198093,0.46844872918492547,0.0,0.07179976667727224,0.215799356223176,0.6039440203562342,0.6265566174341152,0.38489445910290243,0.534455921890477,0.6848130246756551,0.36037934668071653,0.5102134496212991,0.2773048360804202,0.38897548533371124,0.41782277894653647,0.2030719166384281,0.30361995213815957,0.4487195033407403,7,0.3433085377659661,706
Katihar,Bihar,0.6053283767038414,0.7484992101105847,0.9857191431485889,0.21682481234952555,0.09124808071945602,0.07471026490066224,0.18144633507853397,0.0835344596406543,0.14320430480819302,0.4112252384446075,0.44686678352322523,0.1990993449781659,0.11602502916534098,0.2253218884120171,0.578498727735369,0.6198957428323197,0.5654683377308708,0.32135276637894444,0.7298397354362758,0.35131717597471024,0.5632315813633234,0.2591921753305561,0.4239761938500779,0.4537216479887766,0.2532554242990428,0.34776814662464256,0.45919685229496554,7,0.3784855178018569,703
Madhepura,Bihar,0.21065675340768283,0.903949447077409,0.9872492349540972,0.07647641977057078,0.05198508444834393,0.08681705298013244,0.14774214659685866,0.12912308930008043,0.0975525082450963,0.23734409391049163,0.44785276073619634,0.37431768558951967,0.17509810160144237,0.3289967811158798,0.6812977099236642,0.668693889371561,0.5389182058047495,0.4011603226262913,0.6532688883235818,0.3015806111696523,0.6297911406931375,0.3421481615649339,0.3933682868074253,0.3861889987730394,0.21192291975774466,0.44568083352041343,0.465747945284253,7,0.37738517433386265,704
Saharsa,Bihar,0.5008261049153242,0.911216429699842,1.0,0.15975074352074783,0.18183812239526212,0.12075745033112582,0.07411649214659688,0.09841780638240816,0.1147370248220795,0.13903154805575946,0.38113496932515334,0.1157205240174672,0.07742072330045603,0.18253755364806865,0.6232824427480916,0.6070083984940632,0.5413918205804749,0.42365926135559645,0.7763927753752227,0.27038988408851417,0.6323158136332339,0.3568194167723239,0.3716876859855463,0.47906480847705035,0.16148756814639947,0.3211939284416293,0.48180809397013036,7,0.3608885997588024,705
Darbhanga,Bihar,0.7125154894671623,0.9124802527646131,0.995749744984699,0.2758816031723552,0.36225049352928274,0.2502069536423841,0.17637434554973824,0.1222847948511665,0.21767054330845337,0.6232575201760822,0.5347283085013147,0.3479803493449782,0.21752041573867856,0.34334763948497854,0.6170483460559798,0.6505936866492905,0.44376649076517144,0.4666761001839536,0.6369880437547698,0.3197049525816649,0.6603167316961212,0.41912696975185654,0.37608048745926037,0.5848474229267494,0.33486310247735096,0.43529808745478116,0.47466568231325684,7,0.45741857379303463,682
Muzaffarpur,Bihar,0.6323833126807106,0.8919431279620853,0.9981298877932676,0.3673700608978898,0.3611537617898662,0.12489652317880795,0.3990510471204189,0.270581925449182,0.42961291442457905,0.7002934702861336,0.6474583698510078,0.4040665938864629,0.2526248806872415,0.41483369098712447,0.6502544529262088,0.6844772661453807,0.5865765171503959,0.4293193717277487,0.627830068684813,0.37913593256059014,0.6447096626118889,0.5015395761637386,0.43701289499787443,0.5626461123837712,0.4893995454262643,0.4812513769264837,0.5151605748424357,7,0.5121144023947387,644
Gopalganj,Bihar,0.747831474597274,0.8808846761453398,0.9986399183951037,0.43704857668885433,0.337135336696644,0.11982615894039735,0.40428664921465973,0.2589165996245641,0.5146675924318694,0.7226705796038152,0.6036371603856266,0.36626637554585145,0.24944320712694876,0.3882778969957082,0.8208651399491096,0.8265276571097596,0.6014182058047494,0.5896419980189614,0.8448232002035105,0.5574288724973657,0.6095937571723663,0.6004347038579968,0.5583108969817203,0.5868943569106022,0.500835716252107,0.5302760553454755,0.6230930906480958,7,0.5602748047890702,592
Siwan,Bihar,0.7203634861627426,0.851184834123223,0.9967698061883713,0.261577680215267,0.4324413248519412,0.07295115894039735,0.5284685863874347,0.3385626173236792,0.6304461031070995,0.9053558327219369,0.5159947414548641,0.4737991266375546,0.2746844840386043,0.5228004291845493,0.8264631043256999,0.8105994787141616,0.6062005277044855,0.2951747559077402,0.5990842024930044,0.5049525816649104,0.6851044296534313,0.5721789530882088,0.4472155306787587,0.5558813817469904,0.5837655761990029,0.5816693245801139,0.5299872830272199,7,0.5628258913883317,587
Saran,Bihar,0.4446509706732755,0.7984202211690365,0.995579734784087,0.11202379266392863,0.3094976968633472,0.08547185430463576,0.4410994764397906,0.2941807455081791,0.5445235202221836,0.7743947175348496,0.5505039439088518,0.24617903930131002,0.2797751617350726,0.39055793991416304,0.6561068702290077,0.6972198088618593,0.537434036939314,0.321635771897552,0.5957771559399644,0.4413066385669125,0.44135873307321555,0.3155225502626336,0.36361059940484636,0.4576073784097184,0.520940480722771,0.45396776400828254,0.4309493551549197,7,0.4658662445739229,678
Vaishali,Bihar,0.6175134242048741,0.8878357030015799,0.986229173750425,0.33083132700750606,0.35424435183154196,0.12769039735099338,0.3895615183246073,0.272995441137034,0.22131574379448013,0.7043286867204697,0.6517309377738825,0.2783842794759825,0.21380846325167036,0.43562231759656644,0.7656488549618321,0.780191138140747,0.5214379947229553,0.4005943115890761,0.6194352582040193,0.47102212855637515,0.6522836814321782,0.43506611121173705,0.25988380331585664,0.55072406285782,0.4479864655500947,0.4947310106853597,0.4799604698617425,7,0.49335050223875426,659
Samastipur,Bihar,0.7622883106154481,0.8650868878357032,0.9758585515130908,0.2765897181702309,0.3016012283395481,0.1851200331125828,0.256053664921466,0.17270045588629657,0.13608748481166458,0.4526779163609685,0.5469982471516214,0.3689956331877729,0.20330894050270443,0.3642703862660945,0.7885496183206107,0.7641181581233709,0.5283641160949869,0.5184661100891468,0.729585347239888,0.3500526870389884,0.6130364929997705,0.3553704039123348,0.40087856029474284,0.5610907882644339,0.31290355382640345,0.4978485472801107,0.4993933882385512,7,0.46780906940237477,676
Begusarai,Bihar,0.6222635274679883,0.8789889415481833,0.9838490309418565,0.4672142755983571,0.4016231629743364,0.125,0.3879253926701571,0.27447036739072134,0.14112133310189207,0.5568598679383713,0.6787905346187556,0.27592794759825323,0.18241595079011558,0.4513143776824034,0.8217557251908398,0.7914856646394439,0.43519129287598945,0.42068770341021655,0.6985499872805901,0.4815595363540569,0.6199219646545788,0.48433254845136753,0.29686835765906194,0.579823156421787,0.4078334991439795,0.5045799331802112,0.49101591295512304,7,0.49581312542527517,658
Khagaria,Bihar,0.3143329202808756,0.8255924170616116,0.9795987759265555,0.5068687154793939,0.2692476420267602,0.1496274834437086,0.2162958115183246,0.17471171895950655,0.22148932477000519,0.4468085106382979,0.45771253286590713,0.24945414847161573,0.13861491144341923,0.39230150214592274,0.6711195928753182,0.7442803359397626,0.41754617414248035,0.5019102872506015,0.6466547952175019,0.5435194942044257,0.522607298599954,0.4705669262814708,0.4028624061215815,0.5075446590364843,0.30340357975040827,0.4391540981752077,0.5008096259740022,7,0.4377279907340256,689
Bhagalpur,Bihar,0.4659231722428749,0.8268562401263823,0.9658279496769805,0.4489449086531653,0.4447247203334064,0.1564569536423841,0.4410994764397906,0.28868329310807184,0.26471098767575074,0.4765223771093177,0.732581069237511,0.36844978165938863,0.24668575670802842,0.3892167381974249,0.7095419847328245,0.6737619461337967,0.45234168865435365,0.26503466817602944,0.7234800305265836,0.43540569020021064,0.6164792288271747,0.3977540300670169,0.23777809267394076,0.5514556574458656,0.4407194407140883,0.47753124148629256,0.4468962041607584,7,0.4791506359517512,669
Banka,Bihar,0.45952085914911195,0.8805687203791469,0.9372662359741585,0.12675258461974223,0.2602544417635447,0.12924254966887416,0.28026832460732976,0.12013944757307586,0.14233639993056765,0.2975055025678651,0.5929009640666083,0.6061681222707422,0.29038074026938165,0.6347907725321889,0.7428753180661579,0.7161888213147988,0.804419525065963,0.21763124380925436,0.8249809208852709,0.2923076923076922,0.48473720449850816,0.30103242166274236,0.25053138727504615,0.46560089859242965,0.28663012774908936,0.5980807548906538,0.45366291364349676,7,0.4509936737189174,685
Munger,Bihar,0.6852540272614623,0.9497630331753554,0.9615776946616796,0.4757116555728651,0.5569203772757183,0.14579884105960264,0.5055628272251309,0.41338160364709026,0.39854191980558934,0.648569332355099,0.7829754601226994,0.578056768558952,0.34393891186764236,0.7477199570815452,0.9139949109414759,0.8883579496090357,0.5613456464379948,0.24239422668742047,0.6308827270414653,0.5302423603793466,0.49024558182235484,0.41496105777938785,0.30012753294601113,0.6291709381677805,0.5498062286311217,0.6944136996117303,0.45288559044199733,7,0.5815691142131575,554
Lakhisarai,Bihar,0.4785212722015696,0.9361769352290681,0.9425365521931317,0.31596091205211724,0.3723404255319149,0.14393625827814568,0.3156086387434555,0.219361759184768,0.026557889255337634,0.524578136463683,0.6156879929886065,0.5431222707423581,0.2511400996924382,0.5598175965665236,0.6918575063613233,0.65537214016797,0.48763192612137213,0.20333946511956982,0.7540066140931061,0.3782929399367756,0.5145742483360111,0.3138924107951459,0.25846677058240053,0.5315787259143245,0.3403588833271701,0.5402619227061226,0.4157434821406259,7,0.4569857535220608,683
Sheikhpura,Bihar,0.6476662536142089,0.9137440758293838,0.9733083985039104,0.35292451494122645,0.3470059223513928,0.08888658940397351,0.2684882198952879,0.19656744435505497,0.19927095990279461,0.6258253851797506,0.6501971954425941,0.5792849344978165,0.25442782903807404,0.6995708154506438,0.8625954198473285,0.880683463654793,0.7155343007915568,0.21720673553134293,0.7685067412872042,0.14878819810326663,0.7284829010787239,0.44810722695163924,0.21864815077228292,0.553922625774016,0.38806984095509645,0.6553124924977312,0.46361060778800234,7,0.5152288917537114,641
Nalanda,Bihar,0.44774886410574155,0.9639810426540284,0.981298877932676,0.32983996601048016,0.3551217372230752,0.12055049668874172,0.2858311518324607,0.20380799141861086,0.27182780767227904,0.6349963316214233,0.6104294478527608,0.5238810043668122,0.26460918443101067,0.7048015021459227,0.7494910941475827,0.7842455835505356,0.5913588390501319,0.23531908872223017,0.6840498600864919,0.3793466807165437,0.46362175809042927,0.2847310269878646,0.21496386566529688,0.5330901641024571,0.401378546079507,0.6054056737283727,0.4076273027598555,7,0.48687542166754816,664
Patna,Bihar,0.4547707558859974,0.9687203791469196,0.9789187351241075,0.4500778926497664,0.61406010089932,0.09333609271523179,0.47513089005235604,0.40265486725663713,0.5384481860788057,0.6287600880410859,0.7179009640666082,0.345796943231441,0.14381164492523069,0.4573497854077253,0.8618320610687025,0.7312481899797277,0.28430079155672827,0.4373850290080657,0.7644365301450013,0.5504741833508956,0.4721138397980262,0.41206303205940953,0.42681025931699024,0.5933139927368903,0.5525789990990986,0.5080077249225654,0.478226237890731,7,0.5330317386623213,617
Bhojpur,Bihar,0.39549772821148294,0.9339652448657187,0.9948996939816389,0.23551904829344283,0.37563062075016446,0.08774834437086093,0.41721204188481664,0.28117457763475456,0.4591216802638431,0.8041085840058694,0.5705521472392637,0.22407205240174674,0.3088344469190794,0.41832081545064376,0.8333333333333334,0.8194323776426297,0.3717018469656992,0.18098202914956843,0.6995675400661409,0.4206533192834563,0.384897865503787,0.33236732476000724,0.3939350999008076,0.5038767800788847,0.5064338062057094,0.5207986051494865,0.3977292893756381,7,0.48220962020242975,668
Buxar,Bihar,0.5272614622057001,0.9535545023696683,0.9967698061883713,0.3274323750177029,0.3952621188857205,0.1064776490066225,0.48331151832460734,0.2642799678197908,0.46537059538274606,0.7362435803374908,0.5241016652059597,0.4806222707423581,0.2447767525718528,0.5631706008583691,0.8657760814249366,0.8637416739067478,0.5880606860158311,0.3243243243243244,0.7349274993640295,0.4419388830347734,0.34106036263484046,0.30918311900018114,0.3845826838599971,0.551126318945631,0.49466146541411893,0.6036174759008529,0.4462967940334253,7,0.523925513573507,630
Kaimur (Bhabua),Bihar,0.5431639818256918,0.8951026856240129,0.9653179190751444,0.4226030307321909,0.2239526211888572,0.17508278145695366,0.44895287958115193,0.21252346473585407,0.5299427182780767,0.9038884812912692,0.550065731814198,0.49222161572052403,0.22505037649803794,0.7595225321888412,0.7879134860050891,0.7978569359976833,0.8161279683377308,0.566577048252441,0.9216484355125922,0.347945205479452,0.4767041542345651,0.27495019018293787,0.34122148221623916,0.5375371699838085,0.52907465514011,0.6125129892820351,0.5350249263165654,7,0.5535374351806297,599
Rohtas,Bihar,0.46137959520859156,0.9519747235387047,0.9928595715742944,0.5623849313128453,0.42509322219785034,0.165976821192053,0.6202552356020943,0.3883078573344059,0.47335532025689986,0.8330887747615554,0.6969763365468887,0.5259279475982532,0.3166825750344681,0.8052575107296137,0.8610687022900765,0.8732985809441066,0.782981530343008,0.6233196547332674,0.909692190282371,0.43519494204425707,0.3718154693596512,0.2568375294330737,0.3562420291908743,0.5932781441707232,0.6023967049003688,0.6764470633193036,0.5337261921980718,7,0.6014620261471169,510
Aurangabad,Bihar,0.4919454770755887,0.9273301737756715,0.9994899693981639,0.2532219232403342,0.3324193902171529,0.14693708609271522,0.47382198952879584,0.3120139447573075,0.5259503558409998,0.7307410124724871,0.6541411042944786,0.3718613537117904,0.26460918443101067,0.625,0.7134860050890587,0.7771503040834057,0.8308047493403693,0.5156360549030706,0.8186212159755787,0.40842992623814545,0.34725728712416803,0.2485057054881363,0.38344905767323223,0.5252240032999378,0.5393336813788138,0.5504213694630531,0.5075291423918143,7,0.5306270491334047,619
Gaya,Bihar,0.3938455183808345,0.9342812006319116,0.986569194151649,0.2148420903554737,0.28602763763983324,0.08857615894039736,0.3403141361256544,0.22968624296057924,0.2565526818260719,0.735509904622157,0.7014680105170903,0.5030021834061135,0.21964153144554036,0.6377414163090129,0.7020356234096693,0.6765131769475817,0.7531332453825857,0.2772039054761568,0.8694988552531162,0.27881981032665953,0.544181776451687,0.34287266799492844,0.26682726370979165,0.4840236333500166,0.4527061952103105,0.5477867863035836,0.4760767892278465,7,0.4901483510229393,661
Nawada,Bihar,0.2949194547707559,0.9178515007898896,0.9872492349540972,0.26455176320634477,0.3523799078745339,0.07181291390728477,0.38448952879581155,0.3171091445427728,0.2480472140253428,0.6537050623624358,0.6242331288343559,0.5891102620087335,0.28910807084526463,0.6596030042918455,0.7447837150127227,0.7027222704894295,0.5786609498680739,0.13881420687703416,0.914525566013737,0.23561643835616436,0.6848749139316043,0.4544466582140917,0.31373104718719,0.4814607959171511,0.4455168157121438,0.5970654645295992,0.4743813972068422,7,0.4996061183414341,655
Jamui,Bihar,0.34820322180916974,0.9333333333333333,0.8381502890173411,0.11797195864608415,0.34667690282956787,0.1359685430463576,0.16492146596858637,0.0943952802359882,0.09998264190244746,0.4365370506236244,0.5956397896581946,0.6477893013100438,0.3558171598260685,0.5600858369098712,0.6614503816793894,0.6051259774109471,0.44574538258575197,0.03820574501202773,0.9463240905621979,0.3702845100105374,0.6577920587560248,0.45100525267161756,0.19271645175003552,0.45338404144697564,0.2782952456777682,0.566053731427264,0.4431533559068847,7,0.4352215936147232,691
Jehanabad,Bihar,0.4855431639818258,0.9769352290679304,0.995749744984699,0.23042062030873814,0.2812020179864005,0.12448261589403972,0.40215968586387435,0.2270045588629659,0.27790314181565695,0.5608950843727073,0.48762050832602977,0.43777292576419213,0.13861491144341923,0.7073497854077253,0.8614503816793895,0.8298580944106574,0.5097295514511873,0.5798783076269988,0.7148308318494022,0.4080084299262381,0.26325453293550605,0.19271871037855462,0.4756978886212272,0.5157222320372722,0.3911165958482469,0.5950092197410767,0.44915975039844497,7,0.4877519495062602,662
Arwal,Bihar,0.3773234200743493,0.9162717219589256,0.9976198571914314,0.20082141339753581,0.22691379688528185,0.1490066225165563,0.39168848167539266,0.2585143470099222,0.34959208470751607,0.6779163609684521,0.5014241893076249,0.42358078602620086,0.3197581928094177,0.6058208154506437,0.7348600508905853,0.7554300608166812,0.7397757255936676,0.4287533606905335,0.6598829814296617,0.3159114857744995,0.2584347027771402,0.1709835174787177,0.42057531528978326,0.4779928053373468,0.43582709273378156,0.5678899811987057,0.42775958414771476,7,0.4773673658543872,671
Chandigarh,Chandigarh,0.9512598099958695,0.9952606635071088,0.9850391023461409,0.7894065996317803,0.9563500767712217,0.3216059602649006,0.725785340314136,0.6169214266559399,0.8312792917896199,0.9721203228173146,0.0,0.7644650655021834,0.7888429313819068,0.8809012875536482,0.9601781170483461,0.9569939183318853,,0.6383189472194708,0.8898499109641314,0.7441517386722866,0.9093412898783567,0.7574714725593191,0.5795663879835624,0.8331537020861702,0.6292212763154021,0.8702762639635939,0.7531166245461879,6,0.7714419667278386,116
Koriya,Chhattisgarh,0.9314332920280877,0.9225908372827804,0.7895273716422986,0.6245574281263279,0.23634568984426407,0.6374172185430463,0.6295811518324607,0.3130866183963529,0.6026731470230863,0.818048422597212,0.6246713409290096,0.5921124454148471,0.6963622865627319,0.7137875536480687,0.7550890585241731,0.8288444830582103,0.7864445910290238,0.7679354747417576,0.9702365810226405,0.6004214963119073,0.6876291025935277,0.5538851657308459,0.5547683151480799,0.6903119729111341,0.5976121361556243,0.7172391654416062,0.7030458180825405,7,0.6770522731477262,350
Jashpur,Chhattisgarh,0.9376290788930195,0.9437598736176935,0.810098605916355,0.6170514091488459,0.06744900197411713,0.8219163907284768,0.5968586387434555,0.2860016090104585,0.6193369206734942,0.7978723404255319,0.6516213847502191,0.40993449781659386,0.46887262700180293,0.7748122317596566,0.8170483460559796,0.6895453229076166,0.904188654353562,0.8882128201499931,0.9666751462732128,0.5224446786090621,0.7124168005508378,0.5216446295960877,0.5858013320107694,0.6996507267130846,0.5903381787206319,0.63204260510833,0.728769151649075,7,0.6627001655477803,379
Raigarh,Chhattisgarh,0.9423791821561337,0.969036334913112,0.958007480448827,0.5248548364254355,0.23184908971265628,0.673944536423841,0.6112565445026177,0.3311879860552426,0.7996875542440549,0.9515774027879678,0.6618098159509203,0.42781113537117904,0.5414147841764768,0.8666845493562232,0.8438931297709926,0.794092093831451,0.8494393139841689,0.8614687986415737,0.9521750190791146,0.45353003161222327,0.7599265549690154,0.6227132765803297,0.46478673657361486,0.7166785766800009,0.6711038607081606,0.6947791385012645,0.7091485330628629,7,0.6979275272380723,305
Korba,Chhattisgarh,0.8870301528294093,0.9345971563981045,0.6975518531111866,0.6244158051267527,0.2948014915551656,0.6147557947019868,0.6379253926701571,0.31523196567444345,0.8743273737198403,0.9545121056493031,0.6183172655565293,0.31864082969432317,0.47703892247322094,0.6947424892703863,0.6870229007633589,0.6838980596582682,,0.6592613555964342,0.8651742559145257,0.5468914646996839,0.7649759008492081,0.6241622894403188,0.45245855179254646,0.6755253756204342,0.6800628206540547,0.5722686403719115,0.6521539697154528,6,0.6450027015904634,424
Janjgir - Champa,Chhattisgarh,0.9175960346964066,0.9851500789889416,0.9530771846310778,0.7014587168956239,0.17734152226365432,0.7535182119205297,0.6285994764397905,0.3175113971574148,0.8234681478909911,0.8705062362435803,0.7631463628396143,0.5016375545851528,0.6200021211157069,0.8182671673819742,0.8249363867684479,0.8777874312192296,0.7612137203166226,0.837130324041319,0.8435512592215721,0.5934668071654372,0.5375258205187056,0.5825031697156313,0.3036701147796515,0.7480236248993725,0.6806463241142782,0.7285261322141023,0.63700874510842,7,0.6985512065840432,302
Kabeerdham,Chhattisgarh,0.9719124328789757,0.9854660347551345,0.963447806868412,0.7225605438323185,0.17931563939460407,0.7340645695364238,0.4779123036649215,0.25462590506838295,0.734768269397674,0.9442406456346295,0.6001314636283962,0.5577237991266375,0.5783221974758723,0.912285407725322,0.8946564885496183,0.9050101361135244,0.9243073878627968,0.8355737936889771,1.0,0.4777660695468915,0.8264861142988296,0.6362977721427278,0.3971942751877568,0.7594611712109781,0.6023357174788009,0.7695996057981949,0.7282322018182829,7,0.7149071740765641,261
Rajnandgaon,Chhattisgarh,0.993184634448575,0.9778830963665086,0.9797687861271677,0.706982013879054,0.20651458653213425,0.824399834437086,0.7167866492146596,0.3385626173236792,0.9345599722270439,0.9471753484959647,0.7112182296231376,0.730349344978166,0.7605260366953016,0.8792918454935622,0.9426208651399492,0.953229076165653,0.8512532981530344,0.9027876043582852,0.925973034851183,0.6956796628029503,0.6561854487032361,0.5689186741532332,0.21212980019838454,0.7814554919650876,0.729660563376897,0.8532034336945264,0.6875610747457582,7,0.7629701409455673,143
Mahasamund,Chhattisgarh,0.9698471705906652,0.9494470774091629,0.9801088065283917,0.7787848746636455,0.23875849967098045,0.7762831125827814,0.5566099476439791,0.23652453740949314,0.8354452352022218,0.9545121056493031,0.577344434706398,0.5881550218340611,0.6515006893626047,0.8605150214592274,0.9095419847328247,0.946133796698523,0.704485488126649,0.8635913400311307,0.8710251844314424,0.5013698630136986,0.7812715170989213,0.6623800036225322,0.27844693212413213,0.7822049235742711,0.6320872521222791,0.7911693028174482,0.6660814754926438,7,0.7178857385016606,254
Dhamtari,Chhattisgarh,0.9921520033044198,0.9968404423380729,0.9848690921455288,0.8579521314261436,0.24435183154200482,0.8865894039735098,0.737729057591623,0.36631804773397686,0.8986287102933518,0.9640498899486427,0.8124452234881683,0.47625545851528384,0.7003924064057695,0.7962714592274678,0.9268447837150127,0.9500434404865334,,0.9251450403282865,0.9648944288984991,0.6356164383561643,0.6926784484737204,0.6060496286904546,0.39917812101459543,0.8271258174549466,0.7558341858111525,0.7699615096700134,0.7039270176269534,6,0.7642121326407665,136
Uttar Bastar Kanker,Chhattisgarh,0.9690210656753407,0.9823064770932068,0.9775586535192112,0.7258178728225464,0.18984426409300287,0.8659975165562913,0.6519960732984293,0.35746849021185295,0.9067870161430308,0.9717534849596479,0.7877957931638913,0.707150655021834,0.7799342454130873,0.8371781115879827,0.9245547073791348,0.8955980306979439,,0.8993915381349937,0.9198677181378785,0.7544783983140146,0.540050493458802,0.47672523093642455,0.4707382740541307,0.7850909749599332,0.7351601715553704,0.8288831500199965,0.6768752755060407,6,0.7565023930103351,157
Narayanpur,Chhattisgarh,0.8273440726972325,0.6856240126382306,0.8388303298197891,0.3335221639994335,0.11965343277034436,0.8478890728476821,0.24934554973821993,0.1728345400911772,0.8071515361916334,0.9068231841526045,0.5130368098159509,0.4615174672489083,0.5805493689680772,0.6966201716738197,0.6712468193384225,0.7460179554011004,0.6977242744063324,0.7813782368756192,0.8837445942508267,0.3557428872497366,0.6079871471195777,0.4145988045643905,0.12271503471730211,0.6088105141287853,0.5298383239979172,0.6311903565260657,0.5519844255976837,7,0.580455905062613,557
Bijapur,Chhattisgarh,0.7335811648079305,0.5835703001579777,0.9037742264535873,0.01968559694094322,0.10824742268041238,0.7489652317880794,0.1258180628272251,0.1419951729686243,0.6828675577156744,0.8077769625825386,0.4201358457493427,0.3650382096069869,0.5566868172658819,0.5366148068669527,0.5371501272264632,0.6206197509412105,0.6429749340369392,0.8112353190887225,0.8850165352327654,0.14288724973656483,0.6426440211154464,0.2943307371852925,0.2590335836757829,0.5163039904714884,0.43571872036868103,0.523221942381499,0.5254460542959305,7,0.5001726768793997,654
Balod,Chhattisgarh,0.9822387443205287,0.9898894154818327,0.991329479768786,0.7721285936836144,0.2706733932880017,0.8109478476821191,0.7535994764397905,0.4377849289353713,0.9434126019788232,1.0,0.8333698510078879,0.6333242358078603,0.8176901049952274,0.8839860515021458,0.9662849872773536,0.9876918621488562,,0.8894863449837273,0.9664207580768253,0.5700737618545837,0.7548772090888226,0.4787176236189096,0.38529120022672514,0.8028679123708137,0.7936333716723746,0.8577954483462886,0.6741444829749322,6,0.7821103038411023,94
Baloda Bazar,Chhattisgarh,0.9175960346964066,0.9756714060031597,0.911424685481129,0.7025917008922249,0.17821890765518753,0.6715645695364237,0.5957133507853404,0.3366854384553499,0.802117687901406,0.9016874541452679,0.5592681858019282,0.4497816593886463,0.4784176476826811,0.639887339055794,0.7218829516539441,0.7997393570807994,0.6259894459102902,0.7028442054620065,0.8809463240905622,0.4164383561643835,0.6580215744778518,0.5120449193986597,0.3926597704406973,0.7261778840440886,0.6390944234178585,0.6179417909723729,0.5984206565634931,7,0.6454086887494532,422
Balrampur,Chhattisgarh,0.889301941346551,0.9320695102685622,0.7354641278476708,0.3979606288061182,0.05044966001316079,0.6324503311258278,0.4615510471204189,0.24886028425851425,0.5729908002082972,0.6672780630961115,0.5696757230499562,0.6832696506550219,0.5062042634425707,0.7196888412017167,0.7314249363867685,0.8441934549666955,0.6060356200527705,0.7887363803594172,0.9712541338081913,0.5367755532139094,0.5749368831764976,0.4263720340518022,0.6433328609890888,0.6062826999013152,0.5040711835466596,0.6969562293305548,0.6496347808073824,7,0.614236223396478,486
Bastar,Chhattisgarh,0.7798430400660885,0.8988941548183254,0.8995239714382863,0.449653023651041,0.2516999341960956,0.7049875827814569,0.2621073298429319,0.15714668812013943,0.6998784933171325,0.7813646368305209,0.48575810692375115,0.4220796943231441,0.5378088874748117,0.5936158798283261,0.5361323155216285,0.6036779611931653,0.2963390501319261,0.848733550304231,0.5288730602900026,0.26385669125395145,0.6348404865733303,0.31081325846766894,0.20929573473147242,0.6641002844918822,0.4772510510068952,0.5386629476682152,0.441821690250369,7,0.5304589933543404,620
Bemetara,Chhattisgarh,0.986782321354812,0.989257503949447,0.9799387963277796,0.7256762498229714,0.11241500329019521,0.6439362582781457,0.581479057591623,0.2599892732636095,0.7375455650060754,0.8202494497432135,0.6047326906222612,0.697325327510917,0.5329303213490295,0.8931062231759657,0.9361323155216287,0.9118158123370981,0.8916556728232191,0.8705249752370173,0.9671839226659883,0.46912539515279233,0.7266467753041084,0.6295960876652781,0.4769732180813377,0.7396676888372252,0.6007992072453565,0.7942619999789278,0.7188151495613917,7,0.7133860114057253,265
Bilaspur,Chhattisgarh,0.8800082610491532,0.9560821484992101,0.8915334920095207,0.7255346268233962,0.36828251809607365,0.6127897350993378,0.5844240837696334,0.31885223920622147,0.8057628883874328,0.8092443140132062,0.6789000876424189,0.3565775109170306,0.45084314349347754,0.681464592274678,0.7384223918575064,0.7920648711265567,0.21668865435356202,0.4989387293052215,0.8692444670567285,0.7350895679662801,0.5510672481064953,0.6227132765803297,0.2457134759812952,0.7390384635961152,0.6394367226037826,0.6038745019338498,0.5342079170499875,7,0.6291394012959338,461
Dantewada,Chhattisgarh,0.9041718298223874,0.8704581358609796,0.9173750425025502,0.44243025067270925,0.2846018863785918,0.8386796357615893,0.19175392670157068,0.14212925717350494,0.7168894289185905,0.7560528246515039,0.5255258545135846,0.5324781659388647,0.6770601336302895,0.8045869098712446,0.8784987277353692,0.8359397625253403,0.6306068601583112,0.910287250601387,0.9392012210633427,0.3161222339304531,0.6582510901996786,0.2995834088027531,0.07949553634688959,0.7096194634998012,0.466470258391751,0.7457127399402217,0.5476496573004023,7,0.617363029783044,480
Durg,Chhattisgarh,0.9779016935150766,0.9864139020537123,0.9738184291057462,0.8529953264410141,0.7424873875849967,0.6814983443708609,0.7524541884816754,0.5241351568785195,0.9248394375976393,0.9765223771093177,0.8647020157756354,0.6108078602620087,0.6945593382118994,0.9294527896995709,0.958142493638677,0.970894874022589,0.7142150395778365,0.776284137540682,0.9491223607224625,0.4581664910432034,0.7144824420472803,0.6274225683752943,0.5444239761938501,0.869185847178568,0.8085306351685576,0.8327714711669489,0.6834452879286584,7,0.7984833103606832,72
Gariyaband,Chhattisgarh,0.9244114002478315,0.9601895734597155,0.9459367562053722,0.7327573998017279,0.09256415880675588,0.8140521523178806,0.5477748691099477,0.18999731831590236,0.8309321298385697,0.8672046955245781,0.542068361086766,0.4321779475982533,0.5671863400148478,0.8236319742489271,0.8417302798982188,0.781783955980307,0.7269129287598944,0.7660959388708081,0.9587891121851947,0.6674394099051633,0.5992655496901538,0.729759101612027,0.3056539606064901,0.7449852401398807,0.5955954747751528,0.6893020995481107,0.6791308573756759,7,0.6772534179597051,347
Kodagaon,Chhattisgarh,0.8624535315985131,0.9289099526066351,0.9790887453247195,0.7120804418637587,0.0411274402281202,0.8219163907284768,0.2868128272251309,0.14843121480289623,0.7960423537580281,0.8888481291269259,0.5373575810692376,0.5874727074235808,0.6330469827129069,0.7310890557939914,0.7292620865139949,0.7632493483927021,0.5074208443271767,0.8103863025328996,0.723988806919359,0.4851422550052686,0.5783796190039018,0.36641912696975193,0.2673940768031742,0.7242627503917038,0.5314984211964437,0.6888240361674353,0.5341615759373618,7,0.6196866959232362,474
Mungeli,Chhattisgarh,0.9372160264353572,0.9902053712480252,0.9651479088745325,0.728508709814474,0.1561745996929151,0.6915355960264901,0.4900196335078534,0.24886028425851425,0.6445061621246311,0.8877476155539252,0.6511831726555652,0.6404203056768559,0.6677272245200975,0.6640289699570815,0.6159033078880408,0.7561540689255719,0.6652374670184698,0.8522711192868262,0.9704909692190283,0.642149631190727,0.6963507000229515,0.575076978808187,0.47513107552784467,0.7447980353486323,0.5844633736200977,0.6688467753935294,0.6966725630105763,7,0.673695186843209,361
Raipur,Chhattisgarh,0.9481619165634034,0.983570300157978,0.9954097245834751,0.7748194306755418,0.5687650800614169,0.7840438741721854,0.6987892670157069,0.3553231429337623,0.8474223225134525,0.8785766691122524,0.6930324276950044,0.7655567685589519,0.6494856294410859,0.8509924892703862,0.8818066157760815,0.9391833188531711,0.5737137203166228,0.8628838262346117,0.9124904604426355,0.5983140147523709,0.6040853798485196,0.5442854555334179,0.2954513249256059,0.8424617210356669,0.6946287658540358,0.8174049643799354,0.6273177402933978,7,0.745453297890759,177
Sukma,Chhattisgarh,0.8325072284180091,0.9447077409162717,0.931315878952737,0.08908086673275743,0.06328142136433429,0.7963576158940396,0.03075916230366485,0.030437114507910958,0.6722791182086444,0.900953778429934,0.4337204206836109,0.44514192139737985,0.7384664333439388,0.7467811158798283,0.7610687022900764,0.7799015348971908,0.5601912928759895,0.7491156077543514,0.8743322309844824,0.3968387776606954,0.6169382602708287,0.45263539213910525,0.057814935525010595,0.6095417920463583,0.413629918826753,0.6942719415616827,0.529695213887209,7,0.5617847165805008,589
Surajpur,Chhattisgarh,0.908921933085502,0.9573459715639813,0.7169330159809587,0.6537317660388049,0.16823864882649703,0.7711092715231788,0.4851112565445026,0.22901582193617587,0.4049644159000173,0.83492296404989,0.5876424189307625,0.39574235807860264,0.47184218899140945,0.7784334763948497,0.8202290076335879,0.7095279467130031,0.6492414248021109,0.9392953162586671,0.9376748918850165,0.6961011591148577,0.6603167316961212,0.545191088570911,0.6291625336545275,0.6960467678364871,0.5083313754722697,0.6351549955622906,0.7224261637117445,7,0.640489825645698,433
Surguja,Chhattisgarh,0.9423791821561337,0.9766192733017379,0.9386263175790548,0.6588301940235096,0.17394165387146301,0.6621481788079471,0.5739528795811519,0.32354518637704466,0.686339177226176,0.76485693323551,0.5942156003505696,0.6008460698689956,0.5658076148053877,0.7840665236051502,0.8134860050890587,0.8467998841587026,0.7452176781002638,0.8320362247063819,0.9351310099211397,0.6575342465753424,0.7007114987376636,0.5765259916681761,0.6253365452741958,0.7254241332899743,0.5885819553540903,0.7222012195054589,0.7246418849975946,7,0.6902122982867795,322
Diu,Dadra and Nagar Haveli & Daman and Diu,1.0,0.9993680884676147,0.9947296837810268,0.856111032431667,0.8413029173064267,0.6501448675496688,0.8535667539267016,0.5240010726736389,0.9604235375802812,1.0,0.8796012269938651,0.810589519650655,0.915791706437586,0.9126877682403435,0.9446564885496184,0.9593107442803359,,0.7643979057591624,0.9699821928262529,0.5620653319283456,0.7041542345650676,0.612932439775403,0.46365311038685,0.8902760982560673,0.8435185182348974,0.9086072454317076,0.679530869206847,6,0.8304831827823799,26
Daman,Dadra and Nagar Haveli & Daman and Diu,0.9349442379182155,0.9854660347551345,0.9314858891533492,0.5357598073927206,0.9151129633691598,0.32833195364238416,0.7735602094240837,0.39219629927594524,0.6038882138517618,0.950476889214967,0.8502410166520595,0.4967248908296943,0.7017711316152296,0.8654774678111588,0.9667938931297712,0.9556907037358818,,0.7682184802603652,0.8771305011447469,0.6442571127502634,0.5242139086527428,0.5998913240355009,0.18378914552926168,0.7718501477051607,0.7140725256837633,0.7972916174243471,0.5995834120621468,6,0.7206994257188546,244
Dadra & Nagar Haveli,Dadra and Nagar Haveli & Daman and Diu,0.9653035935563815,0.9895734597156398,0.9109146548792928,0.47925223056224336,0.7207720991445492,0.5966473509933775,0.5598821989528795,0.2397425583266291,0.4796042353758028,0.797505502567865,0.959136722173532,0.7594159388646288,0.9178067663591049,0.90168991416309,0.9531806615776081,0.9723428902403708,1.0,0.8526956275647376,0.9465784787585856,0.3841938883034773,0.6222171218728483,0.3680492664372396,0.2933257758254216,0.7770772314752473,0.6071742434793417,0.9008872342409605,0.6381514512517585,7,0.7308225401118269,213
North Goa,Goa,1.0,1.0,0.9676980618837129,0.8284945475145163,0.9660013160780873,0.6589403973509934,0.8797447643979058,0.7827835880933225,0.8706821732338135,0.9002201027146002,0.9702015775635408,0.6592521834061135,0.9219429419874854,0.914297210300429,0.9945292620865139,0.979727772951057,,0.9466534597424652,0.9074026965148817,0.7679662802950473,0.6961211843011247,0.6618366238000364,0.57092248830948,0.903522387137885,0.8807264412006365,0.8939498741463197,0.7584837888271726,6,0.8591706228280034,13
South Goa,Goa,1.0,1.0,0.9833390003400203,0.8345843364962471,0.9610660232507128,0.6886382450331126,0.9024869109947645,0.7680343255564492,0.9323034195452179,0.8980190755685986,0.9584794040315512,0.4965884279475983,0.9723194400254533,1.0,1.0,1.0,,0.8559501910287253,0.9366573390994657,0.6807165437302423,0.6121184301124627,0.7487773953993843,0.6443247839025081,0.9112712675200155,0.8918646271393162,0.8937815735946103,0.746424113878798,6,0.860835395533185,12
Kachchh,Gujarat,0.9289549772821148,0.9734597156398104,0.9461067664059843,0.8013029315960912,0.6421364334283833,0.3434395695364239,0.6048756544502617,0.14119066773934028,0.6707168894289186,0.7905355832721936,0.5520376862401403,0.8527565502183406,0.8462191112525188,0.9246244635193133,0.9664122137404582,0.9653924123950188,0.508410290237467,0.6993066364794114,0.9185957771559399,0.4874604847207587,0.6380537066789075,0.5243615287085673,0.3807566954796656,0.7725667323148014,0.5518712962261708,0.91108095022513,0.5938493027801025,7,0.7073420703865512,278
Banas Kantha,Gujarat,0.9196612969847171,0.7200631911532386,0.8908534512070724,0.34867582495397254,0.40601008993200266,0.4119412251655629,0.4108311518324607,0.05417001877178869,0.3518486373893421,0.8136463683052091,0.48148553900087643,0.5693231441048036,0.5482023544384346,0.8197424892703862,0.9101781170483461,0.8937156096148277,0.06876649076517154,0.67992075845479,0.8046298651742559,0.4558482613277134,0.5177874684415883,0.3310994385075168,0.23366869774691806,0.6162008465660943,0.4223963430599354,0.7482323428953597,0.4416744257739934,7,0.5571259895738457,595
Patan,Gujarat,0.9630318050392399,0.9459715639810429,0.9896293777626658,0.6213000991360997,0.5923448124588725,0.5072433774834437,0.531413612565445,0.12054170018771787,0.3863912515188335,0.9167278063096111,0.5277169149868537,0.8171397379912664,0.8001909004136175,0.9212714592274678,0.9815521628498729,0.9575731248189979,0.6865105540897097,0.7655299278335929,0.8259984736708216,0.21285563751317177,0.6219876061510213,0.3646078608947655,0.2736290208303812,0.7699201726435607,0.4965582571136922,0.8955454770602446,0.5358741544262091,7,0.6744745153109266,359
Mahesana,Gujarat,0.92606361007848,0.9266982622432862,0.9491669500170011,0.6075626681773121,0.5980478175038385,0.40966473509933776,0.5963678010471204,0.25462590506838295,0.4391598680784586,0.8338224504768892,0.39198071866783524,0.45537663755458513,0.5538233110616184,0.7349785407725322,0.9650127226463104,0.8776426295974514,,0.7938304796943542,0.6291020096667516,0.6233930453108535,0.45604773927014003,0.38018474913964867,0.13461810967833354,0.7362006738532093,0.5031913486677373,0.7173667683264995,0.502862688793347,6,0.6149053699101983,484
Gandhinagar,Gujarat,1.0,0.9308056872037915,0.995239714382863,0.7840249256479253,0.7485194121517876,0.29584023178807944,0.7064790575916231,0.32528828104049334,0.4341260197882312,0.8158473954512105,0.6632340052585451,0.5887008733624454,0.706967865097041,0.8483100858369099,0.9721374045801527,0.844483058210252,,0.7577472760718836,0.6179089290256933,0.47502634351949413,0.4007344503098462,0.3218619815250861,0.20178546124415483,0.7924049951957411,0.5889949518260207,0.7921198574173601,0.46251074028269307,6,0.6590076361804538,391
Porbandar,Gujarat,0.9822387443205287,0.9921011058451816,0.9360761645698741,0.8001699475994901,0.7484097389778459,0.42404801324503316,0.7482002617801047,0.299410029498525,0.8271133483770179,0.9314013206162876,0.6897458369851008,0.9173034934497817,0.9300031816735602,0.9746512875536478,1.0,0.9419345496669562,,0.9825951606056319,0.8572882218265073,0.8948366701791359,0.6017902226302502,0.6676326752399927,0.24968116763497242,0.8138406190929923,0.6991741594514073,0.952778502468789,0.7089706863527484,6,0.7936909918414843,76
Amreli,Gujarat,0.9915324246179266,0.9886255924170616,0.96242774566474,0.6237076901288771,0.625137091467427,0.48209850993377484,0.631053664921466,0.18208635022794312,0.8175663947231384,0.9398385913426266,0.712751971954426,0.9222161572052403,0.9357301940820871,0.8327521459227467,0.8744274809160305,0.7271937445699391,,0.7444460166973256,0.911218519460697,0.5334035827186512,0.5581822354831306,0.5761637384531788,0.33286098908884804,0.7789215090383013,0.65665939463392,0.8584639445392087,0.6093791803169718,6,0.7258560071321004,231
Anand,Gujarat,0.9673688558446923,0.9352290679304899,0.995239714382863,0.7486191757541425,0.6198727791182276,0.36237582781456956,0.6101112565445026,0.24966478948779827,0.5148411734073945,0.7432134996331622,0.6615907099035934,0.6537936681222708,0.6350620426344257,0.8762070815450645,0.9486005089058526,0.9300608166811468,,0.9053346540257536,0.7016026456372424,0.4680716543730242,0.4459490475097544,0.2852744068103604,0.24259600396769168,0.7714509034741641,0.5558842857952901,0.808744823577752,0.5081380687206378,6,0.661054520391961,382
Dohad,Gujarat,0.8977695167286245,0.6616113744075832,0.8468208092485549,0.09474578671576266,0.19949550339986838,0.4046978476821192,0.28632198952879584,0.12778224725127377,0.4815136261065787,0.7300073367571533,0.39855390008764247,0.6667576419213974,0.7056951956729239,0.8350321888412017,0.9039440203562343,0.9013900955690703,0.44228232189973626,0.8194424791283432,0.6436021368608498,0.11106427818756577,0.4654578838650448,0.1695345046187285,0.11676349723678629,0.5175234730304188,0.4048358199462888,0.8025638284721655,0.3954495859710078,7,0.5300931768549703,621
Narmada,Gujarat,0.962825278810409,0.7690363349131122,0.9461067664059843,0.35858943492423173,0.24862908532572933,0.5165562913907285,0.4694044502617802,0.12054170018771787,0.48810970317653185,0.5590608950843727,0.47973269062226115,0.7557314410480349,0.8384770389224732,0.8350321888412017,0.7665394402035625,0.7716478424558356,0.7170184696569921,0.8582142351775861,0.8084456881200712,0.2830347734457323,0.5749368831764976,0.17315703676870137,0.03216664304945458,0.6336238652950325,0.42336988786653273,0.7934855902942215,0.492424818485005,7,0.5857260404851979,544
Bharuch,Gujarat,0.9650970673275506,0.9415481832543445,0.9529071744304659,0.6861634329415097,0.5653652116692256,0.37468956953642385,0.5793520942408378,0.24027889514615178,0.7089047040444368,0.8154805575935437,0.6014460999123575,0.5055949781659388,0.6503340757238307,0.7226394849785408,0.8872773536895676,0.8850275123081379,,0.7380783925286545,0.7161027728313406,0.41601685985247633,0.5409685563461097,0.30610396667270434,0.20461952671106698,0.7476284398599201,0.5890924701874656,0.7301746809732033,0.48698167915705876,6,0.6384693175444118,439
The Dangs,Gujarat,0.9512598099958695,0.8701421800947867,0.8505610336620196,0.6016145021951566,0.1620969510857644,0.4468129139072848,0.4960732984293194,0.09452936444086883,0.4756118729387259,0.5223771093176817,0.5329754601226994,0.8191866812227073,0.9104889171704316,0.7404774678111588,0.6749363867684479,0.6681146828844483,0.8571899736147758,0.8852412622046131,0.8707707962350547,0.4847207586933614,0.16364470966261194,0.16808549175873938,0.18548958480940914,0.6470812318234803,0.42431342104985903,0.7626408271714389,0.5164489395683665,7,0.5876211049032862,540
Navsari,Gujarat,1.0,0.9573459715639813,0.9557973478408706,0.7205778218382667,0.6751480587848212,0.42228890728476826,0.7436191099476439,0.4565567176186644,0.7269571254990452,0.8774761555392516,0.7497808939526731,0.9156659388646288,0.9580019090041361,0.9831008583690989,0.9905852417302802,0.9862438459310744,0.9173812664907651,0.962784774303099,0.8326125667769017,0.501159114857745,0.43722745008033054,0.34033689548994744,0.286524018704832,0.7885263512187847,0.7108780005114557,0.9667195587798435,0.611146583814803,7,0.7693176235812217,122
Valsad,Gujarat,0.9345311854605535,0.9567140600315954,0.9659979598775926,0.7940801586177596,0.7073919719236674,0.4080091059602649,0.7252945026178012,0.4289353714132475,0.6641208123589655,0.7633895818048423,0.8350131463628396,0.8451146288209607,0.9345635804433132,0.9400482832618026,0.9557251908396948,0.9782797567332754,0.8527374670184695,0.9779255695486062,0.8743322309844824,0.4815595363540569,0.5705760844617856,0.49936605687375474,0.11109536630296163,0.7944540736452389,0.6833506829115392,0.9307462880198093,0.6239417587920167,7,0.758123200842151,154
Surat,Gujarat,0.9917389508467574,0.9791469194312797,0.9807888473308399,0.7464948307605156,0.8768370256635226,0.31456953642384106,0.7457460732984295,0.4069455618128184,0.7719145981600416,0.8404255319148937,0.7615030674846627,0.898471615720524,0.9443207126948775,0.9628487124463518,0.9706106870229008,0.9829134086301765,,0.9204754492712611,0.9206308827270415,0.5175974710221286,0.506311682350241,0.5421119362434341,0.16848519200793538,0.8149293517427928,0.7053069665341691,0.9518330273029662,0.5959354356036736,6,0.7670011952959004,130
Tapi,Gujarat,0.9074762494836843,0.9229067930489733,0.9833390003400203,0.5802294292593116,0.4045843386707611,0.4260140728476821,0.5467931937172774,0.25328506301957626,0.5617080367991668,0.6386647101980926,0.6022129710780018,0.7755185589519651,0.9184431010711633,0.8732564377682405,0.9100508905852418,0.7851143932812047,,0.8607612848450547,0.7934367845331978,0.3989462592202318,0.2621069543263714,0.19199420394856007,0.20887062491143557,0.7040916472750722,0.520532794962423,0.8524766763315631,0.4526860186308086,6,0.6324467842999668,455
Ahmadabad,Gujarat,0.9661296984717059,0.9838862559241704,0.9784087045222714,0.8092338195722986,0.8895591138407545,0.3629966887417218,0.7014070680628273,0.3895146151783319,0.6960597118555806,0.8393250183418929,0.6314636283961438,0.6439683406113538,0.778449464418284,0.8723175965665235,0.9293893129770995,0.9317984361424849,,0.8153388991085327,0.9539557364538285,0.5302423603793466,0.6997934358503558,0.5145806919036408,0.3325775825421567,0.8317023801788205,0.6515540083669553,0.831184630143149,0.6410814510396435,6,0.7388806174321422,194
Aravali,Gujarat,0.8717472118959109,0.8903633491311217,0.9736484189051343,0.3835150828494548,0.431234919938583,0.44225993377483447,0.5453206806282723,0.28251541968356125,0.5320256899843777,0.7560528246515039,0.47929447852760737,0.49549672489082974,0.7368755965637925,0.8402628755364806,0.9005089058524174,0.8989284679988415,0.6205474934036939,0.8082637611433424,0.5769524294072755,0.2851422550052687,0.43607987147119576,0.2742256837529433,0.08417174436729484,0.6654614860825065,0.5190418186950645,0.7744145141684724,0.4407690340787164,7,0.5999217132561899,515
Bhavnagar,Gujarat,0.9277158199091284,0.9026856240126383,0.9165249914994901,0.6179011471462967,0.5615266505812678,0.3209850993377484,0.5831151832460733,0.16961651917404127,0.6882485679569519,0.9453411592076303,0.6110867659947414,0.6866812227074236,0.7056951956729239,0.8330203862660945,0.9259541984732825,0.9416449464233999,0.5756926121372031,0.7874628555256828,0.7189010429916052,0.5896733403582718,0.422767959605233,0.41387429813439597,0.3392376363894005,0.7078898887477615,0.5994816391158876,0.8185991899086249,0.5496585350202561,7,0.6689073131981326,367
Botad,Gujarat,0.9801734820322182,0.9769352290679304,0.9869092145528733,0.6050134541849597,0.5968414125904803,0.38100165562913907,0.5435209424083769,0.11263073209975863,0.7750390557194932,0.9185619955979457,0.6942375109553024,0.7637827510917031,0.8309470781631136,0.8114270386266095,0.9166666666666669,0.6310454677092383,0.42397757255936663,0.6581293335220038,0.8633935385398118,0.5993677555321391,0.5056231351847602,0.5442854555334179,0.2826980303245005,0.7544790746762668,0.6087980473561754,0.7907738004514664,0.5539249744565714,7,0.67699397423512,351
Chhota Udaipur,Gujarat,0.9653035935563815,0.8515007898894155,0.9557973478408706,0.3357881319926357,0.1871024347444615,0.4014900662251656,0.23887434554973824,0.08916599624564225,0.5223051553549731,0.8411592076302273,0.3860648553900088,0.757914847161572,0.8151447661469933,0.8880096566523606,0.8183206106870229,0.831161309006661,0.6980540897097625,0.9697184095089856,0.7130501144746884,0.25331928345626964,0.4512279091117742,0.2588299221155588,0.11081195975627046,0.6161637273748217,0.41551391203411797,0.8221102379309219,0.49357309830475854,7,0.5868402439111551,543
Devbhumi Dwarka,Gujarat,0.929368029739777,0.9592417061611372,0.8964637878272695,0.6249822971250533,0.5762228558894494,0.3351614238410596,0.449770942408377,0.02896218825422365,0.798125325464329,0.8606016140865738,0.6262050832602979,0.7878002183406113,0.7657227701771131,0.874061158798283,0.9338422391857508,0.879814653924124,0.5598614775725594,0.7048252440922599,0.7690155176799797,0.6402528977871443,0.5040165251319716,0.47364607860894775,0.40853053705540593,0.7202400167639577,0.5527330306947602,0.8482482080851765,0.5800211825611813,7,0.6753106095262689,356
Gir Somnath,Gujarat,0.9330855018587362,0.9842022116903634,0.9693981638898335,0.6377283670868149,0.4188418512831761,0.470612582781457,0.5647905759162304,0.2299544113703405,0.8283284152056934,0.9655172413793103,0.7166958808063103,0.7214792576419213,0.8095238095238094,0.8839860515021458,0.8361323155216286,0.8815522733854618,0.5029683377308707,0.8937314277628415,0.748410073772577,0.34099051633298205,0.6770713793894881,0.5805107770331462,0.37636389400595155,0.7356447797650635,0.661057304935577,0.8265347415149934,0.5885780580039796,7,0.7029537210549034,291
Jamnagar,Gujarat,0.9390747624948368,0.9658767772511849,0.995579734784087,0.8123495255629514,0.800065803904365,0.38752069536423844,0.7287303664921466,0.2904263877715204,0.8817913556674188,0.962582538517975,0.7258983347940403,0.8920578602620087,0.7362392618517339,0.9053111587982833,0.9553435114503818,0.945264986967854,,0.9063251733408805,0.8972271686593742,0.6798735511064278,0.5561165939866881,0.6071363883354465,0.2903500070851638,0.8167445498936107,0.7178857966486203,0.8868433558660523,0.6561714804189968,6,0.76941129570682,121
Junagadh,Gujarat,0.9549772821148285,0.9766192733017379,0.9496769806188372,0.7426710097719872,0.6423557797762668,0.4770281456953642,0.7230039267015708,0.2864038616251005,0.8050685644853324,0.818415260454879,0.7287467134092901,0.7592794759825326,0.7230883444691908,0.7929184549356223,0.9671755725190841,0.9672748334781349,0.8923153034300791,0.8558086882694214,0.8087000763164589,0.49167544783983136,0.7048427817305486,0.6511501539576164,0.2941759954654953,0.7905547452131704,0.6723276653352345,0.841947336276913,0.6712383495727786,7,0.7440170240995241,183
Kheda,Gujarat,0.9593143329202809,0.902053712480253,0.9607276436586195,0.48293442855119684,0.4314542662864663,0.32129552980132453,0.5287958115183247,0.1419951729686243,0.14650234334316956,0.6173881144534116,0.620179666958808,0.513919213973799,0.6028210838901262,0.8065987124463518,0.938676844783715,0.832174920359108,0.48862137203166217,0.7164284703551721,0.6415670312897482,0.49209694415173866,0.393619462933211,0.4145988045643905,0.14737140427943893,0.6762966522830235,0.4109722218484676,0.73883815509062,0.4706147842293374,7,0.5741804533628622,568
Mahisagar,Gujarat,0.9227591904171831,0.84739336492891,0.911424685481129,0.2149837133550489,0.4258609344154419,0.46409354304635764,0.5283049738219895,0.2723250201126306,0.4678007290400972,0.7765957446808511,0.5551051709027169,0.6944596069868995,0.7664651606745148,0.8847907725321889,0.9106870229007635,0.8941500144801622,0.6698548812664908,0.8398188764680913,0.6329178326125668,0.3620653319283456,0.5010328207482213,0.2427096540481798,0.136318548958481,0.6310859052740118,0.5200263277116571,0.8301105155149056,0.48353113514719664,7,0.6161884709119427,483
Morbi,Gujarat,0.9188351920693927,0.9955766192733018,0.9716082964977898,0.7200113298399661,0.7132046501425751,0.3441639072847682,0.7169502617801048,0.29203539823008845,0.8456865127582017,0.8760088041085841,0.6297107800175286,0.8666757641921397,0.750344681302365,0.8716469957081546,0.933587786259542,0.9477266145380828,0.4091358839050132,0.7798217065232772,0.9051132027473926,0.58377239199157,0.5237548772090889,0.5441043289259192,0.2855320957914128,0.7772333325179656,0.6720783513789015,0.8739963684000568,0.575890641013382,7,0.7247996733275764,236
Panch Mahals,Gujarat,0.949607600165221,0.8584518167456555,0.8461407684461069,0.42047868573856395,0.38396578196973014,0.33940397350993384,0.5410667539267016,0.19857870742826492,0.4086096163860441,0.6166544387380778,0.5815074496056091,0.6501091703056767,0.8947926609396543,0.8454935622317596,0.8525445292620865,0.7712134375905011,0.924802110817942,0.8515636054903072,0.652251335538031,0.2842992623814542,0.28276336929079643,0.19072631769606957,0.06419158282556328,0.6330081044292019,0.46928339321693946,0.8028306720659357,0.4643710834343091,7,0.5923733132865965,531
Rajkot,Gujarat,0.9405204460966544,0.9870458135860981,0.9914994899693982,0.7959212576122363,0.8223294582145207,0.45509105960264906,0.7539267015706808,0.388710109949048,0.7897934386391252,0.9354365370506236,0.8296450482033304,0.9230349344978164,0.9455933821189945,0.98068669527897,0.9908396946564886,1.0,,0.8034526673270129,0.8895955227677435,0.45669125395152793,0.6995639201285289,0.4595182032240537,0.2620093524160409,0.8320679208469262,0.7395023670825616,0.9680309413104539,0.5951384866358179,6,0.7836849289689398,92
Sabar Kantha,Gujarat,0.895291201982652,0.8527646129541866,0.84223053383203,0.4493697776518907,0.5494626014476859,0.4984478476821192,0.5876963350785339,0.2346473585411638,0.5320256899843777,0.7758620689655172,0.6539219982471516,0.5974344978165937,0.730512249443207,0.8315450643776825,0.8655216284987278,0.7542716478424558,0.8098614775725593,0.8504315834158768,0.6430933604680743,0.49736564805057953,0.3431260041312831,0.3872486868320957,0.20348590052430207,0.6812610959250941,0.5568306901633489,0.7558570175957334,0.5335160944278244,7,0.6318662245280002,456
Surendranagar,Gujarat,0.9318463444857498,0.9819905213270145,0.9469568174090445,0.48874097153377716,0.5298311033121298,0.5100372516556291,0.5966950261780104,0.12979351032448377,0.6611699357750391,0.7688921496698459,0.4831288343558282,0.7872543668122272,0.5630501643864673,0.7166040772532188,0.8165394402035625,0.762380538662033,0.38192612137203175,0.7352483373425783,0.7817349274993641,0.452054794520548,0.4794583428964884,0.3731208114472016,0.20504463653110383,0.7315671682872241,0.5279358912606414,0.7291657174635018,0.48694113880133083,7,0.6189024789531745,475
Vadodara,Gujarat,0.9712928541924825,0.9140600315955767,0.991329479768786,0.7984704716045887,0.7621188857205526,0.4191846026490066,0.7521269633507852,0.4399302762134619,0.6047561187293873,0.6217901687454146,0.6970858895705521,0.7385371179039301,0.6528794145720649,0.8818401287553648,0.9480916030534353,0.9303504199247031,,0.9078817036932221,0.7000763164589163,0.38672286617492097,0.6419554739499657,0.40807824669443943,0.12824146237778086,0.8094093875884988,0.6231378833219201,0.8303397368418995,0.5288260115582075,6,0.6979282548276315,304
Panchkula,Haryana,0.942792234613796,0.9829383886255922,0.9863991839510371,0.7559835717320494,0.7953498574248737,0.19401903973509935,0.805955497382199,0.6259050683829444,0.871550078111439,0.9497432134996331,0.9578220858895706,0.7682860262008734,0.7694347226641213,0.9432671673819744,0.9617048346055981,0.9564147118447726,,0.6170935333238998,0.919358941745103,0.8187565858798734,0.8262565985770025,0.7810179315341425,0.6011052855320957,0.7762470460137414,0.8421951886531571,0.8798214925394678,0.7605981460986863,6,0.8147154683262632,47
Ambala,Haryana,0.8583230070218918,0.9876777251184834,0.9879292757565455,0.8211301515366096,0.80039482342619,0.18460264900662252,0.8221531413612565,0.5596674711718959,0.888387432737372,0.9724871606749816,0.9267090271691499,0.6853165938864629,0.5624138296744087,0.8314109442060086,0.9723918575063615,0.8689545322907617,0.6591358839050132,0.7368048676949202,0.8567794454337319,0.7692307692307692,0.853339453752582,0.8811809454808912,0.44353124557177265,0.7733429386443905,0.8338808466229313,0.7840975515128006,0.7428575158670973,7,0.783544713161805,93
Yamunanagar,Haryana,0.9597273853779429,0.9924170616113746,1.0,0.7690128876929615,0.7578416319368282,0.20146937086092717,0.7927028795811518,0.5038884419415391,0.8802291268876932,0.9141599413059428,0.9080850131463628,0.834061135371179,0.6581822038392194,0.8500536480686696,0.9337150127226466,0.7965537214016798,0.7176781002638521,0.5654450261780106,0.8158229458153141,0.6929399367755531,0.824420472802387,0.7118275674696614,0.32053280430777953,0.7800780562466724,0.799813080572538,0.814513144280679,0.664095264801794,7,0.7646248864754208,133
Kurukshetra,Haryana,0.9558033870301528,0.9870458135860981,0.9988099285957158,0.7561251947316244,0.7564158806755866,0.1866721854304636,0.7414921465968587,0.4666130329847143,0.7972574205867037,0.8569332355099046,0.9160823838737949,0.7695141921397379,0.5874429950153781,0.9438036480686696,0.9791348600508908,0.9648132059079061,0.5014841688654353,0.6388849582566861,0.8038667005850928,0.7521601685985246,0.8085838879963279,0.7223329107045825,0.30919654244013045,0.7734787316749402,0.7556756439103952,0.8489417802365165,0.6480727624923971,7,0.7565422295785622,156
Kaithal,Haryana,0.9925650557620818,0.9996840442338071,0.9736484189051343,0.8565359014303924,0.5187541127440227,0.289010761589404,0.5783704188481675,0.43309198176454805,0.808540183995834,0.8279530447542186,0.9130148992112183,0.7515010917030568,0.6831053133948456,0.943401287553648,0.9772264631043258,0.9950767448595423,,0.6087448705249754,0.8850165352327654,0.6474183350895679,0.6268074363093873,0.5890237275855824,0.48249964574181664,0.7716997157774736,0.7121941057147974,0.8700621801230838,0.6399184250806825,6,0.7484686066740093,172
Karnal,Haryana,0.9865757951259809,0.9759873617693521,0.9981298877932676,0.7684463956946609,0.7180302697960078,0.2425496688741722,0.75032722513089,0.4448913917940466,0.8852629751779205,0.8859134262655907,0.9221078001752848,0.8852347161572053,0.8521582352317317,0.9727736051502146,0.9867684478371502,0.9803069794381697,0.8161279683377308,0.6684590349511816,0.8878148053930298,0.6628029504741833,0.8778976359880651,0.7580148523818149,0.24302111378772856,0.7816198965089068,0.7777005637087465,0.9354483967628943,0.702019765901962,7,0.7991971557206274,70
Panipat,Haryana,0.9258570838496488,0.9873617693522905,0.9974498469908194,0.709247981872256,0.705637201140601,0.26210678807947024,0.7737238219895288,0.5164923572003217,0.7930914771741017,0.7905355832721936,0.934706397896582,0.7509552401746724,0.4755541414784176,0.9106759656652361,0.9631043256997455,0.946133796698523,0.6804089709762534,0.3500778265176172,0.7919104553548716,0.7477344573234984,0.8746844158824879,0.7873573627965947,0.3127391242737708,0.7646101118808476,0.7617099275065455,0.8092846939433189,0.649273230446442,7,0.7462194909442884,175
Sonipat,Haryana,0.932465923172243,0.9788309636650868,0.9518871132267936,0.8130576405608272,0.6725159026102215,0.21947433774834438,0.8267342931937172,0.5795119334942342,0.7307759069605971,0.8932501834189288,0.9727212971078002,0.8120906113537117,0.6332590942835931,0.9332081545064379,0.9961832061068705,0.8579496090356211,,0.3749823121550871,0.8916306283388451,0.7799789251844046,0.8918980950195088,0.9001992392682485,0.38018988238628304,0.7613719801639195,0.8005987228350555,0.8465381350572467,0.7031465137253962,6,0.7779138379454046,104
Jind,Haryana,0.8946716232961587,0.9993680884676147,0.93488609316559,0.8395411414813766,0.36740513270454045,0.23313327814569537,0.7356020942408378,0.42477876106194684,0.8493317132442284,0.9292002934702861,0.9583698510078879,0.7676037117903929,0.4801145402481705,0.9584227467811159,0.9832061068702291,0.9847958297132928,0.6296174142480212,0.4641290505164851,0.8700076316458917,0.740358271865121,0.9008492081707596,0.7158123528346314,0.3770724103726796,0.7115008928768294,0.7794565426050374,0.8348285870806403,0.6711209056647987,7,0.7492267320568264,170
Fatehabad,Haryana,0.9723254853366377,0.992733017377567,0.9959197551853112,0.8222631355332106,0.38528186005703,0.29263245033112584,0.5660994764397906,0.3742290158219361,0.7972574205867037,0.9247982391782832,0.9642857142857142,0.8860534934497818,0.5909428359317,0.9655311158798284,0.9737913486005089,0.9701708659136982,0.8471306068601584,0.5705391255129476,0.9084202493004324,0.7584826132771336,0.7349093412898783,0.6489766346676327,0.5126824429644325,0.7435259506368137,0.7253339732624855,0.8772979319551034,0.7115915734103737,7,0.7644373573161941,134
Sirsa,Haryana,1.0,0.99652448657188,0.9872492349540972,0.7463532077609404,0.33132265847773634,0.26376241721854304,0.5647905759162304,0.4163314561544649,0.8458600937337267,0.7931034482758621,0.948510078878177,0.9223526200873363,0.6103510446494855,0.9721030042918454,0.9916030534351146,0.9904430929626412,,0.6502051790009906,0.868990078860341,0.7508956796628028,0.8129446867110397,0.7053070095997102,0.3602097208445515,0.7208686674971996,0.7137191305916922,0.8973705630852846,0.6914253924465728,6,0.7558459384051873,159
Hisar,Haryana,0.9748038000826105,0.9917851500789888,0.9886093165589935,0.8478968984563093,0.3969072164948453,0.27659354304635764,0.6734293193717278,0.40560471976401175,0.8458600937337267,0.8675715333822451,0.9606704645048203,0.8859170305676854,0.6951956729239579,0.9164431330472105,0.9774809160305346,0.9830582102519548,0.7613786279683378,0.516909579736805,0.8814551004833376,0.6916754478398314,0.7254991966949735,0.7415323310994385,0.3539747768173445,0.7460993207863509,0.7506272261513064,0.8916189925642686,0.6674892943771527,7,0.7639587084697697,139
Rohtak,Haryana,0.9384551838083436,0.9889415481832545,0.9736484189051343,0.8606429684180712,0.6433428383417416,0.2445157284768212,0.8169175392670157,0.5673102708500937,0.7847595903488978,0.9383712399119589,0.9810473269062225,0.8202783842794761,0.7203308940502704,0.9557403433476394,0.9667938931297712,0.9525050680567623,0.6276385224274407,0.6213386161030142,0.9040956499618417,0.6691253951527923,0.8145512967638283,0.7303024814345228,0.2734873175570355,0.7749244476888943,0.8176811934568378,0.8831297165727838,0.6629341827714965,7,0.7846673851225031,90
Jhajjar,Haryana,0.9407269723254853,0.9949447077409164,0.9421965317919074,0.8842940093471181,0.5186444395700811,0.2673841059602649,0.8268979057591623,0.6578171091445426,0.8659954868946363,0.9526779163609684,0.9715162138475023,0.8324235807860261,0.5914731148584155,0.9537285407725323,0.964376590330789,0.9593107442803359,0.8492744063324538,0.5950191028725061,0.9058763673365555,0.9487881981032664,0.9187514344732615,0.9547183481253396,0.2638514949695338,0.7580317944559622,0.8549809264013625,0.8602625142056197,0.7766113360304167,7,0.8124716427733403,52
Mahendragarh,Haryana,0.9219330855018587,0.9873617693522905,0.9950697041822508,0.7157626398527122,0.2802149594209256,0.2531043046357616,0.7220222513089006,0.5205148833467417,0.7677486547474396,0.6496698459280997,0.9527826468010517,0.8436135371179039,0.539187612684272,0.8457618025751072,0.9861323155216285,0.983347813495511,0.5689313984168866,0.4954011603226264,0.8796743831086237,0.7473129610115912,0.9100298370438374,0.8518384350661112,0.3281847810684428,0.6922410771576333,0.7225476564264467,0.8396086162788844,0.6830532794340172,7,0.7343626573242454,204
Rewari,Haryana,0.9194547707558859,1.0,0.9954097245834751,0.809517065571449,0.5078964685237991,0.2502069536423841,0.7985929319371727,0.6049879324215606,0.9001909390730776,0.8268525311812179,0.9432515337423312,0.810589519650655,0.6301834765086435,0.8790236051502145,0.9835877862595421,0.9759629307848249,0.6591358839050132,0.7880288665628982,0.9310607987789367,0.7308746048472076,0.8893734220794124,0.7592827386343054,0.34221340512965853,0.7470808305128321,0.814775173671072,0.8558694636707761,0.7285671028482046,7,0.7865731426757212,88
Gurgaon,Haryana,0.6722428748451053,0.9823064770932068,0.9940496429785788,0.7831751876504746,0.7933757402939241,0.3463369205298013,0.7930301047120418,0.6161169214266558,0.6410345426141295,0.7472487160674982,0.9565074496056091,0.8167303493449781,0.4641001166613638,0.841604077253219,0.9576335877862597,0.9591659426585579,,0.38701004669591066,0.8865428644110913,0.8126448893572181,0.7417948129446867,0.7272233291070459,0.3933682868074253,0.7619144738985152,0.7507875468851869,0.8078468147408756,0.6580973715538964,6,0.7446615517696185,181
Mewat,Haryana,0.6871127633209416,0.9567140600315954,0.9500170010200613,0.600906387197281,0.1469620530818162,0.10699503311258278,0.10569371727748693,0.003888441941539298,0.5019961812185384,0.7212032281731475,0.5407537248028046,0.6088973799126637,0.4403436207445116,0.5496244635193133,0.6772264631043257,0.6778163915435853,0.2376319261213721,0.4484222442337626,0.8964640040702111,0.34204425711275016,0.7757631397750745,0.45408440499909436,0.26994473572339517,0.5747845496273797,0.3747070586827033,0.5907816637648798,0.48919353029080853,7,0.5073667005914428,652
Faridabad,Haryana,0.9093349855431639,1.0,0.963447806868412,0.7777935136666195,0.8845141478394385,0.32750413907284764,0.7491819371727749,0.5624832394743897,0.7339003645200486,0.8983859134262656,0.9501533742331288,0.8082696506550218,0.49708346590306496,0.9196620171673818,0.9044529262086515,0.9121054155806546,0.49686675461741414,0.4512522994198388,0.8801831595013991,0.6691253951527923,0.9194399816387423,0.777214272776671,0.38316565112654105,0.8104324321650802,0.7788209657653214,0.808314695102955,0.6538925020333427,7,0.7628651487666749,144
Palwal,Haryana,0.835811648079306,0.9639810426540284,0.9437266235974158,0.7231270358306189,0.28525992542224166,0.2313741721854305,0.5323952879581152,0.3459372485921158,0.5877451831279292,0.8268525311812179,0.9053461875547765,0.7491812227074236,0.5202036271078587,0.7746781115879828,0.7244274809160306,0.7573124818997972,0.4892810026385225,0.4233762558369889,0.858305774612058,0.6250790305584826,0.8753729630479687,0.7491396486143814,0.3388125265693639,0.6638800746281734,0.639655287682831,0.7051605848438185,0.6227667431253952,7,0.6578656725700545,394
Bhiwani,Haryana,0.842213961173069,0.9990521327014218,0.957667460047603,0.8558277864325168,0.30642684799298087,0.2803187086092715,0.6778468586387435,0.4481094127111826,0.739107793785801,0.8767424798239178,0.9507011393514461,0.8557587336244541,0.5939123979213066,0.8925697424892705,0.9707379134860054,0.9684332464523602,0.5466688654353563,0.5116739776425641,0.853472398880692,0.6661749209694414,0.9639660316731696,0.7560224596993299,0.3722544990789288,0.7069178161594771,0.7385015368622182,0.8562824067946794,0.6671761647684976,7,0.742219481146218,189
Charkhi Dadri,Haryana,0.8380834365964477,0.983570300157978,0.954437266235974,0.8661662654015013,0.30291730642684794,0.29552980132450335,0.7495091623036648,0.5477339769375167,0.7951744488804028,0.8851797505502569,0.9595749342681859,0.7684224890829694,0.5205217944638879,0.924758583690987,0.9865139949109415,0.9953663481030989,0.7387862796833773,0.5773312579595303,0.8967183922665988,0.7734457323498419,0.8581592839109479,0.8243071907263178,0.40059515374805166,0.7067840626905421,0.7874344545880054,0.8391166420503768,0.7241918986635236,7,0.7643817644981119,135
Chamba,Himachal Pradesh,0.9316398182569186,0.9712480252764614,0.7539952397143829,0.8114997875655008,0.2889888133362579,0.26531456953642385,0.7442735602094241,0.5004022526146419,0.934733553202569,0.9269992663242848,0.8603198948290973,0.6655294759825328,0.6188355074769328,0.6439109442060086,0.6442748091603054,0.6252534028381118,,0.7117588792981465,0.9496311371152379,0.3804004214963118,0.749139316043149,0.6596631045100525,0.6934958197534363,0.6704477089476576,0.7933457054360034,0.6395608279327784,0.690681446369389,6,0.6985089221714571,303
Kangra,Himachal Pradesh,0.9599339116067741,0.989257503949447,0.9756885413124786,0.6244158051267527,0.44450537398552314,0.36434188741721857,0.9134489528795813,0.7542236524537407,0.9734421107446624,0.9699192956713133,0.8793821209465381,0.3429312227074236,0.5506416375013257,0.8547478540772532,0.874936386768448,0.8195771792644079,,0.729588226970426,0.8722971254133809,0.687249736564805,0.6561854487032361,0.550262633580873,0.5700722686694063,0.7263571705663656,0.8980832265391671,0.6885668560637717,0.6776092399836879,6,0.7476541232882481,174
Lahul & Spiti,Himachal Pradesh,0.9770755885997522,0.9936808846761452,0.8170690241414484,0.4595666336213001,0.6922570739197192,0.31043046357615894,0.7791230366492147,0.5673102708500937,0.8061100503384828,0.8862802641232574,0.9007449605609115,0.49167576419213976,0.6498037967971152,0.7530847639484978,0.8268447837150129,0.8066898349261513,,0.6657704825244094,0.8338845077588399,0.6775553213909378,0.7284829010787239,0.7958703133490309,0.06404987955221779,0.7083466114224207,0.787913716504392,0.7056197887157833,0.6276022342756933,6,0.7073705877295724,277
Kullu,Himachal Pradesh,0.9190417182982239,0.9737756714060032,0.902414144848691,0.7351649907945051,0.6181180083351612,0.26510761589403975,0.7977748691099477,0.5474658085277553,0.8488109703176532,0.8268525311812179,0.8433391761612621,0.4877183406113537,0.5899883338636123,0.8006974248927038,0.8339694656488552,0.8282652765710976,0.6731530343007917,0.8174614404980899,0.7837700330704656,0.5199157007376185,0.7335322469589167,0.666545915595001,0.28638231543148657,0.7356036915961042,0.7728486710595671,0.7081277683175246,0.6401086695131957,7,0.7141722001215979,263
Mandi,Himachal Pradesh,0.9847170590665015,0.9842022116903634,0.9398163889833389,0.8177311995468065,0.32880017547707835,0.4157698675496689,0.9057591623036648,0.7809064092249932,0.8911647283457733,0.7707263389581805,0.916849255039439,0.7489082969432315,0.698801569625623,0.7943937768240342,0.829262086513995,0.8026353895163627,,0.641856516202066,0.9341134571355888,0.6168598524762908,0.6467753041083314,0.7442492302119181,0.6128666572197818,0.7451728170522928,0.8530811787744103,0.7748002238846493,0.6994535028923295,6,0.7681269306509205,124
Hamirpur,Himachal Pradesh,0.9254440313919868,0.989257503949447,0.9659979598775926,0.7964877496105369,0.39613950427725375,0.3195364238410596,0.9201570680628273,0.8382944489139178,0.9387259156396459,0.8991195891415994,0.9379929886064856,0.5612718340611353,0.5840492098843991,0.8572961373390557,0.9694656488549618,0.889661164205039,,0.7431724918635915,0.6840498600864919,0.7026343519494205,0.7601560706908425,0.7027712370947293,0.6164092390534222,0.7321438621579794,0.9068580020728951,0.7723487988689182,0.7015322084564163,6,0.7782207178890522,102
Una,Himachal Pradesh,0.9076827757125155,0.95260663507109,0.9790887453247195,0.738422319784733,0.4122614608466769,0.22154387417218543,0.882198952879581,0.7135961383748992,0.9715327200138865,0.921863536316948,0.9310911481156879,0.6057587336244541,0.7137554353589988,0.8039163090128756,0.8683206106870229,0.8537503620040545,,0.7311447573227678,0.7649453065377766,0.7570073761854583,0.8023869635070002,0.6627422568375295,0.5207595295451325,0.7019343018186534,0.8840564991402005,0.7691002901374813,0.7064976983226109,6,0.7653971973547364,132
Bilaspur,Himachal Pradesh,0.9365964477488643,0.9990521327014218,0.8784427065623936,0.7304914318085257,0.29798201359947357,0.3545115894039735,0.8610929319371728,0.6790024135156877,0.8258982815483423,0.8829787234042553,0.9387598597721297,0.6839519650655022,0.8165234913564534,0.9118830472103006,0.8944020356234099,0.8207355922386331,,0.6786472336210557,0.8402442126685321,0.4330874604847207,0.8278632086297911,0.4276399203042927,0.7178687827688819,0.6995127203041087,0.8375464420355175,0.8254992262988597,0.654225136412879,6,0.7541958812628413,161
Solan,Himachal Pradesh,0.9902932672449402,0.9750394944707739,0.939986399183951,0.7438039937685882,0.5905900416758061,0.4212541390728477,0.8570026178010473,0.6535264145883614,0.7684429786495399,0.7890682318415261,0.9388694127957932,0.8294213973799126,0.8888535369604411,0.8181330472103004,0.8755725190839695,0.8094410657399363,,0.7219470779680206,0.9247010938692445,0.5962065331928345,0.6217580904291944,0.6471653685926463,0.6386566529686836,0.7768278892361512,0.8013819311352537,0.844284313274912,0.6917391361701041,6,0.7785583174541052,101
Sirmaur,Himachal Pradesh,0.949194547707559,0.9759873617693521,0.9267256035362121,0.7793513666619459,0.4188418512831761,0.2591059602649007,0.7580170157068064,0.5636899973183158,0.913730255164034,0.9358033749082906,0.9217791411042945,0.8830513100436682,0.8576731360695726,0.8552843347639485,0.8398218829516539,0.8289892846799883,0.899736147757256,0.6744021508419416,0.9160518951920632,0.6741833508956796,0.6770713793894881,0.6919036406448108,0.5244438146521185,0.7182011152038577,0.8186039568403484,0.8529639897017661,0.7225417684819082,7,0.77807770755697,103
Shimla,Himachal Pradesh,0.9807930607187111,1.0,0.9539272356341382,0.821555020535335,0.7612415003290194,0.37168874172185434,0.8959424083769634,0.7522123893805309,0.8939420239541747,0.7762289068231842,0.9271472392638036,0.7745633187772926,0.8585215823523173,0.8941791845493561,0.9011450381679391,0.8744569939183319,,0.656431300410358,0.9598066649707454,0.7068493150684931,0.7468441588248795,0.8594457525810542,0.5162250247980729,0.8148675931565097,0.8490945935597314,0.8605732235530473,0.7409337027756004,6,0.8163672782612222,42
Kinnaur,Himachal Pradesh,0.9326724494010739,0.9867298578199052,0.9479768786127167,0.7197280838408159,0.6774511954375959,0.35968543046357615,0.8264070680628273,0.5697237865379458,0.5162298212115952,0.6606749816581071,0.954754601226994,0.7023744541484717,0.7525718527945698,0.7844688841201717,0.7801526717557252,0.7700550246162757,,0.7774161596151127,0.8130246756550495,0.5995785036880927,0.8430112462703696,0.7871762361890962,0.28213121723111817,0.7707073159292808,0.7055580517394938,0.7579245774870429,0.6837230064414731,6,0.7294782378993226,222
Kupwara,Jammu & Kashmir,0.9714993804213136,0.9775671406003161,0.795987759265556,0.5443988103668037,0.5854354025005484,0.09530215231788078,0.612074607329843,0.4199517296862429,0.9463634785627495,1.0,0.4383216476774759,0.7823417030567686,0.9002015059921518,0.8792918454935622,0.9625954198473282,0.9860990443092964,0.887697889182058,0.8709494835149287,0.7700330704655305,0.7527924130663856,0.527197613036493,0.6676326752399927,0.23650276321383018,0.6616984409120698,0.6833422926512622,0.9021059037398214,0.6732579868170313,7,0.7301011560300461,218
Badgam,Jammu & Kashmir,0.9758364312267658,0.9832543443917852,0.9277456647398844,0.676533068970401,0.6855670103092784,0.042115066225165566,0.5811518324607331,0.4636631804773397,0.9732685297691374,0.9622157006603081,0.7298422436459246,0.777292576419214,0.6590306501219642,0.8547478540772532,0.955089058524173,0.9779901534897192,,0.9342012169237304,0.8407529890613076,0.7123287671232875,0.6694973605691991,0.7560224596993299,0.14793821737282126,0.7151752643105467,0.7420282974026886,0.8448300585264648,0.6767901684582793,6,0.7447059471744949,180
Punch,Jammu & Kashmir,0.9258570838496488,0.9917851500789888,0.6047262835770146,0.5303781334088656,0.39493309936389553,0.1027524834437086,0.6650850785340314,0.4446232233842852,0.9069605971185558,0.9801907556859868,0.7371822962313761,0.7397652838427947,0.8698695513840279,0.7615343347639484,0.8217557251908398,0.9096437880104258,0.85405672823219,0.7580302815904911,0.8481302467565506,0.731717597471022,0.7438604544411292,0.7893497554790798,0.5839591894572764,0.5917387056203537,0.7468083901908471,0.8205137366384072,0.7584434647753914,7,0.7293760743062498,223
Rajouri,Jammu & Kashmir,0.9535315985130112,0.9984202211690364,0.62104726283577,0.4826511825520464,0.3745338890107479,0.15790562913907286,0.6677028795811518,0.43952802359882,0.7877104669328241,0.851063829787234,0.4866345311130587,0.7667849344978166,0.7158765510658606,0.7207618025751072,0.8576335877862595,0.9192006950477846,0.9173812664907651,0.758171784349795,0.7288221826507251,0.6394099051633297,0.5866421849896718,0.5424741894584315,0.27079495536346887,0.5980149638699475,0.6465279462026178,0.7960515141945657,0.6348137812094553,7,0.6688520513691466,368
Kathua,Jammu & Kashmir,0.9917389508467574,0.9889415481832545,0.9342060523631417,0.6534485200396545,0.6567229655626233,0.06012003311258279,0.8025196335078535,0.6871815500134082,0.9750043395243881,1.0,0.8398334794040315,0.7763373362445414,0.2890020150599215,0.7540236051502146,0.9628498727735371,0.9785693599768317,,0.8607612848450547,0.9455609259730349,0.8179135932560591,0.5852650906587101,0.6612932439775404,0.4032875159416183,0.7141963450180023,0.8609078004899363,0.7521564378410093,0.7123469424420028,6,0.7599018814477376,151
Baramula,Jammu & Kashmir,0.8719537381247418,0.9592417061611372,0.8866031961917715,0.6867299249398103,0.7443518315420048,0.05567052980132451,0.4792212041884817,0.2988736926790024,0.9349071341780941,1.0,0.5833698510078879,0.7875272925764192,0.7511931275851097,0.7399409871244634,0.9521628498727737,0.95583550535766,0.566292875989446,0.7908589217489741,0.7473925209870262,0.7894625922023182,0.6846453982097774,0.8163376199963776,0.35553351282414625,0.7007584877934651,0.6592743764106932,0.8373319525032852,0.6786462059940094,7,0.7190027556753632,251
Bandipore,Jammu & Kashmir,0.7306897976042956,0.9674565560821484,0.8264195851751106,0.5323608554029174,0.7593770563720112,0.08195364238410596,0.45762434554973813,0.298605524269241,0.9694497483075856,1.0,0.6103198948290973,0.7723799126637555,0.829992576095026,0.7734710300429184,0.9078880407124684,0.9092093831450913,0.8400395778364116,0.8072732418282158,0.7975069956754006,0.7454162276080085,0.7817305485425752,0.8255750769788082,0.2890746776250532,0.6497095821700982,0.6671999025911324,0.8385881885318518,0.7266594780134962,7,0.7205392878266446,245
Srinagar,Jammu & Kashmir,0.989673688558447,1.0,0.9736484189051343,0.8148987395553039,0.9851941215178767,0.1730132450331126,0.6515052356020943,0.6291230893000803,0.9697969102586356,0.9409391049156273,0.8333698510078879,0.939274017467249,0.8565065224307986,0.884522532188841,0.9899491094147583,0.988560671879525,,0.8163294184236595,0.9692190282370898,0.5827186512118019,0.6761533165021805,0.8440499909436696,0.2622927589627321,0.8227380355949792,0.804946838216865,0.9317625706762345,0.6917938607135222,6,0.8128103263004003,51
Ganderbal,Jammu & Kashmir,0.8141263940520446,0.9848341232227487,0.9515470928255696,0.6967851579096446,0.8316516779995612,0.07398592715231789,0.4154123036649215,0.27688388307857326,0.9080020829717064,0.9849596478356566,0.6687116564417178,0.826419213973799,0.8062360801781736,0.8508583690987125,0.9741730279898219,0.9798725745728352,0.6894788918205805,0.7936889769350504,0.8799287713050115,0.8876712328767123,0.5090658710121643,0.7652599166817605,0.08105427235369135,0.7254883955269812,0.6507939147985151,0.8875118531626685,0.6580211332835673,7,0.730453824192933,217
Pulwama,Jammu & Kashmir,0.9211069805865346,0.9718799368088468,0.9651479088745325,0.8833026483500921,0.745887255977188,0.09033526490066225,0.6215641361256545,0.4804237060874228,0.9911473702482209,1.0,0.8369851007887819,0.9594705240174672,0.9735921094495704,0.9401824034334763,0.9718829516539442,0.9723428902403708,,0.8168954294608746,0.9048588145510048,0.8056902002107482,0.7502868946522836,0.7636297772142728,0.3977610882811394,0.7629433325829759,0.7860240626500159,0.9634941757589657,0.7398537007283874,6,0.8130788179300863,50
Shupiyan,Jammu & Kashmir,0.9754233787691037,0.9974723538704582,0.9857191431485889,0.8114997875655008,0.6306207501645097,0.07471026490066224,0.6906086387434556,0.5571198712791632,0.9628536712376323,1.0,0.6686021034180544,0.7434497816593886,0.8741117827977516,0.7989538626609441,0.9787531806615778,0.9642339994207936,,0.5974246497806709,0.9315695751717121,0.8147523709167543,0.34978196006426443,0.5229125158485782,0.5435737565537764,0.7459076130698038,0.7758368569356611,0.8719005214400912,0.6266691380559595,6,0.7550785323753788,160
Anantnag,Jammu & Kashmir,0.9710863279636512,0.9592417061611372,0.9875892553553213,0.7851579096445265,0.7441324851941215,0.06332781456953641,0.5899869109947643,0.5252078305175649,0.9559104322166291,0.9761555392516508,0.7176818580192814,0.7592794759825326,0.8118570368013575,0.8075375536480687,0.8787531806615776,0.9721980886185925,,0.8610442903636623,0.8219282625286187,0.6838777660695469,0.531328896029378,0.6167360985328746,0.23140144537338808,0.7517559164813824,0.7529885141999781,0.8459250671424258,0.6243861264829115,6,0.7437639060766744,184
Kulgam,Jammu & Kashmir,0.9675753820735234,0.9949447077409164,0.939306358381503,0.7259594958221216,0.3476639613950428,0.03187086092715232,0.5281413612565444,0.38616251005631524,0.9364693629578199,0.9611151870873075,0.7354294478527607,0.9435043668122268,0.9314879626683635,0.8925697424892705,0.9856234096692112,0.9946423399942079,0.9683377308707124,0.9221734823829064,0.9458153141694224,0.679241306638567,0.8432407619921966,0.8523818148886072,0.2522318265551934,0.6678867943900433,0.7094635738421495,0.9495655643266561,0.7804888910710864,7,0.7768512059074838,106
Doda,Jammu & Kashmir,0.637752994630318,0.9879936808846763,0.8747024821489289,0.5900014162299959,0.3701469620530818,0.06674254966887416,0.5013089005235601,0.4444891391794046,0.808540183995834,0.9005869405722671,0.6581945661700263,0.818504366812227,0.7419662742602607,0.6260729613733905,0.6633587786259544,0.6462496379959455,0.3675791556728232,0.3952172067355314,0.9323327397608752,0.5886195995785036,0.8836355290337388,0.854555334178591,0.21000425109820045,0.5878900142693125,0.6626239460882184,0.6992304038135557,0.6045634022940377,7,0.6385769416162811,438
Ramban,Jammu & Kashmir,0.8822800495662949,0.9187993680884678,0.5481128867732065,0.2787140631638579,0.29831103312129853,0.08298841059602649,0.3862892670157068,0.2935103244837758,0.9045304634612047,0.925898752751284,0.5452453987730062,0.7953056768558951,0.7940396648637184,0.6213787553648069,0.751145038167939,0.8801042571676803,0.6517150395778364,0.6118579312296591,0.8377003307046552,0.735721812434141,0.7434014229974754,0.7455171164644087,0.47442255916111664,0.5015343018848587,0.6110948412969954,0.768394678484008,0.6857623160813274,7,0.6416965344367973,431
Kishtwar,Jammu & Kashmir,0.8331268071045023,0.6467614533965244,0.7762665759945597,0.430250672709248,0.4605176573810046,0.15749172185430463,0.5346858638743456,0.4608474121748457,0.8746745356708905,0.9354365370506236,0.6797765118317265,0.7366266375545851,0.7640258776116238,0.6813304721030043,0.8930025445292621,0.9147118447726614,,0.5592189047686431,0.8466039175782244,0.6979978925184405,0.5781501032820748,0.8085491758739359,0.09947569788862136,0.5507358147400239,0.6970841721204863,0.7979394753142273,0.5983326153183234,6,0.6610230193732652,383
Udhampur,Jammu & Kashmir,0.9147046674927717,0.9974723538704582,0.5994559673580414,0.5749893782750319,0.5096512393068655,0.16225165562913904,0.6336714659685864,0.403057119871279,0.8949835098073252,0.9618488628026413,0.722940403155127,0.7338973799126637,0.6942411708558701,0.6211105150214592,0.8375318066157763,0.8715609614827685,0.7650065963060686,0.7445875194566295,0.6985499872805901,0.49167544783983136,0.6481523984392932,0.5515305198333635,0.3556752160974919,0.626420876988718,0.7233002723209918,0.7516683667777075,0.6078825264647526,7,0.6773180106380425,346
Reasi,Jammu & Kashmir,0.5456422965716646,0.9971563981042653,0.601156069364162,0.47401217957796343,0.29162096951085764,0.10440811258278146,0.4841295811518324,0.3791901314025207,0.8331886825203958,0.9185619955979457,0.5581726555652936,0.7793395196506551,0.7589351999151553,0.5336641630901288,0.6096692111959288,0.6133796698523023,0.654518469656992,0.6509126927975095,0.9783770033070465,0.903477344573235,0.8044526050034426,0.9174062669806196,0.36488592886495674,0.5023326709519491,0.6346486092475977,0.658997552740834,0.7534329015976861,7,0.6373529336345167,443
Jammu,Jammu & Kashmir,0.9188351920693927,1.0,0.9986399183951037,0.7364395977906812,0.8694889230094318,0.2286837748344371,0.8661649214659687,0.766961651917404,0.9086964068738067,1.0,0.9488387379491674,0.912117903930131,0.9658500371195249,0.9022263948497855,0.9552162849872776,0.955980306979438,,0.8228385453516345,0.9313151869753242,0.707481559536354,0.6883176497590086,0.8105415685564209,0.38330735439988656,0.7920145676831744,0.8981323436412694,0.9382781855732313,0.7239669774297713,6,0.8380980185818616,20
Samba,Jammu & Kashmir,0.9394878149524988,0.9939968404423382,0.9223053383202994,0.7020252088939245,0.7062952401842509,0.1849130794701987,0.756380890052356,0.6303298471440063,0.8915118902968234,0.9526779163609684,0.8414767747589834,0.8220524017467249,0.9740163325909428,0.9039699570815452,0.9726463104325699,0.9859542426875181,0.8491094986807387,0.6509126927975095,0.8804375476977867,0.7605900948366702,0.6348404865733303,0.849483789168629,0.3757970809125692,0.7415039203772517,0.8144754637226276,0.9317278489078602,0.7144530272381763,7,0.800540065061479,68
Garhwa,Jharkhand,0.2364725320115655,0.5257503949447077,0.8728323699421965,0.3515082849454752,0.17690282956788766,0.5600165562913908,0.39496073298429324,0.2338428533118798,0.45634438465544175,0.6812179016874541,0.5543382997370727,0.544896288209607,0.269593806342136,0.6089055793991416,0.7961832061068703,0.8284100781928758,0.6233509234828496,0.4778548181689543,0.8310862375985755,0.2720758693361432,0.6694973605691991,0.39503713095453724,0.46776250531387276,0.45391382795053725,0.46414083447522836,0.6095977916501262,0.5338092636320189,7,0.5153654294269776,640
Chatra,Jharkhand,0.2800495662949195,0.751342812006319,0.7167630057803469,0.2663928622008214,0.12963369159903487,0.4693708609271523,0.3797447643979058,0.18865647626709572,0.45061621246311406,0.5748349229640499,0.6373794916739702,0.42057860262008734,0.2969561989606533,0.4868562231759656,0.6376590330788804,0.6161309006660874,0.5324868073878629,0.6124239422668742,0.8847621470363775,0.38883034773445735,0.7087445490016067,0.40952725955442854,0.4654952529403429,0.4355921331347657,0.4462463735532271,0.4916361917003348,0.5717529008459928,7,0.4863068998085801,665
Kodarma,Jharkhand,0.42874845105328385,0.9090047393364931,0.7259435566133967,0.3506585469480244,0.2985303794691818,0.5755380794701987,0.46318717277486904,0.24443550549745233,0.26193369206734934,0.6096845194424064,0.7823181419807186,0.7019650655021835,0.45869127160886625,0.6828057939914164,0.8896946564885497,0.9202143064002316,0.5686015831134565,0.6959105702561201,0.7921648435512592,0.5487881981032665,0.6896947440899702,0.5566020648433255,0.5026215105568939,0.5480706254817631,0.47231180635255915,0.7306742187982495,0.622054787787756,7,0.5932778596050818,527
Giridih,Jharkhand,0.34200743494423796,0.8906793048973146,0.7896973818429105,0.4248689987253931,0.26069313445931125,0.5304221854304636,0.306282722513089,0.15245374094931613,0.20864433258114903,0.5476889214966985,0.6185363716038563,0.4314956331877729,0.4002545338848234,0.487392703862661,0.627735368956743,0.6631914277439906,0.5153364116094987,0.5961511249469366,0.7700330704655305,0.6054794520547945,0.464539820977737,0.5095091468936788,0.4635114071135043,0.5397280733832718,0.36672121782882183,0.5220139335271983,0.5606514905802401,7,0.49727867882988297,657
Deoghar,Jharkhand,0.08405617513424204,0.8603475513428119,0.8432505950357022,0.17447953547656145,0.1633033559991226,0.5448054635761589,0.25556282722513085,0.08219361759184768,0.14667592431869472,0.25752017608217176,0.6492112182296231,0.4336790393013101,0.2797751617350726,0.41094420600858367,0.5075063613231553,0.5984651028091514,0.24884564643799478,0.3649356162445168,0.8346476723480031,0.3995785036880927,0.6956621528574708,0.46205397572903467,0.3056539606064901,0.4450404460940998,0.2782327526894936,0.4460739742354546,0.4730539325588004,7,0.4106002763944621,697
Godda,Jharkhand,0.6356877323420075,0.7943127962085307,0.8529411764705881,0.36312137091063595,0.1212985303794692,0.46316225165562913,0.19371727748691095,0.0797801019039957,0.15795868772782506,0.40792369772560527,0.6144829097283085,0.5019104803493449,0.36971046770601335,0.5757778969957081,0.6211195928753181,0.7576020851433537,0.40517810026385226,0.5020517900099052,0.8277791910455355,0.44762908324552164,0.5402800091806289,0.39232023184205767,0.2889329743517075,0.5384206429944768,0.29077253491452915,0.5652241046139477,0.4863101971341727,7,0.47018186991428157,674
Sahibganj,Jharkhand,0.5631970260223047,0.7342812006319117,0.7997279836790208,0.19756408440730774,0.09673173941653872,0.34788907284768217,0.26603403141361254,0.0675784392598552,0.30689116472834577,0.30520909757887016,0.5446976336546888,0.556632096069869,0.3373634531763708,0.5342006437768241,0.550763358778626,0.6479872574572835,0.4398087071240106,0.5606339323616811,0.9127448486390232,0.2434141201264488,0.6504475556575625,0.31769606955261726,0.3240753861414199,0.45656518450079425,0.2980820733270745,0.5253893618517946,0.4926886599432519,7,0.4431813199057288,688
Pakur,Jharkhand,0.5947955390334572,0.7390205371248024,0.8060183611016661,0.12774394561676816,0.09135775389339769,0.5308360927152318,0.13219895287958114,0.0,0.24700572817219227,0.4735876742479824,0.6315731814198072,0.6173580786026202,0.23629228974440555,0.4916845493562232,0.549618320610687,0.6261222125687809,0.49587730870712415,0.41191453233338055,0.8913762401424575,0.1970495258166491,0.5600183612577462,0.1988770150335085,0.3307354399886637,0.48162870491422055,0.2968731073439126,0.5042150901765433,0.44083548903993286,7,0.43088809786865234,693
Dhanbad,Jharkhand,0.540066088393226,0.9529225908372829,0.8112886773206394,0.5429825803710523,0.3133362579513051,0.46057533112582777,0.5459751308900523,0.32555644945025475,0.5082450963374414,0.6008804108584006,0.7949167397020158,0.5337063318777293,0.4262382012938805,0.6478004291845494,0.7296437659033079,0.7629597451491457,0.4411279683377309,0.6659119852837131,0.8003052658356652,0.7087460484720758,0.7817305485425752,0.6761456257924289,0.41037267960889906,0.6035285876665556,0.555114765447633,0.6200696946817226,0.6406200174104411,7,0.6048332663015881,504
Bokaro,Jharkhand,0.580958281701776,0.9150078988941549,0.7691261475688541,0.49766322050701034,0.4207062952401842,0.45012417218543044,0.555628272251309,0.42048806650576553,0.5441763582711334,0.7839325018341893,0.7813321647677477,0.5712336244541486,0.4703574079966062,0.6514216738197425,0.7564885496183207,0.804807413843035,0.5216029023746701,0.7458610442903638,0.6031544136352073,0.5144362486828239,0.6492999770484279,0.545191088570911,0.4105143828822445,0.6055976693495683,0.6171114727260291,0.6508617339463706,0.5700085796406641,7,0.610894863915658,493
Lohardaga,Jharkhand,0.46303180503924,0.9750394944707739,0.6332879972798369,0.5443988103668037,0.2779118227681509,0.5972682119205298,0.47218586387434547,0.28720836685438456,0.6207255684776948,0.7978723404255319,0.9088518843120071,0.7183406113537117,0.35305970940714815,0.7277360515021458,0.7978371501272266,0.8856067187952504,0.8052440633245382,0.6254421961228245,0.8730602900025438,0.4189673340358272,0.49093412898783567,0.34323492120992577,0.3800481791129376,0.5818230236408891,0.6173688047887926,0.6965160482370966,0.5624187303994905,7,0.6145316517665671,485
Purbi Singhbhum,Jharkhand,0.7412226352746799,0.8647709320695103,0.8252295137708262,0.5802294292593116,0.5368501864443956,0.5129346026490066,0.6341623036649214,0.4446232233842852,0.6556153445582363,0.8657373440939105,0.8713847502191061,0.7085152838427947,0.38508855658076147,0.7921137339055793,0.9240458015267176,0.9475818129163046,0.8151385224274408,0.6261497099193435,0.9529381836682778,0.5211801896733402,0.4282763369290796,0.37601883716717993,0.3983279013745217,0.6768728832446217,0.6943045931840919,0.7514690377544315,0.5882899544513119,7,0.6777341171586143,345
Palamu,Jharkhand,0.35274679884345306,0.8663507109004739,0.9131247874872492,0.24132559127602327,0.1842509322219785,0.5651903973509934,0.4379908376963351,0.30745508179136494,0.3853497656656831,0.7780630961115187,0.712751971954426,0.6379639737991265,0.3125463994060876,0.6078326180257511,0.6800254452926209,0.7591949029829135,0.6855211081794197,0.5096929390123107,0.8913762401424575,0.35616438356164376,0.6800550837732385,0.45354102517659844,0.38656652968683575,0.5204982030133619,0.5243221506438656,0.5995126679012998,0.5661310442189292,7,0.5526160164443642,600
Latehar,Jharkhand,0.613589425857084,0.6511848341232226,0.6463787827269637,0.3138365670584903,0.061636323755209485,0.5285596026490066,0.3295157068062827,0.1733708769106999,0.44124283978475964,0.6768158473954513,0.6947852760736196,0.6644377729257642,0.4110722239898186,0.6142703862660944,0.6220101781170485,0.7646973646104837,0.587401055408971,0.8272251308900526,0.8326125667769017,0.43224446786090615,0.6628414046362177,0.41659119724687554,0.385007793680034,0.4691975893616627,0.4631461093941627,0.6152975851818419,0.5919890880714227,7,0.5349075930022724,616
Hazaribagh,Jharkhand,0.4921520033044196,0.9421800947867299,0.7533151989119347,0.3738847188783459,0.30927835051546393,0.5572226821192053,0.5083442408376964,0.3551890587288817,0.33049817739975695,0.6016140865737345,0.7220639789658194,0.457014192139738,0.3399087920246049,0.5430525751072961,0.7713740458015268,0.7917752678830003,0.5070910290237467,0.6178010471204191,0.768761129483592,0.48071654373024236,0.7312370897406472,0.5413874298134396,0.47286382315431486,0.57133884141935,0.5035419085011779,0.5806249745912332,0.5885511560094859,7,0.5610142201303118,590
Ramgarh,Jharkhand,0.5398595621643949,0.9494470774091629,0.6040462427745664,0.4951140065146581,0.2691379688528186,0.5020695364238411,0.5584096858638744,0.4120407615982836,0.5646589133830933,0.8118121790168746,0.8729184925503944,0.5062772925764192,0.38773995121433874,0.7113733905579399,0.7325699745547075,0.8509991311902693,0.6995382585751979,0.7181265034668176,0.7682523530908166,0.5344573234984193,0.5634610970851504,0.4908531063213186,0.507722828397336,0.5599457323565736,0.6439680064825041,0.6377919480187348,0.611773067205008,7,0.6133696885157052,488
Dumka,Jharkhand,0.34675753820735244,0.7848341232227488,0.8740224413464809,0.17306330548081011,0.10397016889668786,0.45757450331125826,0.2784685863874345,0.07388039688924643,0.2522131574379448,0.45451210564930306,0.6007887817703769,0.5259279475982532,0.3702407466327288,0.4014216738197425,0.4945292620865141,0.5506805676223574,0.6520448548812666,0.6012452242818737,0.8364283897227169,0.47291886195995775,0.46408078953408316,0.3167904365151241,0.28850786453167065,0.45670368007755635,0.33197260562686115,0.46856003955191916,0.5188594887752418,7,0.44402395350789464,687
Jamtara,Jharkhand,0.4056175134242049,0.7541864139020538,0.8809928595715742,0.3342302789973092,0.1276595744680851,0.6390728476821191,0.3071007853403141,0.10445159560203808,0.1227217496962333,0.45341159207630227,0.7049737072743207,0.5514465065502184,0.335348393254852,0.6032725321888411,0.6866412213740459,0.7467419635099914,0.650725593667546,0.7782651761709354,0.6486899007886033,0.3938883034773445,0.5753959146201515,0.29360623075529796,0.3208162108544707,0.523626581340891,0.33853188599784173,0.5846901233755898,0.523055332904907,7,0.4924759809048074,660
Ranchi,Jharkhand,0.4942172655927304,0.9778830963665086,0.7665759945596735,0.6790822829627532,0.5381662645316955,0.44184602649006627,0.6511780104712043,0.48069187449718415,0.6373893421281027,0.8000733675715335,0.8361086765994742,0.7018286026200873,0.3271820977834341,0.7805793991416308,0.8381679389312977,0.9225311323486823,0.5681068601583114,0.6790717418989671,0.8776392775375222,0.680295047418335,0.3518476015607069,0.39503713095453724,0.4630862972934675,0.649628488417238,0.6810882542534997,0.7140578341650266,0.573583422403121,7,0.6545894998097214,401
Khunti,Jharkhand,0.6460140437835605,0.7747235387045815,0.46599795987759274,0.3670868148987395,0.11022153981136214,0.5900248344370861,0.3483311518324607,0.21010994904800212,0.623155702135046,0.8415260454878943,0.6822962313759859,0.6138100436681222,0.35072648212960017,0.5222639484978541,0.6662849872773537,0.7114103677961192,0.5367744063324538,0.733974812508844,0.7031289748155686,0.4663856691253952,0.3667661234794584,0.3329107045825032,0.4056964715884938,0.4923447885854871,0.5410838159758778,0.5728991658738098,0.5065195946332454,7,0.5282118412671051,623
Gumla,Jharkhand,0.5386204047914085,0.6549763033175355,0.5782046922815368,0.2957088231128735,0.11537617898661987,0.5227649006622517,0.5017997382198952,0.2646822204344328,0.6380836660302031,0.7362435803374908,0.7321428571428571,0.7524563318777292,0.4765086435465054,0.7702521459227467,0.7933842239185752,0.858673617144512,0.7572559366754618,0.805716711475874,0.8702620198422792,0.429504741833509,0.6421849896717925,0.4287266799492846,0.42085872183647444,0.45094188385870426,0.5745904124329758,0.7302549924820136,0.6220728287549536,7,0.5944650293821618,526
Simdega,Jharkhand,0.23771168938455192,0.4969984202211691,0.4345460727643658,0.595666336213001,0.08039043649923228,0.6154801324503312,0.493782722513089,0.21641190667739338,0.724179829890644,0.8176815847395452,0.9190403155127082,0.6098526200873363,0.3183794675999576,0.490343347639485,0.6912213740458016,0.6831740515493774,0.6593007915567283,0.6560067921324466,0.8142966166369882,0.3879873551106427,0.6180858388799633,0.46006158304654965,0.2849652826980303,0.4101321812554419,0.6342192718666759,0.5585941721843917,0.554386322865907,7,0.5393329870431042,609
Pashchimi Singhbhum,Jharkhand,0.3104089219330855,0.47235387045813587,0.647908874532472,0.1203795496388614,0.07589383636762448,0.4714403973509934,0.18373691099476436,0.12496647894877984,0.5771567436208992,0.7556859867938371,0.7849474145486416,0.4948144104803493,0.3234701452964259,0.4546673819742489,0.5917302798982188,0.5667535476397335,0.7849604221635883,0.6407244941276355,0.7336555583820911,0.0,0.40280009180628873,0.0,0.31401445373388137,0.34973090838019544,0.48529870698138444,0.48628715305779524,0.4108792886019264,7,0.4330490142553254,692
Saraikela-Kharsawan,Jharkhand,0.7308963238331267,0.7943127962085307,0.7567154029241754,0.4479535476561394,0.2513709146742707,0.6408319536423841,0.4854384816753926,0.3004827031375703,0.6668981079673668,0.6228906823184154,0.722940403155127,0.8024017467248908,0.5305970940714816,0.7010461373390559,0.7689567430025447,0.8414422241529105,0.6845316622691293,0.8701004669591059,0.7669804121088781,0.4339304531085352,0.3467982556805141,0.24778119905814164,0.2753294601105286,0.603680156489771,0.5597300756507744,0.7288887890581768,0.5179217013278333,7,0.6025551806316388,508
Belgaum,Karnataka,0.9287484510532837,0.9715639810426538,0.9049642978578715,0.5442571873672285,0.7261460846676902,0.20250413907284767,0.5790248691099475,0.4585679806918744,0.4306544002777296,0.6661775495231109,0.7289658194566171,0.6123089519650654,0.6297592533672711,0.8324839055793991,0.9684478371501274,0.947871416159861,0.6939313984168866,0.9124097919909439,0.8817094886797253,0.5865121180189673,0.5613954555887078,0.4618728491215359,0.322233243587927,0.7130306901769292,0.5726781238118559,0.7981742728443447,0.631437763629242,7,0.678830212615593,343
Bagalkot,Karnataka,0.9535315985130112,0.9646129541864138,0.985549132947977,0.3122787140631639,0.5267602544417636,0.21875,0.5081806282722513,0.3232770179672834,0.3278944627668808,0.7457813646368305,0.6266432953549518,0.7075600436681223,0.7620108176901049,0.8598444206008585,0.9389312977099239,0.8747465971618882,0.6467678100263852,0.6438375548323192,0.8903586873569066,0.26027397260273977,0.7156300206564149,0.36297772142727763,0.44834915686552357,0.6602471090253882,0.5063553537996396,0.8286186353661795,0.5668849891096525,7,0.640526521825215,432
Bijapur,Karnataka,0.9064436183395291,0.9238546603475515,0.8728323699421965,0.22093187933720443,0.5703005044966001,0.20747102649006624,0.4582787958115183,0.31550013408420485,0.3188682520395764,0.5685986793837124,0.6921560035056968,0.4632914847161572,0.5515961395694134,0.66362660944206,0.8950381679389313,0.8551983782218361,0.5235817941952506,0.7911419272675819,0.7903841261765454,0.3091675447839832,0.7590084920817076,0.4241985147618185,0.42865240187048315,0.616972343158858,0.4706803729649418,0.6857501559776796,0.5751621144481958,7,0.5871412466374188,542
Bidar,Karnataka,0.956422965716646,0.9605055292259084,0.9809588575314518,0.38606429684180715,0.620092125466111,0.20995447019867552,0.5757526178010473,0.42075623491552683,0.6660302030897415,0.8547322083639032,0.7987510955302366,0.4967248908296943,0.5399300031816736,0.8678916309012876,0.987022900763359,0.8801042571676803,0.583608179419525,0.7503891325880855,0.7715593996438566,0.5013698630136986,0.5953637824190957,0.4754573446839341,0.3705540597987814,0.6856663741634333,0.6632044719400911,0.754334736568739,0.5783288230809968,7,0.670383601438315,365
Raichur,Karnataka,0.7672449401073937,0.9898894154818327,0.8981638898333901,0.3367794929896616,0.617569642465453,0.17177152317880795,0.25654450261780104,0.24229015821936173,0.6198576636000694,0.6746148202494497,0.6579754601226994,0.5468067685589519,0.6691059497295577,0.6857564377682404,0.8591603053435115,0.7584708948740225,0.6736477572559366,0.785198811376822,0.8677181378784024,0.4387776606954689,0.569198990130824,0.392139105234559,0.3096216522601673,0.6302364840094231,0.4902565209618762,0.7038600712548567,0.5766145878331687,7,0.6002419160148311,514
Koppal,Karnataka,0.8981825691862865,0.9744075829383886,0.9311458687521251,0.41849596374451214,0.4253125685457337,0.20146937086092717,0.34685863874345546,0.2783588093322606,0.5302898802291269,0.6878209831254585,0.6472392638036809,0.3560316593886462,0.4911443419238519,0.7475858369098712,0.8821882951653945,0.8433246452360268,0.7500000000000001,0.6152539974529504,0.822437038921394,0.2427818756585879,0.5712646316272665,0.2995834088027531,0.3511407113504322,0.6415023206713288,0.49811351504679646,0.6640549557247581,0.5217802376876264,7,0.5813627572826274,555
Gadag,Karnataka,0.9944237918215614,0.9557661927330172,0.9240054403264196,0.3676533068970401,0.5227023470059223,0.2806291390728477,0.524705497382199,0.42263341378385616,0.5193542787710467,0.9251650770359502,0.6523882559158632,0.35807860262008734,0.6821508113267579,0.8012339055793991,0.9515267175572518,0.9742253113234868,0.5755277044854882,0.6303947926984578,0.7361994403459681,0.32581664910432034,0.6837273353224697,0.4093461329469299,0.3566671390109111,0.6741967029761348,0.6088493045777831,0.7534430696813966,0.5310970277020778,7,0.6418965262343481,430
Dharwad,Karnataka,0.993184634448575,0.9804107424960504,0.7949676980618837,0.709247981872256,0.7725378372450098,0.24141142384105962,0.7061518324607331,0.5063019576293911,0.6913730255164033,0.8793103448275863,0.7921779141104295,0.7153384279475982,0.8574610244988863,0.9793454935622319,0.9960559796437659,0.9850854329568491,,0.7932644686571388,0.9529381836682778,0.325395152792413,0.7236630709203581,0.39793515667451557,0.40087856029474284,0.7486267196608057,0.7150630149089088,0.9066572717218662,0.5990124321679077,6,0.742339859614872,188
Uttara Kannada,Karnataka,0.9834779016935151,0.9721958925750397,0.7419245154709282,0.854978048435066,0.7107918403158587,0.3194329470198676,0.7483638743455499,0.4770716009654062,0.7988196493664294,0.9530447542186353,0.933282208588957,0.7378548034934498,0.5676105631562202,0.8374463519313305,0.9907124681933843,0.9881262670141907,0.8946240105540897,0.8802886656289799,0.8511829051132027,0.6543730242360379,0.5988065182464999,0.5274406810360442,0.3749468612724955,0.7638001909183793,0.7821164174969956,0.8243500907577153,0.683094666583907,7,0.7633403414392492,142
Haveri,Karnataka,0.970053696819496,0.9699842022116902,0.9838490309418565,0.5612519473162443,0.57095854354025,0.2858029801324503,0.5386125654450261,0.35384821668007505,0.7128970664815136,0.8477622890682318,0.7353198948290973,0.6411026200873362,0.575776858627638,0.9051770386266096,0.963994910941476,0.9394729220967274,0.9292546174142479,0.7205320503749824,0.772831340625795,0.6469968387776607,0.6956621528574708,0.49628690454627794,0.40484625194842006,0.7236500668269978,0.6376880065007888,0.8051048700759574,0.6666300223635507,7,0.7082682414418237,276
Bellary,Karnataka,0.9361833952912019,0.9658767772511849,0.9102346140768446,0.4941226455176321,0.7411713094976968,0.25362168874172186,0.4227748691099476,0.35290962724591035,0.6141294914077416,0.8818782098312546,0.8359991235758107,0.5615447598253275,0.5514900837840704,0.827387339055794,0.9458015267175574,0.9413553431798437,,0.6543087590208011,0.8692444670567285,0.5169652265542677,0.5770025246729401,0.46857453359898577,0.39648575882102877,0.7168684050627138,0.6215382642341329,0.7655158105125186,0.580430211620792,6,0.6710881728575393,364
Chitradurga,Karnataka,0.989673688558447,0.99304897314376,0.9629377762665758,0.47882736156351796,0.7894275060320246,0.3536837748344371,0.6055301047120418,0.46500402252614637,0.6408609616386044,0.7138664710198093,0.8414767747589834,0.545169213973799,0.794994166931806,0.9425965665236051,0.9786259541984732,0.9291920069504779,,0.9340597141644262,0.8417705418468583,0.519072708113804,0.6926784484737204,0.5439232023184206,0.4866090406688394,0.7612665133997938,0.653347666931117,0.8381155817156323,0.6696856092643447,6,0.730603842827722,214
Davanagere,Karnataka,0.9374225526641883,0.9627172195892573,0.9566473988439307,0.765330689704008,0.772757183592893,0.24906870860927152,0.6115837696335079,0.44877983373558583,0.6684603367470925,0.8209831254585473,0.7834136722173533,0.5004093886462883,0.6224414041785978,0.7242489270386266,0.978498727735369,0.8282652765710976,,0.7244941276354889,0.7659628593233274,0.46786090621707066,0.6717925177874684,0.5364970114109764,0.35893439138444094,0.7739906255005914,0.6666441475584174,0.7307727448339959,0.5875903022931288,6,0.6897494550465334,323
Shimoga,Karnataka,1.0,0.983570300157978,0.9087045222713362,0.7959212576122363,0.8449221320465015,0.26272764900662254,0.674247382198953,0.4754625905068382,0.8076722791182087,0.9104915627292737,0.8502410166520595,0.4420032751091703,0.7961607805705802,0.892167381974249,0.9956743002544529,0.9497538372429771,,0.915947360973539,0.8789112185194607,0.6657534246575342,0.5705760844617856,0.5064299945662017,0.37636389400595155,0.7993076435157791,0.7436229662410666,0.8151519150302858,0.6523303295307454,6,0.7526032135794692,165
Udupi,Karnataka,0.9694341181330028,0.9864139020537123,0.6851411084665081,0.9235235802294294,0.6488264970388242,0.5144867549668874,0.8452225130890053,0.5607401448109411,0.9234507897934386,0.9735876742479824,0.9510297984224365,0.6660753275109169,0.5837310425283698,0.8619903433476396,0.9857506361323155,0.8579496090356211,0.8339379947229553,0.8577897268996747,0.9102009666751463,0.790094836670179,0.698875372963048,0.7491396486143814,0.5274195833923764,0.787970993481394,0.8508061840727608,0.7910993917109727,0.7667797328482516,7,0.7991640755283447,71
Chikmagalur,Karnataka,0.9686080132176788,0.9775671406003161,0.9268956137368243,0.8932162583203513,0.7716604518534765,0.2982201986754967,0.7246400523560209,0.465540359345669,0.6618642596771394,0.7986060161408658,0.9240797546012269,0.5892467248908296,0.7417541626895746,0.8850590128755366,0.9795165394402038,0.9810309875470605,,0.8217065232772041,0.8784024421266853,0.7026343519494205,0.531558411751205,0.6690816880999818,0.5989797364319116,0.8060279460673573,0.7149460884241844,0.835321485488641,0.7003938589394014,6,0.764172344729896,137
Tumkur,Karnataka,0.9737711689384553,0.9873617693522905,0.93488609316559,0.8058348675824955,0.8406448782627769,0.3083609271523179,0.7079515706806283,0.607669616519174,0.5695191806977956,0.8294203961848862,0.9398553900087643,0.5766921397379913,0.8059179128221443,0.9425965665236051,1.0,0.8996524761077324,,0.9817461440498091,0.8857796998219282,0.4278187565858798,0.853339453752582,0.6458974823401559,0.39549383590760956,0.8084766174089877,0.7308832308182497,0.8449718190382945,0.6983458954096609,6,0.7706693906687982,117
Bangalore,Karnataka,0.9861627426683188,0.9614533965244866,0.9867392043522611,0.8663078884010764,0.9715946479491117,0.28642384105960267,0.7963023560209423,0.7569053365513541,0.7488283284152057,0.925531914893617,0.9833479404031552,0.6689410480349345,0.7449358362498674,0.845225321888412,0.9916030534351146,0.91876629018245,,0.8410924013018256,0.9447977613838717,0.6185458377239198,0.661234794583429,0.621083137112842,0.5189173869916395,0.8431136201591428,0.8421831752568549,0.8338943099581557,0.7009452198495879,6,0.8050340813059352,61
Mandya,Karnataka,1.0,0.94913112164297,0.9733083985039104,0.8133408865599775,0.8978942750603203,0.4013865894039735,0.6495418848167539,0.5221238938053097,0.7720881791355667,0.7824651504035217,0.8606485539000877,0.8084061135371179,0.9090041361756283,0.9467542918454935,0.9930025445292623,0.9604691572545612,,0.9545776142634784,0.9206308827270415,0.7658587987355111,0.8322240073445032,0.8282919760912879,0.5279863964857588,0.8391768785285252,0.7173735324122479,0.9235272486684126,0.804928279274597,6,0.8212514847209457,36
Hassan,Karnataka,0.9671623296158611,0.9772511848341232,0.9455967358041482,0.8303356465089932,0.8501864443957007,0.3698261589403974,0.7107329842931939,0.5049611155805844,0.7196667245269919,0.7663242846661775,0.9126862401402279,0.5637281659388645,0.757344363135009,0.907725321888412,1.0,0.9580075296843323,,0.9088722230083487,0.8995166624268633,0.7057955742887249,0.7539591462015148,0.6986053251222606,0.4511832223324359,0.8233930833498707,0.7228742698414352,0.8373610761293235,0.736322025563358,6,0.7799876137209969,98
Dakshina Kannada,Karnataka,0.9541511771995044,0.9946287519747234,0.8065283917035023,0.9610536751168389,0.8053301162535644,0.36361754966887416,0.8854712041884817,0.6595602038079913,0.9151189029682346,0.9629493763756419,0.9328439964943033,0.81632096069869,0.8234171174037543,0.7855418454935622,1.0,0.8825658847379091,,0.8662798924579032,0.9020605443907402,0.7483667017913592,0.401882028918981,0.6525991668176055,0.628595720561145,0.814218276986168,0.8711887367669305,0.8615691616667831,0.699964009156289,6,0.8117350461440427,55
Kodagu,Karnataka,0.9423791821561337,0.9595576619273302,0.8163889833390003,0.9151678232544966,0.764531695547269,0.4602649006622517,0.8164267015706806,0.60686511128989,0.7772956084013193,0.8829787234042553,0.9364592462751973,0.6037117903930131,0.7423904974016332,0.9163090128755363,0.9800254452926209,0.9141326382855487,,0.8947219470779681,0.8595777155939965,0.6364594309799789,0.6054624741794814,0.7207027712370948,0.5825421567238204,0.8097150411477471,0.8040050781882684,0.8313138768496705,0.7165777492987234,6,0.7904029363711024,85
Mysore,Karnataka,0.9923585295332507,0.9832543443917852,0.9219653179190751,0.8100835575697494,0.9445053739855231,0.25962334437086093,0.6596858638743456,0.48323947438991677,0.6962332928311057,0.7435803374908291,0.8965819456617002,0.760098253275109,0.8630819811220701,0.9201984978540774,1.0,0.9684332464523602,,1.0,0.9247010938692445,0.6977871443624868,0.7440899701629562,0.618547364607861,0.5420150205469747,0.8186317446283741,0.6958641828495795,0.9023623957407233,0.7545234322582539,6,0.7928454388692328,79
Chamarajanagar,Karnataka,1.0,0.9573459715639813,0.9981298877932676,0.6503328140490016,0.8812239526211887,0.34375,0.5523560209424083,0.37664253150978805,0.6651622982121159,0.7747615553925165,0.9348159509202454,0.7759279475982533,0.8457948881111464,0.928513948497854,1.0,0.952215464813206,,0.9351917362388569,0.882727041465276,0.5985247629083245,0.6899242598117972,0.6094910342329289,0.3800481791129376,0.8051304376712399,0.6607476713954148,0.9004904498040919,0.6826511689616868,6,0.7622549319581083,146
Gulbarga,Karnataka,0.9384551838083436,0.9810426540284362,0.8726623597415846,0.10324316669027053,0.5473788111427945,0.1677359271523179,0.4849476439790575,0.3812013944757307,0.48203436903315394,0.8191489361702128,0.6595092024539878,0.45019104803493454,0.5225368543854068,0.7335032188841202,0.8557251908396946,0.8129163046626122,0.5918535620052771,0.9479269845761995,0.7598575426100229,0.5500526870389884,0.5281156759238008,0.4745517116464409,0.28850786453167065,0.6017530170939579,0.5653683092224285,0.6749745233613537,0.5915522897617714,7,0.6084120348598779,499
Yadgir,Karnataka,0.8490293267244939,0.9696682464454979,0.9178850731043863,0.11513949865458149,0.4406668128975652,0.16132036423841056,0.15461387434554968,0.17203003486189325,0.42388474223225137,0.7465150403521643,0.6481156879929886,0.42426310043668114,0.6281684165871249,0.6484710300429185,0.9152671755725191,0.899218071242398,0.7135554089709761,0.7109098627423236,0.8705164080386669,0.0634351949420442,0.6958916685792976,0.3104510052526716,0.2761796797506023,0.5756182203441558,0.42903187595696946,0.7030775587763284,0.5201341754680833,7,0.5569654576363842,596
Kolar,Karnataka,0.9915324246179266,0.9829383886255922,0.9746684801088066,0.8494547514516358,0.8917525773195876,0.3387831125827815,0.6492146596858639,0.5552426924108339,0.536712376323555,0.6691122523844462,0.9314198071866783,0.7056495633187773,0.9179128221444479,0.9493025751072961,0.9949109414758269,0.989429481610194,,0.8498655723786614,0.9089290256932079,0.6221285563751316,0.7459260959375718,0.8460423836261547,0.5320957914127816,0.8381882891177218,0.6683403575982755,0.9114410767313084,0.7508312375705848,6,0.7922002402544727,81
Chikkaballapura,Karnataka,0.9504337050805451,0.996208530805687,0.9668480108806528,0.7884152386347543,0.8855012064049133,0.25838162251655633,0.6171465968586386,0.46071332796996506,0.5302898802291269,0.805575935436537,0.9585889570552147,0.7680131004366811,0.9137766465160674,0.888412017167382,0.9868956743002545,0.9635099913119027,,0.8113768218480262,0.8906130755532944,0.6172813487881981,0.732384668349782,0.6743343597174426,0.5173586509848378,0.8076313857205181,0.6744629395098964,0.9041214859464576,0.7072248208735967,6,0.7733601580126173,113
Bangalore Rural,Karnataka,0.979553903345725,0.9753554502369668,0.9644678680720843,0.8435065854694803,0.9316736126343496,0.3490273178807947,0.7396924083769634,0.5725395548404396,0.7550772435341087,0.7637564196625092,0.9733786152497809,0.7573689956331877,0.9180188779297911,0.8952521459227467,1.0,0.969881262670142,0.879122691292876,0.8133578604782794,0.9185957771559399,0.5066385669125395,0.7296304796878587,0.6980619452997646,0.4908601388692078,0.8405974562732336,0.7608888483327603,0.9081042564311735,0.719466779956638,7,0.8072643352484513,58
Ramanagara,Karnataka,1.0,0.9876777251184834,0.9717783066984019,0.8552612944342162,0.9143452511515683,0.3576158940397351,0.7210405759162304,0.5477339769375167,0.7950008679048776,0.7898019075568599,0.9949605609114812,0.8941048034934499,0.8948987167249972,0.8318133047210301,1.0,1.0,,0.8511390972123958,0.8168404986008648,0.9481559536354057,0.6431030525591003,0.7712370947292156,0.49992914836332714,0.8477797452404007,0.7697075778453931,0.9241633649878954,0.7550674741833848,6,0.8241795405642686,32
Kasaragod,Kerala,0.9822387443205287,0.9829383886255922,0.8837130227813669,0.9858377000424869,0.7116692257073919,0.44350165562913907,0.937663612565445,0.7335746849021184,0.9177226176011108,0.8657373440939105,0.9333917616126205,0.9702510917030567,0.9207763283487115,0.9401824034334763,1.0,1.0,0.8754947229551452,0.791707938304797,0.9514118544899518,0.743308746048472,0.8138627495983475,0.7418945843144358,0.8670823296018138,0.8316497895177509,0.8776180041550411,0.9662419646970489,0.8263947036161375,7,0.8754761154964946,8
Kannur,Kerala,0.9923585295332507,0.989257503949447,0.8959537572254335,0.9944767030165699,0.6775608686115375,0.48406456953642385,0.9895287958115183,0.8112094395280234,0.9066134351675056,0.9137931034482758,0.9646143733567046,0.9347707423580786,0.7838583094707815,0.9176502145922745,1.0,1.0,0.6322559366754618,0.7464270553275789,0.9814296616636989,0.869336143308746,0.7821895799862291,0.8051077703314617,0.8252798639648575,0.8389453219787771,0.9171518294624056,0.9272558532842268,0.8060037158940049,7,0.8723391801548537,9
Wayanad,Kerala,0.9343246592317223,0.903949447077409,0.8995239714382863,0.968418071094746,0.516779995613073,0.658112582781457,0.9018324607329843,0.7299544113703406,0.8538448186078805,0.9057226705796038,0.8346844872918492,0.9732532751091701,0.9526991197369816,0.9523873390557939,1.0,1.0,,0.7158624593179568,0.9643856525057237,0.6170706006322445,0.732384668349782,0.7223329107045825,0.7953804732889329,0.8135181212061156,0.8452077697165317,0.9756679467803892,0.7579027941332037,6,0.84807415795906,16
Kozhikode,Kerala,0.9770755885997522,0.9873617693522905,0.8867732063923836,0.9968842940093471,0.7152884404474665,0.6204470198675497,0.9890379581151832,0.9477071600965405,0.9265752473528901,0.8609684519442407,0.9618755477651183,0.9822598253275108,0.9268215081132676,0.8859978540772532,1.0,1.0,,0.7560492429602379,0.940473162045281,0.828240252897787,0.7778287812715171,0.7884441224415867,0.8978319399178121,0.8639717197781316,0.9372328730547947,0.9590158375036063,0.8314779169223704,6,0.8979245868147258,3
Malappuram,Kerala,0.9946303180503923,0.9902053712480252,0.9608976538592316,1.0,0.5528624698398772,0.4305670529801324,0.9906740837696336,0.7496647894877982,0.7349418503731991,0.9053558327219369,0.8760955302366346,0.9413209606986898,0.9127160886626365,0.9645922746781114,1.0,1.0,0.6746372031662269,0.6619499080232065,0.8590689392012211,0.6585879873551106,0.6853339453752582,0.7429813439594277,0.6840017004392801,0.8215271443296097,0.8513464173178406,0.9637258648078875,0.7095087182171044,7,0.8365270361681106,22
Palakkad,Kerala,0.989673688558447,0.9661927330173777,0.9095545732743966,0.9873955530378133,0.6456459749945164,0.5447019867549668,0.9129581151832462,0.6645213193885758,0.7549036625585837,0.8393250183418929,0.8632778264680104,0.9739355895196508,0.6790751935518082,0.9733100858369097,1.0,1.0,,0.7094948351492855,0.9323327397608752,0.6520547945205478,0.6040853798485196,0.6276036949827931,0.6169760521468046,0.8405274182729195,0.8069971883880618,0.9252641737816738,0.6904245827348042,6,0.8158033407943648,45
Thrissur,Kerala,1.0,1.0,0.8923835430125808,0.9950431950148705,0.74270673393288,0.4915149006622517,0.9949280104712042,0.8793242156074015,0.9826419024474917,0.962582538517975,0.8626205083260298,0.9658842794759825,0.827659348817478,0.9420600858369099,1.0,1.0,,0.8517051082496111,0.7906385143729331,0.8128556375131717,0.8817994032591233,0.8168809998188734,0.662746209437438,0.8536080621037638,0.9364194350740205,0.9471207428260741,0.8027709787751919,6,0.8849798046947626,5
Ernakulam,Kerala,0.9586947542337877,1.0,0.9687181230873851,0.9923523580229431,0.8745338890107478,0.4665769867549669,0.9934554973821988,0.940734781442746,0.9505294219753515,1.0,0.939526730937774,0.9044759825327511,0.82532612153993,0.953862660944206,0.9888040712468193,1.0,,0.8597707655299279,0.9542101246502163,0.813277133825079,0.7094330961670875,0.7781199058141641,0.837608048745926,0.8768126851849717,0.9648492863476141,0.9344937672527414,0.8254031791220667,6,0.9003897294768485,2
Idukki,Kerala,0.9541511771995044,0.9668246445497631,0.6987419245154709,0.9670018410989945,0.5009870585654749,0.5893004966887417,0.912630890052356,0.7995441137034056,0.8771046693282416,0.9002201027146002,0.9189307624890446,0.9143013100436681,0.7412238837628592,0.9258315450643777,1.0,1.0,,0.7611433422951749,0.9160518951920632,0.7662802950474182,0.769795731007574,0.7033146169172251,0.8991072693779226,0.7795011904363248,0.8816861076575296,0.9162713477741811,0.8026155249728965,6,0.845018542710233,18
Kottayam,Kerala,0.9417596034696408,0.9883096366508687,0.9513770826249575,0.9821555020535336,0.7004825619653433,0.5384933774834437,0.99967277486911,0.9676857066237596,0.9729213678180871,0.8980190755685986,0.9350350569675723,0.7542303493449782,0.5383391664015271,0.8049892703862661,0.9833333333333333,0.990298291340863,,0.9017970850431585,0.7405240396845587,0.7839831401475237,0.9100298370438374,0.816518746603876,0.831373104718719,0.8504296273746313,0.9546667963694254,0.8142380821613935,0.830704325540279,6,0.8625097078614323,11
Alappuzha,Kerala,0.9037587773647254,0.9974723538704582,0.9729683781026861,0.9903696360288912,0.7742926080280762,0.6134105960264901,0.99967277486911,0.8746312684365781,0.9340392293004687,0.8936170212765958,0.9242988606485539,0.8025382096069869,0.6503340757238307,0.8625268240343348,0.9921119592875317,1.0,,0.9354747417574643,0.886797252607479,0.8541622760800843,0.7727794353913243,0.7603694982792973,0.9243304520334419,0.8753787249035545,0.9252518309062614,0.8615022137305367,0.8556522760248485,6,0.8794462613913002,6
Pathanamthitta,Kerala,1.0,0.9883096366508687,0.8991839510370621,0.9871123070386632,0.564926518973459,0.5066225165562914,0.9990183246073298,0.9510592652185572,1.0,1.0,0.9769938650306749,0.9088427947598252,0.8436737724042845,0.9429989270386266,0.9881679389312976,0.9876918621488562,,0.6439790575916231,0.8817094886797253,0.7995785036880926,0.8416341519394079,0.927730483608042,0.7260875726229276,0.824359155042724,0.9854142909713124,0.934275059056578,0.803453209688303,6,0.8868754286897292,4
Kollam,Kerala,1.0,0.992733017377567,0.9268956137368243,0.9672850870981449,0.7844922132046501,0.5676738410596026,0.9754581151832461,0.8978278358809332,0.9682346814789099,1.0,0.9934268185801929,0.9040665938864628,0.7945699437904338,0.8920332618025749,1.0,1.0,,0.9402858355737937,0.8590689392012211,0.9508956796628029,0.6116593986688088,0.822133671436334,0.8920221057106419,0.8731799620794649,0.9669894902246565,0.9181339598958942,0.8460109383756005,6,0.901078587643904,1
Thiruvananthapuram,Kerala,0.9876084262701365,0.99652448657188,0.8791227473648419,0.9374026341877922,0.697411713094977,0.4918253311258278,0.9797120418848169,0.9312148028962187,0.8923797951744489,0.8330887747615554,0.9796231375985978,0.8376091703056768,0.5405663378937321,0.8218884120171672,0.9930025445292623,1.0,,0.9105702561199944,0.8379547189010431,0.8657534246575341,0.7039247188432408,0.8543742075710922,0.8849369420433612,0.8316492231025757,0.9232037104631277,0.8386132929491676,0.8429190446893776,6,0.8590963178010622,14
Leh(Ladakh),Ladakh,0.9721189591078068,0.9943127962085306,0.7808568514110846,0.1862342444412973,0.9309059004167579,0.15552566225165562,0.6182918848167539,0.48498256905336545,0.9571254990453046,1.0,0.8135407537248028,0.7450873362445415,0.6922261109343514,0.7495976394849785,0.9541984732824428,0.9763973356501594,,0.8742040469789162,0.723988806919359,0.7662802950474182,0.707137938948818,0.7866328563666004,0.0,0.6699924023061888,0.7747881413280454,0.8235013791192948,0.643040657376852,6,0.7278306450325953,225
Kargil,Ladakh,0.9681949607600164,0.9721958925750397,0.83304998299898,0.18425152244724546,0.5423338451414784,0.12841473509933776,0.631871727748691,0.4922231161169214,0.9572990800208298,1.0,0.7194347063978966,0.8829148471615719,0.8871566443949518,0.7155311158798283,0.9201017811704835,0.935563278308717,,0.8142068770341023,0.8432968710251846,0.5072708113804004,0.6961211843011247,0.7353740264444847,0.10811959756270383,0.604740156503683,0.7601657260568678,0.8682535333831105,0.617398227958,6,0.7126394109754154,269
Lakshadweep,Lakshadweep,1.0,0.99304897314376,0.8789527371642297,0.9992918850021244,0.557359069971485,0.6100993377483444,0.9473167539267016,0.7266023062483239,0.9770873112306891,0.958547322083639,0.9810473269062225,1.0,0.8903383179552444,0.9073229613733906,0.9950381679389315,1.0,,0.24522428187349654,0.9422538794199948,0.6025289778714435,0.7041542345650676,0.6629233834450281,0.7425251523310189,0.8397920005049905,0.9181202040791152,0.9585398894535133,0.6499349849176749,6,0.8415967697388235,19
Sheopur,Madhya Pradesh,0.715200330441966,0.9374407582938388,0.8483509010540632,0.2655431242033707,0.1569423119105067,0.26862582781456956,0.2643979057591623,0.031241619737194953,0.31452872765144935,0.8107116654438739,0.4574934268185802,0.6394650655021835,0.3886944532824265,0.6876341201716738,0.7984732824427482,0.7413843035041993,0.4358509234828497,0.5747842082920618,0.907148308318494,0.3131717597471022,0.7310075740188203,0.44756384712914327,0.3385291200226725,0.5320172089530525,0.3756746690820521,0.6511302449806462,0.5354365344301635,7,0.5235646643614786,632
Morena,Madhya Pradesh,0.8616274266831887,0.9829383886255922,0.9508670520231214,0.47358731057923803,0.26277692476420267,0.3634105960264901,0.525359947643979,0.16076696165191737,0.5176184690157959,0.7538517975055026,0.6442813321647678,0.7662390829694323,0.6422738360377559,0.7953326180257511,0.9333333333333336,0.8550535766000579,0.5008245382585753,0.5045988396773737,0.8308318494021878,0.43519494204425707,0.8703236171677761,0.5933707661655498,0.29502621510556903,0.6492012831169721,0.5203757015963925,0.7984464893932661,0.5757386811173271,7,0.6359405388059894,447
Bhind,Madhya Pradesh,0.8574969021065674,0.9415481832543445,0.9233253995239713,0.7168956238493132,0.2451195437595964,0.30867135761589404,0.5757526178010473,0.20528291767229817,0.5650060753341434,0.7967718268525312,0.7298422436459246,0.7685589519650655,0.6231837946759995,0.7943937768240342,0.9176844783715012,0.9061685490877497,0.5174802110817941,0.5603509268430735,0.8211650979394556,0.5981032665964173,0.8182235483130594,0.6040572360079696,0.2817061074110813,0.6655095016849478,0.5745311362611888,0.80199791018487,0.6001551991704073,7,0.6605484368253535,385
Gwalior,Madhya Pradesh,0.8872366790582406,0.9842022116903634,0.9761985719143148,0.7636312137091064,0.67109015134898,0.4084230132450331,0.6462696335078533,0.326226870474658,0.7951744488804028,0.8796771826852531,0.748794916739702,0.8172762008733624,0.6839537596775903,0.7565718884120172,0.933206106870229,0.916159860990443,0.6776055408970977,0.6390264610159899,0.8247265326888832,0.4314014752370916,0.8186825797567133,0.5325122260460062,0.24217089414765483,0.7817969734943397,0.6792286104575739,0.8214335633647284,0.5951608156842053,7,0.7194049907502119,250
Datia,Madhya Pradesh,0.7831474597273854,0.992733017377567,0.9289357361441686,0.5316527404050418,0.24775169993419607,0.3075331125827815,0.5327225130890052,0.19093590775006702,0.5198750216976219,0.7817314746881878,0.7035495179666958,0.6842248908296942,0.5281578110085905,0.7659603004291846,0.865648854961832,0.8350709527946713,0.6637532981530343,0.5862459317956701,0.8555075044517935,0.5024236037934667,0.7266467753041084,0.5969932983155225,0.3219498370412356,0.6319589610285233,0.5457628870383155,0.7358125620047945,0.6076457498364044,7,0.6302950399770094,458
Shivpuri,Madhya Pradesh,0.754646840148699,0.911216429699842,0.7755865351921115,0.37176037388471894,0.2638736565036192,0.39083195364238416,0.39021596858638746,0.10230624832394743,0.43568824856795696,0.7542186353631695,0.5479842243645925,0.6765829694323144,0.5127797221338424,0.8477736051502146,0.9295165394402036,0.9126846220677671,0.39066622691292874,0.5947360973538984,0.8262528618672094,0.4516332982086406,0.6807436309387193,0.4769063575439233,0.35340796372396194,0.5779859648452291,0.44608266504121075,0.7758674916448685,0.5391923480784688,7,0.5847821174024443,546
Tikamgarh,Madhya Pradesh,0.9258570838496488,0.9905213270142181,0.6591295477728665,0.38719728083840815,0.2579513051107699,0.40697433774834435,0.5240510471204187,0.1638508983641727,0.4336052768616559,0.8022743947175348,0.6855828220858895,0.7962609170305677,0.6341075405663379,0.8307403433476396,0.8702290076335879,0.9084853750362005,,0.46328003396066236,0.8890867463749682,0.6977871443624868,0.6495294927702547,0.49809817062126427,0.39676916536771994,0.6046051470557093,0.5218728878299344,0.8079646367228666,0.5990917922428927,6,0.6333836159628508,452
Chhatarpur,Madhya Pradesh,0.7199504337050805,0.8976303317535547,0.7704862291737504,0.37133550488599354,0.23601667032243911,0.16483857615894038,0.41034031413612565,0.1492357200321802,0.3204304808193022,0.7586206896551724,0.5944347063978965,0.5386189956331878,0.3448934139357302,0.6339860515021459,0.8119592875318067,0.774688676513177,0.5532651715039577,0.5406820432998445,0.8417705418468583,0.3266596417281349,0.6997934358503558,0.5033508422387248,0.11718860705682314,0.526709624333293,0.4466123822081354,0.6208292850232094,0.5118157547892428,7,0.5264917615884701,628
Panna,Madhya Pradesh,0.741429161503511,0.8669826224328596,0.7539952397143829,0.2063447103809659,0.14794911164729108,0.11806705298013245,0.39823298429319365,0.13904532046124962,0.6040617948272868,0.7079970652971387,0.40885188431200703,0.4793941048034935,0.2811538869445328,0.6512875536480686,0.7969465648854963,0.7969881262670142,0.41408311345646437,0.7012876751096647,0.8018315950139914,0.3275026343519494,0.5701170530181318,0.41912696975185654,0.2978602805724813,0.47246131644319056,0.45163780983817514,0.6011540473097211,0.5045441887535056,7,0.5074493405861481,651
Sagar,Madhya Pradesh,0.8686493184634448,0.9557661927330172,0.7737164229853791,0.5604022093187935,0.2646413687212108,0.2723509933774834,0.5845876963350785,0.25838026280504145,0.6283631314007986,0.7652237710931767,0.5505039439088518,0.4945414847161572,0.3346060027574504,0.6241952789699571,0.8332061068702292,0.7460179554011004,0.6024076517150396,0.5694071034385172,0.7148308318494022,0.3782929399367756,0.75281156759238,0.4823401557688825,0.17287799348164945,0.6159210842665549,0.5574117611085894,0.6065133657429789,0.5247097491118067,7,0.5761389900574825,564
Damoh,Madhya Pradesh,0.7738537794299876,0.9140600315955767,0.6766405984359062,0.16130859651607427,0.21353366966440007,0.21119619205298013,0.48576570680628284,0.15057656208098683,0.5040791529248394,0.7831988261188555,0.3528702892199825,0.5560862445414846,0.4461766889383816,0.6824034334763949,0.808905852417303,0.7855487981465392,0.3532321899736148,0.7444460166973256,0.7339099465784787,0.42887249736564803,0.7305485425751664,0.5450099619634124,0.2724953946436163,0.4917654779491542,0.45529810743018945,0.6558242035040207,0.5440735071138946,7,0.5367403239993147,613
Satna,Madhya Pradesh,0.8996282527881041,0.9289099526066351,0.8753825229513771,0.3699192748902422,0.29205966220662427,0.21574917218543047,0.56315445026178,0.23947438991686776,0.7762541225481687,0.9739545121056493,0.5526950043821209,0.5766921397379913,0.4999469721073284,0.7554989270386266,0.8159033078880407,0.8022009846510282,,0.48705249752370183,0.8974815568557619,0.23667017913593247,0.7167775992655497,0.5642093823582685,0.19356667139010925,0.5969414729380689,0.6211064958429173,0.6900484662846031,0.5159596477548873,6,0.6060140207051192,501
Rewa,Madhya Pradesh,0.8723667905824039,0.8900473933649288,0.6953417205032302,0.2380682622857952,0.13983329677560868,0.29201158940397354,0.4767670157068062,0.12670957361222848,0.5108488109703176,0.8250183418928834,0.3458588957055215,0.3462063318777292,0.30363771343726803,0.7081545064377682,0.7510178117048347,0.7085143353605561,0.5108839050131927,0.7744446016697326,0.6939709997456118,0.4982086406743941,0.6724810649529492,0.5587755841333092,0.2476973218081338,0.5212781754859901,0.4570405275775514,0.5635061397636314,0.5652088739996176,7,0.5267584292066977,626
Umaria,Madhya Pradesh,0.9386617100371748,0.9421800947867299,0.6511390683441007,0.34626823396119527,0.2001535424435183,0.19360513245033115,0.475458115183246,0.17176186645213193,0.6320083318868251,0.8272193690388848,0.4401840490797546,0.7213427947598254,0.47194824477675257,0.8684281115879828,0.9006361323155216,0.7916304662612221,0.8456464379947229,0.8085467666619499,0.8888323581785806,0.32370916754478396,0.7473031902685334,0.4674877739539939,0.3400878560294742,0.545334630337175,0.5093263463281685,0.7507971499402609,0.6316590786617198,7,0.6092793013168311,497
Neemuch,Madhya Pradesh,0.9919454770755886,0.985781990521327,0.8594015640938457,0.5618184393145447,0.4801491555165606,0.43656870860927155,0.4883835078534032,0.19120407615982835,0.4908869987849332,0.8514306676449009,0.6313540753724802,0.853711790393013,0.5962456251988546,0.917247854077253,0.9681933842239185,0.9564147118447726,0.8131596306068601,0.6882694212537145,0.8786568303230731,0.5818756585879873,0.8019279320633462,0.6290527078427822,0.25931699022247406,0.7192775558551897,0.5306518651631091,0.8583626731475622,0.6646084529857481,7,0.6932251367879023,312
Mandsaur,Madhya Pradesh,0.9578686493184633,0.9977883096366511,0.6183270996259775,0.511400651465798,0.4053520508883527,0.4892384105960265,0.46809554973821976,0.1402520783051756,0.39576462419718794,0.7758620689655172,0.5896143733567046,0.8227347161572052,0.5983667409057164,0.9214055793991415,0.9917302798982187,0.9475818129163046,0.5895448548812665,0.8552426772322063,0.92520987026202,0.6255005268703898,0.8021574477851734,0.7156312262271328,0.42666855604364456,0.6633291952552115,0.47391773891256106,0.8563638258553172,0.705707879900262,7,0.674829659980838,358
Ratlam,Madhya Pradesh,0.9448574969021065,0.9674565560821484,0.8466507990479429,0.5687579662937262,0.48782627769247644,0.38017384105960267,0.4059227748691099,0.137302225797801,0.4570387085575421,0.7208363903154806,0.5571866783523225,0.7347161572052401,0.6440767843885884,0.7997585836909872,0.9388040712468193,0.9438169707500724,0.8845646437994723,0.8280741474458754,0.7629102009666752,0.6663856691253951,0.7300895111315125,0.6118456801304112,0.3042369278730338,0.6992871561796671,0.4556573555784512,0.8122345134563416,0.6840152543531965,7,0.6627985698919141,378
Ujjain,Madhya Pradesh,0.9250309789343247,0.9769352290679304,0.9092145528731723,0.6173346551479961,0.5713972362360167,0.3579263245033113,0.4533704188481676,0.20662375972110483,0.42110744662384997,0.814013206162876,0.7199824715162139,0.5556768558951966,0.5927457842825326,0.7989538626609441,0.9632315521628501,0.8598320301187372,0.8952836411609499,0.8638743455497384,0.812770287458662,0.5462592202318229,0.4190957080560019,0.4749139648614382,0.19668414340371274,0.7263064961271253,0.5230194605744425,0.754088017024052,0.6012687586746178,7,0.6511706831000594,411
Dewas,Madhya Pradesh,0.8911606774060307,0.9867298578199052,0.8908534512070724,0.5717320492848039,0.46446589164290414,0.3509933774834437,0.4694044502617802,0.1890587288817377,0.5118902968234681,0.9185619955979457,0.6580850131463629,0.48580786026200873,0.47417541626895743,0.7958690987124463,0.9011450381679391,0.8819866782507964,0.7879287598944591,0.8376963350785341,0.7847875858560163,0.5026343519494204,0.6343814551296764,0.5738090925556965,0.22757545699305654,0.6926558841406933,0.5494000969422589,0.7077968183324296,0.62125900535098,7,0.6427779511915904,429
Dhar,Madhya Pradesh,0.8729863692688971,0.9248025276461297,0.8160489629377764,0.46310720861067844,0.3964685237990787,0.30111754966887416,0.32657068062827227,0.13636363636363635,0.5407047387606319,0.7164343360234776,0.5386722173531989,0.7561408296943232,0.7646622123236821,0.8909603004291846,0.942111959287532,0.943382565884738,,0.758879298146314,0.8595777155939965,0.6699683877766069,0.4262106954326371,0.4799855098714001,0.43191157715743234,0.6290885236552392,0.4517491218258434,0.859451573523892,0.6044221973297312,6,0.6361778540836764,446
Indore,Madhya Pradesh,0.929368029739777,1.0,0.9807888473308399,0.8607845914176463,0.8584119324413247,0.4052152317880795,0.7053337696335078,0.45736122284794845,0.6235028640860962,0.8455612619222304,0.8208808063102542,0.8191866812227073,0.7448297804645243,0.9071888412017165,0.955470737913486,0.9681436432088039,0.7455474934036939,0.6627989245790293,0.8674637496820148,0.6727081138040041,0.6155611659398669,0.6792247781199058,0.23664446648717588,0.8390947721196111,0.6905279849600074,0.8789639368022476,0.6399926702879558,7,0.7621448410424555,148
Khargone (West Nimar),Madhya Pradesh,0.8882693102023957,0.9614533965244866,0.948656919415165,0.631355332105934,0.5809388023689405,0.4398799668874172,0.3785994764397906,0.18275677125234646,0.7694844645026905,0.7523844460748349,0.6617002629272568,0.6338700873362445,0.6041998090995864,0.7876877682403433,0.9078880407124684,0.8294236895453229,0.6279683377308707,0.9692939012310742,0.863139150343424,0.615595363540569,0.4734909341289879,0.3330918311900018,0.34051296584951113,0.7417589545840566,0.5489850842393839,0.7526138789867931,0.6032989262877769,7,0.6616642110245026,380
Barwani,Madhya Pradesh,0.7912019826517968,0.9785150078988939,0.8374702482148929,0.4495114006514658,0.3493090590041676,0.29045943708609273,0.22693062827225127,0.07696433360150173,0.48602673147023084,0.6713132795304475,0.4629710780017528,0.8527565502183406,0.6348499310637394,0.7567060085836909,0.8105597964376591,0.8538951636258325,0.6065303430079155,0.6727041177302958,0.8984991096413126,0.3112750263435194,0.6690383291255452,0.38742981343959426,0.24500495961456717,0.6160778559178849,0.38484121017523687,0.7817534899858525,0.5414973855575357,7,0.5810424854091275,556
Rajgarh,Madhya Pradesh,0.8031805039239983,0.931121642969984,0.5617137028221693,0.2634187792097437,0.17767054178547925,0.2687293046357616,0.2928664921465968,0.10378117457763474,0.2015275125846207,0.8037417461482026,0.4616564417177914,0.6651200873362445,0.5386573337575564,0.648068669527897,0.8944020356234099,0.8289892846799883,0.5364445910290238,0.6395924720532051,0.7672348003052659,0.6948366701791359,0.5873307321551526,0.6440862162651694,0.2549241887487602,0.500972412557856,0.3727146734349692,0.7150474821850192,0.5892070958193875,7,0.544485415999308,606
Vidisha,Madhya Pradesh,0.9320528707145807,0.9589257503949448,0.9272356341380482,0.5091346834725959,0.25411274402281203,0.48644453642384106,0.4955824607329843,0.10914454277286133,0.6044089567783371,0.7153338224504768,0.5455740578439965,0.7991266375545851,0.531127372998197,0.84375,0.8805343511450383,0.878077034462786,0.6365435356200527,0.5732276779397198,0.7860595268379548,0.5072708113804004,0.7225154923112234,0.5066111211737006,0.6125832506730905,0.6779843698611371,0.4940087681157312,0.7865230792321214,0.6206873451337345,7,0.644800890585681,425
Bhopal,Madhya Pradesh,0.886204047914085,0.9870458135860981,0.9444066643998641,0.7127885568616343,0.822548804562404,0.5122102649006622,0.6982984293193718,0.45347278090640913,0.8038534976566569,0.8653705062362437,0.7610648553900088,0.871042576419214,0.6385618835507476,0.8653433476394851,0.9778625954198475,0.8861859252823632,,0.6439790575916231,0.9419994912236072,0.8583772391991571,0.6286435620840027,0.6022459699329832,0.3827405413065042,0.8108673587041246,0.716412013901738,0.8477992656623314,0.6763309768896463,6,0.7628524037894601,145
Sehore,Madhya Pradesh,0.829409334985543,0.9734597156398104,0.8673920435226115,0.6503328140490016,0.2754990129414345,0.33205711920529807,0.5085078534031414,0.19589702333065162,0.623329283110571,0.8466617754952311,0.44960560911481157,0.4390010917030568,0.43069254427829035,0.6630901287553649,0.9321882951653946,0.8107442803359398,0.34581134564643795,0.6095938870807983,0.7725769524294074,0.8164383561643834,0.6369061280697728,0.6305017207027712,0.1857729913561003,0.6546916733906165,0.5248003088908814,0.6551432680476094,0.5710859116356674,7,0.6014302904911937,511
Raisen,Madhya Pradesh,0.9039653035935563,0.9785150078988939,0.8713022781366884,0.5715904262852287,0.33230971704321116,0.412148178807947,0.6549410994764397,0.2817109144542772,0.7816351327894463,0.9380044020542919,0.5540096406660824,0.7670578602620087,0.5539293668469615,0.8559549356223176,0.9494910941475827,0.8717057631045468,,0.6439790575916231,0.8193843805647417,0.6370916754478398,0.6173972917144824,0.6701684477449737,0.48675074394218504,0.678305151960921,0.6420602378881075,0.7996278039966835,0.6457952661676409,6,0.6914471150033382,317
Betul,Madhya Pradesh,0.889714993804213,0.9402843601895734,0.7805168310098607,0.43322475570032576,0.3006141697740733,0.5186258278145696,0.612892670157068,0.3358809332260659,0.8055893074119076,0.9123257520176082,0.5892857142857143,0.6905021834061136,0.7387846006999681,0.8115611587982832,0.8423664122137406,0.7604981175789168,0.6851912928759893,0.9289656148294895,0.8644110913253625,0.6292939936775552,0.6033968326830389,0.5613113566382902,0.5345047470596571,0.6438301563821026,0.6511948754196728,0.7687424945394045,0.6867249898699118,7,0.6876231290527729,328
Harda,Madhya Pradesh,0.8618339529120199,0.9633491311216431,0.8694321659299556,0.5602605863192183,0.5375082254880456,0.33288493377483447,0.5782068062827225,0.23022257978010188,0.8267661864259677,0.855832721936904,0.6759421560035057,0.6707150655021834,0.7157704952805175,0.7905042918454936,0.8519083969465651,0.7693310165073848,0.8482849604221635,0.8838262346115751,0.8369371661154923,0.45900948366701794,0.45949047509754415,0.5009961963412426,0.13986113079212134,0.6875448325909529,0.6333940900858404,0.759645853216429,0.589772235292451,7,0.6675892527964182,372
Hoshangabad,Madhya Pradesh,0.8686493184634448,0.9121642969984202,0.8900034002040123,0.5558702733323891,0.4244351831542005,0.28425082781456956,0.5718259162303665,0.29404666130329843,0.7106405137996875,0.810344827586207,0.5134750219106048,0.2190229257641921,0.28741117827977514,0.5726931330472103,0.8950381679389313,0.7396466840428613,0.56217018469657,0.8011886231781521,0.7667260239124905,0.5430979978925183,0.6550378700941015,0.6366600253577251,0.23650276321383018,0.655895549994506,0.5800665881660327,0.542762417814594,0.6001976411921983,7,0.5947305492918328,525
Katni,Madhya Pradesh,0.9345311854605535,0.9330173775671404,0.8976538592315539,0.3432941509701175,0.2294362798859399,0.17570364238410596,0.5469568062827226,0.2527487262000536,0.7016143030723833,0.9372707263389581,0.5119412795793165,0.6445141921397379,0.514582670484675,0.7678379828326181,0.8950381679389313,0.9029829134086301,,0.5970001415027595,0.7685067412872042,0.23371970495258157,0.6015607069084232,0.33381633761999635,0.23791979594728643,0.5856060825832352,0.5901063682946868,0.7449911853609186,0.46208723803637525,6,0.5956977185688039,523
Jabalpur,Madhya Pradesh,1.0,0.9889415481832545,0.9658279496769805,0.46296558561110324,0.21770125027418294,0.621067880794702,0.5536649214659686,0.22512737999463658,0.681999652838049,0.8226338958180484,0.5201577563540755,0.6462199781659388,0.6169795312334287,0.7801099785407725,0.9329516539440206,0.9236895453229077,,0.6439790575916231,0.7969982192826253,0.5853530031612223,0.6867110397062199,0.5984423111755116,0.39379339662746216,0.7094173690900373,0.5607167212941556,0.7799901374414137,0.617546171257444,6,0.6669175997707627,373
Narsimhapur,Madhya Pradesh,0.960140437835605,0.9687203791469196,0.9960897653859231,0.6756833309729501,0.30785259925422237,0.4987582781456954,0.5728075916230366,0.2386698846875837,0.6604756118729387,0.7622890682318415,0.544478527607362,0.8418395196506551,0.7405875490508007,0.8914967811158798,0.890203562340967,0.8979148566463945,0.7140501319261213,0.6596858638743456,0.8987534978377004,0.6029504741833508,0.652742712875832,0.6209020105053432,0.3127391242737708,0.7345407984568859,0.5557441368045526,0.8524084537609395,0.6374034022109234,7,0.6950241978083254,309
Dindori,Madhya Pradesh,0.9609665427509294,0.918167456556082,0.4231553893233593,0.2635604022093188,0.03871463040140383,0.4768211920529801,0.4612238219895289,0.16291230893000802,0.6342648845686513,0.6826852531181218,0.3148553900087643,0.7253002183406113,0.5529748647788737,0.7770922746781116,0.7152671755725192,0.7730958586736171,0.6756266490765171,0.6942125371444744,0.8242177562961079,0.45732349841938885,0.7394996557264172,0.5211012497735917,0.24599688252798635,0.5135642688823455,0.45118833172301487,0.7087460784087465,0.5939968898520691,7,0.5668738922165439,581
Mandla,Madhya Pradesh,0.9520859149111939,0.8995260663507108,0.6548792927575655,0.4133975357598074,0.15014257512612414,0.4293253311258278,0.49852748691099463,0.22687047465808527,0.7401492796389516,0.9031548055759354,0.48970201577563544,0.7555949781659388,0.5309152614275109,0.7949302575107297,0.8423664122137406,0.6620330147697654,0.8164577836411611,0.9538701004669592,0.7664716357161028,0.6018967334035827,0.7376635299518017,0.5323310994385075,0.35765906192433056,0.5832261193385383,0.5716808125119204,0.7171679848175371,0.6809071349346351,7,0.6382455129006577,440
Chhindwara,Madhya Pradesh,0.9159438248657581,0.9649289099526066,0.8140088405304319,0.677666052967002,0.38363676244790523,0.4894453642384106,0.5960405759162304,0.35679806918744966,0.7991668113174796,0.8807776962582539,0.6669588080631025,0.7615993449781658,0.6638031604624032,0.8759388412017167,0.9002544529262086,0.888647552852592,,0.7368048676949202,0.8977359450521497,0.7738672286617492,0.6869405554280468,0.5350479985509872,0.6376647300552644,0.707604959167019,0.6599483921485032,0.8180486704842173,0.7113435542405195,6,0.7242363940100648,238
Seoni,Madhya Pradesh,0.9665427509293679,0.9747235387045815,0.6450187011220674,0.38181560685455324,0.22340425531914893,0.4498137417218543,0.574934554973822,0.2602574416733708,0.8061100503384828,0.8261188554658841,0.5686897458369852,0.7823417030567686,0.6378194930533461,0.9176502145922745,0.933969465648855,0.7990153489719085,0.8159630606860159,0.9390123107400594,0.8303230730094123,0.7822971548998947,0.619233417489098,0.567469661293244,0.33626186764914273,0.6068864324419289,0.6072221296577089,0.8141592450646303,0.6986515065381239,7,0.681729828425598,339
Balaghat,Madhya Pradesh,0.9434118133002892,0.9582938388625595,0.7165929955797348,0.7127885568616343,0.2467646413687212,0.6956746688741721,0.673920157068063,0.3435237329042638,0.924145113695539,0.9787234042553192,0.751205083260298,0.40010917030567683,0.6868172658818539,0.9002145922746781,0.9376590330788803,0.9665508253692441,,0.9507570397622755,0.9559908420249301,0.39473129610115903,0.631627266467753,0.31715268973012145,0.5488167776675641,0.7122544191411851,0.7343034982366966,0.7782701773820666,0.6331793186256339,6,0.7145018533463956,262
Guna,Madhya Pradesh,0.940107393638992,0.94565560821485,0.6829309758585514,0.3738847188783459,0.2838341741610002,0.43398178807947024,0.2972840314136126,0.05510860820595335,0.5125846207255685,0.7986060161408658,0.4331726555652936,0.7958515283842794,0.6785449146250928,0.7117757510729613,0.9743002544529265,0.895742832319722,0.6500659630606861,0.7641149002405547,0.9033324853726787,0.6054794520547945,0.8703236171677761,0.6759644991849304,0.28850786453167065,0.6100657764718683,0.41935118641025876,0.8112430561709963,0.6796841116590129,7,0.630086032678034,460
Ashoknagar,Madhya Pradesh,0.8265179677819082,0.9554502369668247,0.8311798707922474,0.3459849879620451,0.12820794033779337,0.3421978476821192,0.3705824607329843,0.05363368195226604,0.48411734073945495,0.7175348495964784,0.4589176161262051,0.7568231441048034,0.5680347862975925,0.7086909871244634,0.8895674300254452,0.8851723139299159,0.4907651715039579,0.6644969576906751,0.8109895700839481,0.5911485774499472,0.6495294927702547,0.5671074080782468,0.5074394218506447,0.5715898085871564,0.41695718982947777,0.7616577322964441,0.6116395142039535,7,0.5904610612292579,533
Shahdol,Madhya Pradesh,0.966336224700537,0.9203791469194315,0.6456987419245154,0.45560118963319646,0.19664400087738537,0.5926117549668874,0.5476112565445025,0.2298203271654599,0.5224787363304981,0.7879677182685253,0.46275197195442597,0.6535207423580786,0.5623077738890656,0.7809817596566523,0.8171755725190839,0.8097306689834927,0.77127308707124,0.8587802462148014,0.919358941745103,0.3506849315068493,0.6339224236860225,0.42039485600434706,0.5413065041802465,0.6295451765036588,0.5101260020526823,0.7247433034812747,0.6422458557726584,7,0.6266650844525685,463
Anuppur,Madhya Pradesh,0.9281288723667905,0.905529225908373,0.6557293437606256,0.5690412122928765,0.1431234919938583,0.5339403973509934,0.5947316753926702,0.2012603915258782,0.6771393855233466,0.822450476889215,0.5196099912357581,0.46247270742358076,0.6277441934457524,0.8142435622317596,0.806615776081425,0.7865624094989865,0.7785290237467017,0.8016131314560635,0.8504197405240397,0.7707060063224447,0.6791370208859306,0.5743524723781923,0.6560861555901941,0.6225820906122529,0.5630383841133737,0.6995277297363008,0.730120507271938,7,0.6538171779334664,406
Sidhi,Madhya Pradesh,0.9223461379595208,0.8853080568720381,0.72203332199932,0.2190907803427277,0.13434963807852598,0.25838162251655633,0.5415575916230367,0.18155001340842047,0.6012844992188856,0.8664710198092443,0.31912795793163895,0.6331877729257641,0.37108919291547354,0.7343079399141632,0.7937659033078882,0.6508832898928468,0.6400065963060686,0.8635913400311307,0.7552785550750446,0.453740779768177,0.7218269451457425,0.5359536315884804,0.3262009352416042,0.5235849262947815,0.5019982163982453,0.6366468197912272,0.6137998261651784,7,0.5690074471623581,578
Singrauli,Madhya Pradesh,0.8331268071045023,0.769352290679305,0.624277456647399,0.33040645800878066,0.2529063391094538,0.5930256622516556,0.43782722513089006,0.21882542236524535,0.5709078285019962,0.8371239911958914,0.5036152497808939,0.6359170305676856,0.5696256230777389,0.6337178111587983,0.616412213740458,0.6746307558644657,0.6193931398416886,0.7693505023347956,0.9025693207835157,0.49146469968387774,0.5251319715400505,0.4774497373664191,0.5513674365877852,0.5671825023001827,0.5136599433949833,0.6260606868818293,0.6195324011625905,7,0.5816088834348965,553
Jhabua,Madhya Pradesh,0.7992565055762082,0.9646129541864138,0.7482148928935736,0.402067695793797,0.09706075893836369,0.44029387417218546,0.0,0.03204612496647895,0.3667766012844993,0.7545854732208364,0.4563978965819457,0.9089792576419216,0.628380528157811,0.8253755364806866,0.9090330788804071,0.9158702577468867,0.8166226912928759,0.6159615112494694,0.9361485627066904,0.23772391991570074,0.6926784484737204,0.3752943307371854,0.21822304095224607,0.5752511135934236,0.32196121921075205,0.8375277317815426,0.5560932150468412,7,0.5727083199081399,573
Alirajpur,Madhya Pradesh,0.7317224287484512,0.9529225908372829,0.823529411764706,0.7852995326441015,0.0960737003728888,0.4281870860927153,0.057755235602094265,0.04947707160096539,0.4671064051379969,0.7842993396918563,0.4354732690622261,0.5551310043668122,0.5339908792024605,0.7373927038626609,0.7858778625954199,0.8187083695337388,0.7382915567282321,0.9319371727748691,0.9384380564741795,0.5481559536354056,0.7482212531558412,0.5582322043108133,0.27079495536346887,0.6362891250766909,0.3588222642190278,0.6862201639122184,0.6762958789204013,7,0.5894068580320846,535
Khandwa (East Nimar),Madhya Pradesh,0.8572903758777366,0.9781990521327015,0.8073784427065624,0.6714346409856963,0.43529282737442415,0.3820364238410596,0.47529450261780115,0.19133816036470902,0.8132268703350113,0.896184886280264,0.6534837861524979,0.5347980349344978,0.6134266624244352,0.9175160944206008,0.9131043256997458,0.9006660874601796,,0.8405263902646103,0.8936657339099466,0.46765015806111687,0.6263484048657334,0.48976634667632674,0.1228567379906476,0.6886052938196968,0.6059056411500567,0.7759022409878918,0.573468961961397,6,0.6609705344797605,384
Burhanpur,Madhya Pradesh,0.8360181743081372,0.9472353870458136,0.931315878952737,0.6341877920974367,0.6534327703443737,0.4245653973509934,0.4744764397905758,0.1698846875838026,0.6917201874674535,0.9336023477622891,0.6282865907099036,0.6965065502183406,0.6229716831053134,0.8004291845493562,0.8819338422391857,0.8889371560961482,0.8626319261213721,0.7693505023347956,0.8427880946324091,0.4613277133825079,0.46178563231581365,0.2754935700054338,0.24925605781493554,0.7377925666832486,0.579594050662805,0.7781556832416687,0.5603762138010383,7,0.6639796285971902,376
Agar Malwa,Madhya Pradesh,0.9748038000826105,0.9848341232227487,0.6842910574634479,0.6096870131709391,0.3384514147839438,0.5973716887417219,0.3409685863874345,0.0762939125770984,0.38274605103280673,0.8063096111518708,0.6447195442594215,0.5967521834061135,0.7654046028210839,0.871915236051502,0.9857506361323155,0.907182160440197,,0.9126927975095516,0.9809208852709235,0.42887249736564803,0.6731696121184302,0.4837891686288716,0.39379339662746216,0.6982398495775687,0.45020754108172634,0.8254009637702424,0.6455397262534811,6,0.6548470201707547,400
Shajapur,Madhya Pradesh,0.9231722428748451,0.9958925750394946,0.8597415844950697,0.6411273190766182,0.3191489361702128,0.3433360927152318,0.3825261780104711,0.08058460713327968,0.5759416767922235,0.7831988261188555,0.5595968448729185,0.8115447598253276,0.6397284971895217,0.8141094420600857,0.9763358778625956,0.9329568491167102,0.8347625329815304,0.6439790575916231,0.8977359450521497,0.6910432033719704,0.5652972228597659,0.6297772142727767,0.27504605356383743,0.680403125061912,0.4763696265855497,0.8349350852108482,0.6482344613848076,7,0.6599855745607794,388
Nandurbar,Maharastra,0.8878562577447334,0.8789889415481833,0.9081944916695001,0.3519331539442006,0.34755428822110107,0.14683360927152317,0.3118455497382198,0.2186913381603647,0.583058496788752,0.6111518708730742,0.42484662576687116,0.33719978165938863,0.5706861809311697,0.6637607296137339,0.6983460559796439,0.6805676223573703,0.5448548812664908,0.5764822414037075,0.751717120325617,0.31169652265542674,0.3968326830387882,0.0932802028618005,0.22941759954654947,0.5868934570665403,0.42991877626545644,0.5901120741082614,0.41489732158548287,7,0.5054554072564352,653
Dhule,Maharastra,0.8680297397769516,0.8723538704581357,0.828629717783067,0.42005381673983855,0.6189953937266944,0.19329470198675497,0.4932918848167539,0.3641727004558862,0.296823468147891,0.450476889214967,0.5696757230499562,0.4753002183406113,0.623714073602715,0.7007778969957082,0.7099236641221375,0.7712134375905011,0.2844656992084433,0.3990377812367341,0.5995929788857797,0.484931506849315,0.21023640119348183,0.29596087665278037,0.3301686268952812,0.6335595400785737,0.4348881331370908,0.6561858581303347,0.37205626727454505,7,0.524172449655136,629
Jalgaon,Maharastra,0.8705080545229245,0.8979462875197471,0.903434206052363,0.4318085257045744,0.7770344373766176,0.1111341059602649,0.6202552356020943,0.3647090372754088,0.5134525256031939,0.6082171680117389,0.6718886941279579,0.46301855895196503,0.5730194082087178,0.6652360515021459,0.8283715012722649,0.7373298580944107,,0.43130041035800204,0.8287967438310861,0.511485774499473,0.40234106036263484,0.4618728491215359,0.14595437154598265,0.6653109361894153,0.5557045321240788,0.6533950756059008,0.4636252016197857,6,0.5845089363847952,547
Buldana,Maharastra,0.9555968608013217,0.9077409162717219,0.8250595035702141,0.5611103243166691,0.6639613950427725,0.3800703642384106,0.6753926701570679,0.3786537945829981,0.5821905919111265,0.7898019075568599,0.7237072743207713,0.6451965065502182,0.7247852370346802,0.8285944206008583,0.9229007633587786,0.8898059658268173,,0.8732135276637896,0.7763927753752227,0.33003161222339295,0.3743401422997476,0.2753124433979352,0.2278588635397477,0.715589894040185,0.6299492477057648,0.8022565786742705,0.47619156074997265,6,0.6559968202925482,397
Akola,Maharastra,0.9754233787691037,0.9238546603475515,0.9165249914994901,0.5698909502903273,0.7338232068436059,0.40324917218543044,0.800392670157068,0.5248055779029229,0.7658392640166637,0.7916360968451944,0.7778264680105171,0.6649836244541484,0.7627532081875066,0.7698497854077253,0.9703562340966924,0.8033593976252534,0.49719656992084443,0.8601952738078394,0.695497328923938,0.6073761854583772,0.4282763369290796,0.5727223329107046,0.2547824854754145,0.7537943933225848,0.7321000153864733,0.7942604499542653,0.5594352162037426,7,0.7098975187167665,273
Washim,Maharastra,0.9130524576621232,0.9102685624012637,0.5530431825909553,0.4565925506302223,0.5784163193682825,0.2376862582781457,0.643815445026178,0.38039688924644666,0.520048602673147,0.4739545121056493,0.6989482909728308,0.5062772925764192,0.589776222292926,0.7839324034334764,0.9101781170483461,0.7551404575731249,0.5313324538258575,0.7137399179283997,0.5118290511320275,0.5329820864067439,0.3750286894652284,0.41804021010686476,0.3559586226441831,0.6081765551551656,0.5434327480048504,0.7090608985848587,0.49127300450132927,7,0.5879858015615509,539
Amravati,Maharastra,0.940107393638992,0.9703001579778832,0.9287657259435567,0.6581220790256338,0.6921474007457775,0.31788079470198677,0.8051374345549739,0.5555108608205952,0.8304113869119946,0.8668378576669112,0.8137598597721297,0.8567139737991265,0.7141796585003712,0.7414163090128755,0.889821882951654,0.8511439328120475,,0.82750813640866,0.7041465276011193,0.6653319283456269,0.5012623364700481,0.4410432892591922,0.29856879693920935,0.7512205920056383,0.7743314799453209,0.8106551514152149,0.5729768358373093,6,0.7272960148008709,226
Wardha,Maharastra,0.9669558033870302,0.9624012638230649,0.9738184291057462,0.7221356748335931,0.8252906339109454,0.26810844370860926,0.8892342931937174,0.575221238938053,0.8430827981253255,0.9178283198826119,0.9338299737072743,0.8399290393013101,0.7000742390497402,0.8711105150214591,0.9846055979643769,0.9852302345786274,,0.8432149426913825,0.8483846349529381,0.6946259220231823,0.45788386504475564,0.5622169896757834,0.3415048887629305,0.7864517081281649,0.8318393247693964,0.8761899251831027,0.6246385405251621,6,0.7797798746514565,100
Nagpur,Maharastra,0.9516728624535316,0.9845181674565563,0.9911594695681741,0.8442147004673559,0.9587628865979381,0.2531043046357616,0.9160667539267017,0.7239206221507105,0.8765839264016664,0.9673514306676448,0.8736853637160386,0.7066048034934497,0.7114222080814507,0.8914967811158798,1.0,0.9512018534607587,0.825362796833773,0.9637752936182256,0.8995166624268633,0.6956796628029503,0.32246958916685803,0.5163919579786271,0.35439988663738137,0.830572065196553,0.8715216193725525,0.8521451292303077,0.6539422642092398,7,0.8020452695021634,66
Bhandara,Maharastra,0.9902932672449402,0.9630331753554502,0.8645018701122068,0.7446537317660388,0.6886378591796447,0.29811672185430466,0.8260798429319373,0.5407615982837221,0.9741364346467627,0.888481291269259,0.9240797546012269,0.7832969432314411,0.791282214444798,0.8385193133047211,1.0,0.9763973356501594,,0.7979340597141644,0.9018061561943526,0.6187565858798735,0.4503098462244664,0.5167542111936243,0.3220915403145813,0.7582061042520976,0.8307077843465815,0.8778991613262239,0.6012753999201771,6,0.7670221124612701,128
Gondiya,Maharastra,0.9909128459314334,0.9437598736176935,0.8565113906834411,0.6382948590851155,0.651458653213424,0.3047392384105961,0.800392670157068,0.543175113971574,0.8866516229821212,1.0,0.8748904469763366,0.5824235807860262,0.6558489765616714,0.8732564377682405,0.9890585241730282,0.9753837242977121,,0.7063817744446017,0.8865428644110913,0.498840885142255,0.5581822354831306,0.4854193080963594,0.24727221198809693,0.7309461434902839,0.82102197081742,0.8151942487173356,0.5637732132609224,6,0.7327338940714905,210
Gadchiroli,Maharastra,0.9913258983890954,0.867614533965245,0.7108126487589255,0.4694802435915594,0.5694231191050668,0.33247102649006627,0.6667212041884816,0.3841512469831053,0.8243360527686167,0.8147468818782098,0.7909728308501315,0.7953056768558951,0.8738996712270655,0.8931062231759657,0.9660305343511452,0.9742253113234868,,0.8582142351775861,0.8799287713050115,0.5247629083245521,0.41358733073215515,0.4884984604238364,0.26796088989655675,0.6568545783833263,0.6961856433337089,0.9005134833867116,0.5721587659766163,6,0.7064281177700907,280
Chandrapur,Maharastra,0.9615861214374226,0.9636650868878355,0.9398163889833389,0.6807817589576548,0.8388901074797104,0.2875620860927153,0.8048102094240839,0.5882274068114774,0.8437771220274258,0.8862802641232574,0.8257011393514462,0.6859989082969432,0.6801357514052391,0.9028969957081544,0.9951653944020357,0.9496090356211989,,0.8398188764680913,0.8555075044517935,0.49209694415173866,0.21849896717925185,0.28509328020286184,0.2673940768031742,0.778716924973113,0.7897592283475381,0.8427612170867143,0.49306827487615185,6,0.7260764113208792,230
Yavatmal,Maharastra,0.9421726559273028,0.9099526066350713,0.8206392383543013,0.5268375584194873,0.6930247861373108,0.2884933774834437,0.6896269633507853,0.33869670152855985,0.7974310015622288,0.838591342626559,0.8828878177037687,0.6924126637554585,0.663484993106374,0.8131706008583691,0.9527989821882954,0.9535186794092094,0.5824538258575199,0.6165275222866847,0.8130246756550495,0.5055848261327713,0.4718843240761993,0.415866690816881,0.28723253507156027,0.6968533704928195,0.7094467653543803,0.8150771838635414,0.5275106285566665,7,0.687221987066852,329
Nanded,Maharastra,0.9541511771995044,0.887519747235387,0.9109146548792928,0.5494972383515084,0.6134020618556701,0.15086920529801323,0.5449934554973821,0.24121748458031642,0.44141642076028464,0.6815847395451211,0.7462751971954427,0.49358624454148475,0.5209460176052603,0.686695278969957,0.933969465648855,0.8922675933970461,0.5984498680738787,0.609027876043583,0.6334266090053422,0.519072708113804,0.6674317190727566,0.49266437239630506,0.27433753719710924,0.6777256808032294,0.5310974595157093,0.7054929200325206,0.5420586699861112,7,0.6140936825843926,487
Hingoli,Maharastra,0.9169764560099134,0.9409162717219588,0.8709622577354641,0.5636595383090216,0.48793595086641806,0.13979718543046357,0.6207460732984295,0.26267095736122276,0.35670890470404437,0.471019809244314,0.7498904469763366,0.7666484716157205,0.6601972637607381,0.7702521459227467,0.9241730279898221,0.9312192296553722,0.6187335092348284,0.6311023064949768,0.7423047570592723,0.48935721812434135,0.5111315125086068,0.42600978083680496,0.32549241887487596,0.6533746100122065,0.4922072383168695,0.8104980277888799,0.534875929019101,7,0.6227389512842643,470
Parbhani,Maharastra,0.9068566707971911,0.8988941548183254,0.8124787487249234,0.4363404616909786,0.5061416977407326,0.09675082781456953,0.568717277486911,0.2039420756234915,0.1676792223572296,0.4981658107116655,0.7295135845749343,0.43981986899563313,0.4559338211899459,0.5293723175965666,0.8169211195928755,0.8672169128294237,0.20827836411609502,0.3599830196688836,0.5258204019333503,0.48429926238145404,0.5790681661693826,0.3727585582322044,0.28425676633130226,0.6095770935977868,0.43360359415084637,0.6218528080408889,0.4020663626903818,7,0.516774964619976,638
Jalna,Maharastra,0.8932259396943412,0.8647709320695103,0.7072424345460728,0.48718311853845075,0.5240184250932222,0.08795529801324503,0.543357329842932,0.27755430410297655,0.3917722617601111,0.6313279530447542,0.6906222611744085,0.4054312227074236,0.5730194082087178,0.6581276824034334,0.9082697201017814,0.8043730089777005,0.24703166226912934,0.6039337767086459,0.5164080386670058,0.4771338250790305,0.5935276566444802,0.42293062850932805,0.385007793680034,0.5940660246591405,0.5069268219850365,0.6698442084798113,0.46371048307966484,7,0.5586368845509133,594
Aurangabad,Maharastra,0.8866171003717473,0.9058451816745654,0.8580414824889494,0.5646508993060474,0.7658477736345689,0.11682533112582781,0.7280759162303664,0.46607669616519165,0.3780593646936296,0.5462215700660309,0.7516432953549518,0.5307041484716156,0.5605048255382331,0.6908530042918455,0.9338422391857508,0.9458441934549667,0.2851253298153034,0.5904910145747843,0.6784533197659629,0.5561643835616438,0.4971310534771632,0.3528346314073538,0.43899674082471307,0.6829712947669511,0.574015368502034,0.7323496821884824,0.4855994962038463,7,0.6187339604153284,476
Nashik,Maharastra,0.8682362660057829,0.8515007898894155,0.7677660659639579,0.5534626823396119,0.7007019083132265,0.14052152317880795,0.6771924083769633,0.3881737731295252,0.4862003124457559,0.48606016140865743,0.7736634531113059,0.5530840611353711,0.6580761480538763,0.6916577253218884,0.8790076335877863,0.854184766869389,0.5113786279683378,0.44134710626857226,0.5108114983464768,0.3877766069546891,0.47922882717466153,0.31769606955261726,0.3996032308346323,0.6470315392818005,0.5622580216944415,0.7272020669936622,0.4354059952999981,7,0.5929744058174756,528
Mumbai Suburban,Maharastra,0.8682362660057829,0.9737756714060032,0.9964297857871474,0.47287919558136243,0.9878262776924764,0.1970198675496689,0.8668193717277487,0.6988468758380262,0.8271133483770179,0.9435069699192957,0.9583698510078879,0.4332696506550218,0.7194824477675257,0.8931062231759657,0.9755725190839696,0.9787141615986099,,0.6439790575916231,0.9562452302213178,0.4927291886195996,0.6747762221712188,0.6844774497373666,0.4239761938500779,0.7493611773370734,0.8589312833739953,0.8000290004562185,0.6460305570318673,6,0.7635880045497887,140
Mumbai,Maharastra,0.9712928541924825,0.9886255924170616,1.0,0.415097011754709,0.9831103312129852,0.30567052980132453,0.9106675392670158,0.7703137570394206,0.9218885610137129,0.9651504035216435,0.9901402278702891,0.8167303493449781,0.8769752890020149,0.8810354077253219,0.9940203562340967,0.9749493194323776,,0.7116173765388426,0.9099465784787586,0.716754478398314,0.5216892357126464,0.5946386524180401,0.32152472722119874,0.7772993865630938,0.9116320977424163,0.9087421443477579,0.6293618414613,6,0.806758867528642,59
Raigarh,Maharastra,0.992771581990913,0.9345971563981045,0.7924175450527032,0.6452343860642968,0.8188199166483877,0.2601407284768212,0.6634489528795813,0.42048806650576553,0.7227911820864433,0.7241379310344828,0.8859553023663453,0.7845251091703057,0.8355074769328666,0.9129560085836909,0.9561068702290078,0.964668404286128,,0.6560067921324466,0.9033324853726787,0.5226554267650158,0.6633004360798715,0.5124071726136569,0.4035709224883095,0.7406635524385377,0.6833642869745236,0.8907527738403997,0.6102122059086632,6,0.7312482047905311,212
Pune,Maharastra,0.9277158199091284,0.980094786729858,0.9478068684121048,0.7134966718595102,0.8870366308400964,0.1373137417218543,0.824770942408377,0.6375703942075622,0.5828849158132269,0.8807776962582539,0.940731814198072,0.7269377729257642,0.68119630925867,0.7945278969957081,0.9741730279898219,0.9777005502461626,,0.6006792132446583,0.8305774612058001,0.6303477344573235,0.38260270828551757,0.5383082774859628,0.5207595295451325,0.7655774199120922,0.7733471525770984,0.8309071114832254,0.5838791540373992,6,0.7384277095024538,195
Ahmadnagar,Maharastra,0.9853366377529947,0.8255924170616116,0.8296497789867393,0.7117971958646085,0.7548804562404036,0.11258278145695363,0.7786321989528796,0.4308125502815767,0.5332407568130533,0.6052824651504035,0.8263584574934268,0.6150382096069869,0.7662530491038285,0.8849248927038625,0.9732824427480917,0.9275991891109181,0.7283970976253298,0.6011037215225697,0.595268379547189,0.6096944151738671,0.5301813174202433,0.38380728128962155,0.4397052571914411,0.7033065445605521,0.634865285738268,0.8334195566547375,0.5554510671100373,7,0.6817606135158987,338
Bid,Maharastra,0.8304419661296986,0.834439178515008,0.7514450867052023,0.5264126894207619,0.5017547707830664,0.084023178807947,0.6163285340314135,0.33467417538213995,0.24127755597986458,0.4427732942039619,0.6789000876424189,0.5365720524017468,0.5564747056951956,0.7357832618025751,0.9239185750636133,0.8667825079640892,0.6020778364116096,0.7767086458185936,0.6242686339353855,0.41812434141201255,0.4512279091117742,0.4625973555515305,0.4890179963157149,0.5880861450602807,0.46279072944795985,0.723906220585444,0.546288959793803,7,0.5802680137218719,558
Latur,Maharastra,0.8804213135068153,0.9127962085308056,0.9081944916695001,0.6120946041637162,0.7661767931563939,0.33567880794701993,0.7311845549738221,0.3631000268168409,0.4625932997743447,0.4798239178283199,0.7920683610867659,0.6587063318777293,0.7241489023226216,0.917247854077253,0.9326972010178118,0.9044309296264119,0.6569920844327177,0.8659968869392954,0.7519715085220046,0.36754478398314006,0.6903832912554511,0.5151240717261366,0.5098483774975202,0.7358937031623752,0.5657540320960186,0.8274462437843656,0.6225515720508952,7,0.6879113877734137,327
Osmanabad,Maharastra,0.992771581990913,0.8976303317535547,0.9389663379802787,0.5938252372185244,0.6695547269137968,0.14145281456953643,0.7378926701570682,0.37463126843657807,0.36486721055372323,0.4108584005869407,0.8522129710780018,0.7861626637554586,0.8992470039240641,0.9322693133047208,0.9755725190839696,0.9859542426875181,0.8230540897097625,0.5728031696618084,0.7664716357161028,0.4927291886195996,0.7330732155152628,0.5415685564209384,0.397477681734448,0.7057001717377673,0.5480925041624624,0.9158411485511463,0.6181682196254175,7,0.6969505110191985,307
Solapur,Maharastra,0.9376290788930195,0.9090047393364931,0.8359401564093845,0.5456734173629798,0.7069532792279007,0.20012417218543047,0.619109947643979,0.299812282113167,0.3002950876583926,0.3162142333088775,0.8298641542506573,0.7498635371179039,0.8225686711210096,0.8678916309012876,0.9520356234096694,0.9456993918331885,0.7300461741424802,0.5437951040045281,0.7107606207071993,0.5116965226554268,0.5703465687399587,0.5334178590834994,0.34802323933682866,0.689220807235868,0.4730591409950147,0.8676117708766118,0.5640122983814172,7,0.648476004372228,415
Satara,Maharastra,0.9363899215200331,0.9336492890995263,0.9243454607276436,0.7006089788981731,0.8059881552972142,0.10564983443708609,0.7948298429319373,0.4646017699115043,0.6852976913730255,0.7171680117388114,0.8596625766871165,0.6988264192139738,0.8201293880581185,0.9334763948497853,0.9631043256997455,0.9688676513176947,,0.7191170227819443,0.7367082167387433,0.8522655426765015,0.6330043607987148,0.6227132765803297,0.37608048745926037,0.7344386066632794,0.704311978528479,0.8768808358278635,0.6566481511725824,6,0.743069893048051,187
Ratnagiri,Maharastra,0.9537381247418423,0.9756714060031597,0.8452907174430467,0.7974791106075627,0.5422241719675367,0.15935430463576158,0.7951570680628273,0.3703405738803968,0.9239715327200139,0.9563462949376376,0.8309596844872917,0.5221069868995633,0.7869339272457312,0.8682939914163091,0.9718829516539442,0.935563278308717,,0.7055327578887789,0.9320783515644874,0.6084299262381454,0.5593298140922653,0.594819779025539,0.37027065325209024,0.7122929725664849,0.7753550308176335,0.8169562271048528,0.6284102136768844,6,0.7332536110414639,208
Sindhudurg,Maharastra,0.962825278810409,0.9804107424960504,0.5442026521591296,0.8300524005098427,0.6297433647729765,0.125,0.8748363874345548,0.4800214534727808,0.9132095122374587,0.9607483492296405,0.8843120070113935,0.6005731441048034,0.731678863081981,0.9629828326180259,1.0,0.9801621778163915,,0.7283147021366919,0.9849910964131263,0.6276080084299263,0.4656873995868718,0.5495381271508785,0.5645458410089272,0.6787057397914014,0.8226255418771657,0.8550794035242404,0.6534475291210704,6,0.7524645535784695,166
Kolhapur,Maharastra,0.929368029739777,0.9605055292259084,0.9539272356341382,0.7476278147571167,0.834283834174161,0.15831953642384106,0.8530759162303664,0.5387503352105121,0.6363478562749522,0.6760821716801173,0.911042944785276,0.6169486899563319,0.8207657227701771,0.9417918454935622,0.9895674300254453,0.907326962061975,,0.545493137116174,0.9012973798015771,0.5696522655426765,0.6694973605691991,0.5022640825937331,0.4120731188890463,0.7640053299924904,0.7230598448362447,0.8552801300614984,0.6000462240854011,6,0.7355978822439087,202
Sangli,Maharastra,0.8723667905824039,0.9428120063191152,0.944746684801088,0.7852995326441015,0.8631278789208159,0.11516970198675495,0.8463678010471204,0.5494770716009653,0.5321992709599028,0.6177549523110786,0.8624014022787029,0.541348253275109,0.8031604624032241,0.947156652360515,0.9746819338422394,0.9656820156385751,0.586906332453826,0.7484080939578323,0.9038412617654541,0.5403582718651212,0.6766123479458342,0.6373845317877196,0.46393651693354115,0.75392043254238,0.681640099639554,0.8464058635039325,0.6510639081013326,7,0.7332575759467997,207
Palghar,Maharastra,0.9750103263114417,0.9257503949447079,0.8485209112546753,0.6487749610536752,0.7283395481465232,0.18284354304635764,0.6382526178010471,0.46500402252614637,0.7463981947578545,0.8286867204695525,0.8223049956178791,0.7963973799126638,0.8692332166719693,0.9662017167381973,0.9259541984732825,0.9371560961482768,,0.6400169803311165,0.9554820656321547,0.5825079030558482,0.5531328896029378,0.45770693714906724,0.3566671390109111,0.7182066141262301,0.7001293102344959,0.898988521588878,0.5909189857970059,6,0.7270608579366524,227
Thane,Maharastra,0.9322593969434118,0.9775671406003161,0.9444066643998641,0.6435349100693954,0.897016889668787,0.22330298013245034,0.8489856020942408,0.5674443550549745,0.6811317479604234,0.8521643433602347,0.9070990359333917,0.4443231441048035,0.6981652349135645,0.835568669527897,0.9188295165394402,0.9110918042282073,,0.5839818876468093,0.9244467056728568,0.4183350895679663,0.694285058526509,0.5718166998732115,0.3902508147938218,0.769681330302371,0.7713650168806531,0.7615956738627825,0.5971860426801958,6,0.7249570159315006,235
Senapati,Manipur,0.8870301528294093,0.962085308056872,0.39476368582114935,0.7809092196572723,0.4533889010747971,0.14693708609271522,0.7082787958115183,0.3482166800750871,0.7316438118382225,0.7677916360968451,0.8290972830850132,0.6496997816593887,0.6422738360377559,0.1624195278969957,0.30979643765903314,0.49348392701998256,0.4221635883905012,0.14687986415735113,0.8873060290002543,0.7017913593256058,0.8560936424145054,0.8971200869407716,0.6660053847243872,0.6041857255887025,0.6770056413813372,0.45153470205463125,0.6539085649933395,7,0.5966586585045026,521
Tamenglong,Manipur,0.8007021891780255,0.7987361769352289,0.17715062903774229,0.6892791389321626,0.2405132704540469,0.16163079470198674,0.624836387434555,0.2617323679270581,0.6542266967540358,0.6250917094644166,0.6825153374233128,0.5881550218340611,0.552126418496129,0.3729881974248927,0.46170483460559797,0.5634231103388357,0.46190633245382595,0.19866987406254424,0.917832612566777,0.7066385669125395,0.8824879504246042,0.7801122984966493,0.8293892588918803,0.47800203320653206,0.5696804998006757,0.5076795165399033,0.6824338419726886,7,0.5594489728799499,593
Churachandpur,Manipur,0.7387443205287071,0.809478672985782,0.3622917375042503,0.7351649907945051,0.5890546172406229,0.17591059602649006,0.7459096858638743,0.3079914186108876,0.8170456517965631,0.723404255319149,0.8618536371603857,0.5822871179039301,0.6039876975289002,0.4467542918454936,0.6557251908396947,0.7103967564436722,0.42067941952506605,0.14603084760152826,0.8979903332485373,0.7489989462592201,0.8239614413587331,0.952544828835356,0.7701572906334135,0.5684408225133929,0.6912409297501719,0.5998302109123381,0.6800518724945507,7,0.6348909589176134,449
Bishnupur,Manipur,0.6621230896323833,0.9570300157977883,0.6205372322339342,0.33111457300665625,0.6873217810923448,0.08443708609271523,0.8144633507853403,0.47023330651649226,0.6377365040791528,0.8121790168745414,0.7824276950043821,0.7898471615720524,0.7745254003605896,0.7251877682403434,0.866412213740458,0.8925571966406024,0.44937335092348285,0.4545068628838263,0.7524802849147799,0.9506849315068493,0.9221941703006655,0.9184930266256113,0.7528694912852486,0.5570939629759704,0.7034079746519818,0.8097059481108092,0.742943159777209,7,0.7032877613789926,289
Thoubal,Manipur,0.7362660057827345,0.9560821484992101,0.5331519891193472,0.4533352216399944,0.7249396797543319,0.18615480132450332,0.7657068062827226,0.36363636363636354,0.6955389689290054,0.7245047688921497,0.7986415425065733,0.8771834061135371,0.9069890762541095,0.679989270386266,0.8447837150127228,0.8706921517520996,0.5751978891820579,0.2264044148860903,0.9068939201221065,0.6139093782929399,0.9116364470966261,0.8607136388335447,0.7904208587218364,0.5983216410200203,0.6696056900493629,0.8359275239037469,0.6978823638764575,7,0.7004343047123969,298
Imphal West,Manipur,0.7263527467988434,0.9816745655608216,0.8150289017341041,0.4173629797479111,0.8769466988374642,0.15035182119205298,0.8818717277486912,0.6478948779833734,0.7339003645200486,0.6016140865737345,0.9412795793163892,0.7762008733624455,0.9442146569095343,0.8838519313304721,0.9449109414758272,0.9707500724008109,,0.37795387010046705,0.9427626558127703,0.9489989462592202,0.8898324535230664,0.9456620177504076,0.7609465778659487,0.6612862856451995,0.7613121272284473,0.903985695095818,0.8110260868853133,6,0.7844025487136945,91
Imphal East,Manipur,0.7137546468401487,0.9560821484992101,0.83304998299898,0.42812632771562104,0.7716604518534765,0.06022350993377484,0.8414594240837696,0.48726200053633667,0.7370248220795002,0.6507703595011005,0.7415644171779141,0.7134279475982532,0.8775055679287304,0.8108905579399142,0.8937659033078881,0.8986388647552853,0.6073548812664907,0.2194707796802038,0.7031289748155686,0.8899894625922024,0.8340601331191188,0.8690454627784823,0.6399319824287941,0.6271495113068686,0.6916162046757242,0.8388457683060142,0.6804259538115515,7,0.7095093595250396,274
Ukhrul,Manipur,0.7385377942998762,0.84044233807267,0.16439986399183953,0.7392720577821839,0.15628427286685675,0.16432119205298015,0.7900850785340314,0.48431214802896205,0.8066307932650582,0.6393983859134262,0.787248028045574,0.4357259825327511,0.36536218050694663,0.26730150214592274,0.29491094147582697,0.34129742253113227,0.0,0.10541955568133575,0.9463240905621979,0.7053740779768176,0.8365848060592151,0.8406085854011955,0.8625478248547541,0.46720958651106775,0.7015348867574103,0.34091960583851594,0.6138369915050738,7,0.530875267653017,618
Chandel,Manipur,0.822180916976456,0.9952606635071088,0.46684801088065286,0.7925223056224332,0.4758719017328361,0.15480132450331124,0.6801374345549739,0.3987664253150978,0.6122201006769658,0.6353631694790902,0.7777169149868536,0.6997816593886462,0.6603033195460812,0.40356759656652363,0.4340966921119594,0.6239501882421084,0.266820580474934,0.21692373001273527,0.8750953955736455,0.5612223393045311,0.912324994262107,0.863611664553523,0.7527277880119031,0.6179141872037998,0.6208408090025963,0.5643398911710638,0.6355323560276256,7,0.6096568108512714,494
South Garo Hills,Meghalaya,0.8343659644774887,0.9570300157977883,0.3259095545732744,0.8377000424869,0.15025224830006578,0.810740894039735,0.8175719895287957,0.3327969965138106,0.8232945669154661,0.9600146735143067,0.6336546888694128,0.5787390829694323,0.30639516385618837,0.5494903433476396,0.8508905852417303,0.8724297712134376,,0.4213952172067356,0.8633935385398118,0.6486828240252898,0.6814321781042002,0.7534866871943489,0.8774266685560436,0.6526664532792087,0.7134665830683584,0.6315889893256856,0.707636185604405,6,0.6763395528194145,354
Ribhoi,Meghalaya,0.7081784386617102,0.7497630331753554,0.7647058823529411,0.7942217816173346,0.13632375520947576,0.679739238410596,0.832133507853403,0.12791633145615447,0.6483249435861829,0.7505502567865003,0.6466914986853637,0.40665938864628814,0.6001696892565489,0.19594957081545064,0.45216284987277355,0.5043440486533449,0.5837730870712402,0.5542663081930098,0.7127957262783007,0.3818756585879873,0.6906128069772779,0.5930085129505525,0.7058240045345047,0.6388220215712356,0.601123307673521,0.4318571094488813,0.6031651577989818,7,0.5687418991231549,579
East Khasi Hills,Meghalaya,0.5338703015282943,0.8922590837282781,0.8301598095885754,0.7319076618042771,0.42520289537179207,0.4753725165562914,0.9021596858638743,0.40091177259318844,0.74726609963548,0.7006603081438004,0.6791191936897458,0.41471069868995636,0.5630501643864673,0.11655042918454932,0.5344783715012723,0.5470605270779033,0.1609498680738786,0.38106693080515075,0.7071991859577716,0.3365648050579557,0.8457654349322928,0.6984241985147619,0.8007651976760664,0.6481287114295847,0.6860234119852178,0.43517003816802974,0.5615336601454112,7,0.5827139554320608,551
East Garo Hills,Meghalaya,0.6160677406030566,0.9172195892575038,0.43896633798027884,0.7743945616768164,0.22461066023250711,0.7315811258278144,0.7864856020942409,0.36001609010458563,0.7623676445061621,0.9178283198826119,0.7338957055214723,0.449235807860262,0.2244140417859794,0.4691523605150214,0.6669211195928753,0.7224152910512598,0.5448548812664908,0.41262204612989956,0.7651996947341644,0.44004214963119076,0.6414964425063118,0.6491577612751314,0.9562136885362051,0.6171400025963295,0.7121186724218146,0.5064277241610796,0.6299409520113419,7,0.6164068377976415,482
East Jantia Hills,Meghalaya,0.6491119372160266,0.5276461295418642,0.5680040802448147,0.7694377566916867,0.19653432770344373,0.7548634105960264,0.612074607329843,0.1256368999731831,0.5611872938725916,0.4735876742479824,0.4287905346187555,0.3987445414847161,0.5754586912716088,0.32390021459227464,0.3435114503816794,0.35852881552273386,0.5781662269129287,0.6019527380783927,0.7306029000254388,0.227186512118019,0.907964195547395,0.7025901104872306,0.6848519200793538,0.577599606998977,0.44025540200847113,0.4000287426506025,0.6333306576069655,7,0.5128036023162541,643
North Garo Hills,Meghalaya,0.5764147046674927,0.9216429699842021,0.1756205372322339,0.7881319926356041,0.17361263434963808,0.6176531456953643,0.7778141361256544,0.33293108071869126,0.7710466932824163,0.8631694790902421,0.7254601226993865,0.19077510917030563,0.2112631244034362,0.20842274678111586,0.5104325699745548,0.4671300318563569,,0.21366916654874776,0.8315950139913508,0.5262381454162276,0.8333715859536379,0.8431443579061765,0.9257474847668982,0.5421793307607559,0.6940843023832781,0.3176047164371539,0.6956276257638397,6,0.5623739938362569,588
South West Garo Hills,Meghalaya,0.7457662123089632,0.856556082148499,0.29581774906494385,0.596657697210027,0.27758280324632595,0.7650041390728476,0.71940445026178,0.2598551890587288,0.7349418503731991,0.7688921496698459,0.6361744084136723,0.4192139737991266,0.2561247216035635,0.47827253218884125,0.7923664122137406,0.8308717057631044,0.758575197889182,0.36153955002122545,0.7987789366573391,0.5978925184404635,0.6451686940555428,0.652418040210107,0.8503613433470313,0.5895641138419344,0.6238536095554452,0.5553698691136753,0.6663906115172702,7,0.6087945510070812,498
South West Khasi Hills,Meghalaya,0.593762907889302,0.6161137440758293,0.7507650459027542,0.8548364254354908,0.032792279008554505,0.7366514900662251,0.7743782722513091,0.13167068919281308,0.6254122548168721,0.5165077035950111,0.5319894829097284,0.302674672489083,0.6256230777388906,0.24074570815450647,0.25814249363867686,0.2652765710975962,0.6510554089709764,0.5166265742181974,0.8102264054947851,0.19473129610115913,0.8627495983474869,0.6297772142727767,0.48490860138869213,0.597486982063026,0.5159916805531467,0.33849250462375063,0.5928678712562963,7,0.5112097596240549,646
West Garo Hills,Meghalaya,0.8541924824452705,0.8338072669826223,0.7225433526011562,0.8082424585752728,0.4271770125027418,0.7937706953642384,0.8244437172774869,0.4224993295789755,0.8203436903315396,0.9622157006603081,0.7760736196319019,0.5297489082969432,0.4631456145932761,0.6165504291845494,0.8680661577608142,0.8192875760208513,,0.5766237441630112,0.800559654032053,0.4448893572181243,0.7603855864126693,0.6542293062850933,0.9251806716735157,0.739955544745217,0.7611152114960424,0.6593597371712869,0.6936447199640777,6,0.713518803344156,264
West Jaintia Hills,Meghalaya,0.6216439487814954,0.22211690363349132,0.5006800408024481,0.6494830760515508,0.1328142136433428,0.6669081125827814,0.6776832460732983,0.14816304639313485,0.6542266967540358,0.5627292736610419,0.2618317265556529,0.2405840611353712,0.4110722239898186,0.048819742489270394,0.26424936386768455,0.28641760787720816,0.33542216358839055,0.5062968727890195,0.6504706181633172,0.2505795574288725,0.8797337617626807,0.6165549719253759,0.57899957489018,0.46560771591585165,0.46092679788743274,0.25022859987187057,0.5454367886496909,7,0.43054997558121144,694
West Khasi Hills,Meghalaya,0.570838496489054,0.5257503949447077,0.6688201292077524,0.829061039512817,0.0,0.6102028145695364,0.7979384816753927,0.03767766157146688,0.47352890123242497,0.5275128393250184,0.4399649430324277,0.2588700873362445,0.6325167037861915,0.22867489270386263,0.25877862595419854,0.2651317694758181,0.38192612137203175,0.5087024196971841,0.7433223098448232,0.03414120126448888,0.9194399816387423,0.5672885346857454,0.5567521609749185,0.5341121457873111,0.45532456536734617,0.32879441585126307,0.5302246756397049,7,0.4621139506614063,680
Chandel,Mizoram,0.822180916976456,0.9952606635071088,0.46684801088065286,0.7925223056224332,0.4758719017328361,0.15480132450331124,0.6801374345549739,0.3987664253150978,0.6122201006769658,0.6353631694790902,0.7777169149868536,0.6997816593886462,0.6603033195460812,0.40356759656652363,0.4340966921119594,0.6239501882421084,0.266820580474934,0.21692373001273527,0.8750953955736455,0.5612223393045311,0.912324994262107,0.863611664553523,0.7527277880119031,0.6179141872037998,0.6208408090025963,0.5643398911710638,0.6355323560276256,7,0.6096568108512714,494
Mamit,Mizoram,0.9809995869475423,0.9345971563981045,0.9539272356341382,0.8985979323042063,0.7091467427067338,0.6265521523178809,0.8349149214659686,0.35358004827031364,0.7080367991668113,0.6217901687454146,0.8794916739702016,0.5207423580786027,0.5103404390709513,0.5222639484978541,0.6814249363867685,0.7260353315957139,0.7669854881266491,0.47106268572237164,0.9849910964131263,0.7207586933614331,0.933210924948359,0.8775584133309183,0.7083746634547258,0.8506368010514344,0.679562722323742,0.5921614027259781,0.780420280765369,7,0.7256953017166309,232
Kolasib,Mizoram,0.9956629491945478,0.972827804107425,0.9195851751105065,0.9569466081291603,0.8652116692257074,0.6198261589403974,0.9532068062827225,0.376240278895146,0.7625412254816872,0.9207630227439472,0.9374452234881684,0.633051310043668,0.6535157492841235,0.6244635193133047,0.8900763358778627,0.9015348971908486,0.6759564643799472,0.5412480543370596,0.9692190282370898,0.6366701791359325,0.8441588248795042,0.9012859989132405,0.5903358367578291,0.8883433941179574,0.7900393113783342,0.7405283623419615,0.7369820552343719,7,0.7889732807681563,86
Aizawl,Mizoram,0.9853366377529947,0.9895734597156398,0.9705882352941175,0.9463248831610255,0.9516341302917305,0.3757243377483444,0.9859293193717278,0.6311343523732903,0.9437597639298733,0.9266324284666178,0.9195880806310254,0.7706058951965066,0.6803478629759253,0.6496781115879828,0.9674300254452926,0.9678540399652477,0.44574538258575197,0.6238856657704825,0.8196387687611294,0.743308746048472,0.9338994721138397,0.9552617279478356,0.7299135610032592,0.8698636139939754,0.8814087889545069,0.807183187034191,0.7502361891758245,7,0.8271729447896244,27
Champhai,Mizoram,1.0,1.0,0.9761985719143148,0.9780484350658547,0.7768150910287343,0.6598716887417219,0.9674410994764399,0.4585679806918744,0.8083666030203089,0.8330887747615554,0.9455521472392638,0.7319868995633186,0.6264715240216353,0.635461373390558,0.9576335877862597,0.9639443961772373,,0.5038913258808547,0.9801577206817603,0.7036880927291886,0.8255680514115217,0.8929541749683029,0.8096925038968399,0.8984889644584376,0.8026033210378885,0.7830995561878018,0.7859919782614114,6,0.8175459549863848,39
Serchhip,Mizoram,1.0,0.9781990521327015,0.9614076844610677,0.9766322050701035,0.8024786137310813,0.5968543046357616,1.0,0.3950120675784392,0.8755424405485158,0.8892149669845928,0.925065731814198,0.6990993449781658,0.5927457842825326,0.8212178111587982,0.9513994910941477,0.9535186794092094,0.7471965699208444,0.5433705957266167,0.9185957771559399,0.6077976817702845,0.9100298370438374,0.8692265893859809,0.7405413065041803,0.8859286433384527,0.8169670413851492,0.8035962221845707,0.7623940510725263,7,0.8172214894951747,40
Lunglei,Mizoram,1.0,0.9355450236966822,0.9319959197551854,0.9395269791814191,0.781640710682167,0.4694743377483444,0.8668193717277487,0.43791901314025194,0.9175490366255858,0.8613352898019075,0.9057843996494304,0.5794213973799127,0.5553080920564216,0.5659871244635193,0.7797709923664122,0.7130031856356792,,0.47856233196547343,0.8977359450521497,0.7197049525816649,0.8847831076428735,0.9295417496830284,0.7052571914411223,0.8430304951772998,0.7978814221889848,0.638698158380389,0.7692642130610521,6,0.7622185722019315,147
Lawngtlai,Mizoram,0.9857496902106568,0.6518167456556084,0.6977218633117986,0.8650332814049001,0.5225926738319806,0.3118791390728477,0.6117473821989527,0.2487262000536336,0.7227911820864433,0.6625091709464417,0.6819675723049956,0.3438864628820961,0.30384982500795416,0.2852736051502146,0.4106870229007634,0.4192006950477845,0.5085751978891822,0.3906891184378096,0.9315695751717121,0.5877766069546891,0.7316961211843012,0.8235826842963231,0.5695054555760238,0.6724655655812987,0.5855483015180933,0.35257952219776256,0.6490563942157201,7,0.5649124458782186,585
Mon,Nagaland,0.40850888062783974,0.8849921011058451,0.7743964637878273,0.8100835575697494,0.04814652336038605,0.3943501655629139,0.6482329842931936,0.14279967819790826,0.9482728692935255,0.896184886280264,0.633435582822086,0.24918122270742354,0.05620956623183794,0.00925429184549358,0.0,0.0,0.37961741424802115,0.2749398613272959,0.8796743831086237,0.5289778714436248,0.9235712646316273,0.7071182756746968,0.7946719569222049,0.5534129486690936,0.6537852001773955,0.06292901615695101,0.641224432479442,7,0.4778378993707206,670
Mokokchung,Nagaland,0.7019826517967781,0.9266982622432862,0.9564773886433185,0.955672001132984,0.4122614608466769,0.21885347682119208,0.9070680628272253,0.5652990077768837,0.8965457385870509,0.9739545121056493,0.8924189307624891,0.34511462882096067,0.1468872627001803,0.30109978540772536,0.3826972010178117,0.44512018534607584,,0.33790858921748984,0.9386924446705673,0.6147523709167544,0.8342896488409456,0.7149067197971382,0.8495111237069576,0.6953242069140392,0.8470572504118596,0.32418381265855073,0.7150101495249754,6,0.6453938548773562,423
Zunheboto,Nagaland,0.0,0.9807266982622433,0.8475008500510031,0.8454893074635321,0.10934415441982889,0.17497930463576158,0.794011780104712,0.356261732367927,0.9307411907654921,0.8705062362435803,0.8549517966695881,0.2757914847161572,0.07264821296001697,0.0,0.1727735368956743,0.13871995366348105,,0.08575067213810673,0.9534469600610532,0.3498419388830348,0.48519623594216205,0.32421662742256846,0.8591469462944593,0.4930067191387282,0.7612945472302599,0.13198663764706592,0.5095998967902308,6,0.47397195020157123,673
Wokha,Nagaland,0.563610078479967,0.9905213270142181,0.717953077184631,0.838833026483501,0.3577538933976749,0.20126241721854307,0.8676374345549738,0.42451059265218544,0.9439333449053984,0.8077769625825386,0.897239263803681,0.4299945414847161,0.3217732527309365,0.3460300429184549,0.2823155216284988,0.47118447726614526,,0.24678081222583842,0.9084202493004324,0.7228661749209694,0.5627725499196695,0.6223510233653323,0.7103585092815644,0.6116556366297559,0.7882195196997555,0.3702595672057504,0.628924886502301,6,0.5997649025093906,516
Dimapur,Nagaland,0.590045435770343,0.9949447077409164,0.8711322679360762,0.7350233677949299,0.8290195218249616,0.04666804635761589,0.7856675392670158,0.5209171359613837,0.9234507897934386,0.8796771826852531,0.8344653812445224,0.6155840611353712,0.4848870505886096,0.5875804721030042,0.6655216284987278,0.7209672748334782,,0.30974954011603234,0.9432714322055458,0.681559536354057,0.5292632545329355,0.5893859808005797,0.6600538472438714,0.6778055579041404,0.7888356057903227,0.6149080974318382,0.6188805985421703,6,0.6751074649171179,357
Phek,Nagaland,0.3866171003717472,0.9813586097946286,0.9673580414824889,0.8614927064155219,0.17087080500109675,0.246067880794702,0.7725785340314135,0.34580316438723513,0.8866516229821212,0.8407923697725606,0.6829535495179667,0.3239628820960699,0.054300562095662315,0.1966201716738198,0.13740458015267182,0.285403996524761,0.25115435356200533,0.20800905617659543,0.9516662426863394,0.687249736564805,0.8053706678907506,0.8482159029161384,0.7168768598554627,0.6022941906433642,0.7057558481382593,0.19953843850859693,0.6383632599502995,7,0.53648793431013,614
Tuensang,Nagaland,0.29801734820322195,0.8909952606635071,0.8362801768106087,0.8889675683330974,0.12140820355341082,0.21564569536423842,0.6408704188481674,0.18007508715473317,0.818955042527339,0.7534849596478357,0.7015775635407537,0.01023471615720524,0.0,0.06156115879828326,0.17099236641221383,0.11888213147987253,0.009564643799472267,0.0,0.8611040447723225,0.4950474183350896,0.5382143676841864,0.5105959065386706,0.8027490435029049,0.5418857088213475,0.6189926143437658,0.07233407456951498,0.4596107749475209,7,0.42320579317053725,695
Longleng,Nagaland,0.3281701776125568,0.9709320695102686,0.5967358041482489,0.8127743945616769,0.035095415661329246,0.3841059602649007,0.7100785340314136,0.13676588897827835,0.8090609269224093,0.7633895818048423,0.6586327782646801,0.2183406113537118,0.11697953123342879,0.04721030042918454,0.21984732824427483,0.19794381697075003,0.22526385224274412,0.2732418282156503,0.8440600356143474,0.5595363540569019,0.6479228827174661,0.6636478898750227,0.7805016295876435,0.5213023036264969,0.6155855420003247,0.16006431764627,0.5705963531871109,7,0.4668871291150506,677
Kiphire,Nagaland,0.4277158199091286,0.9339652448657187,0.8446106766405984,0.7626398527120806,0.08587409519631499,0.07874586092715231,0.5741164921465968,0.11276481630463932,0.6087484811664642,0.6713132795304475,0.6613716038562665,0.01241812227074236,0.014953865733375747,0.09321351931330471,0.17010178117048352,0.22791775267882997,0.05738786279683384,0.20984859204754494,0.7982701602645638,0.5003161222339305,0.849667202203351,0.6765078790074263,0.5706390817627887,0.5222585917084989,0.5256629346008829,0.10372100823334726,0.5232338429023484,7,0.41871909436126936,696
Kohima,Nagaland,0.5520446096654276,0.9838862559241704,0.8277796667800069,0.8242458575272624,0.5820355341083571,0.26459023178807944,0.9265379581151834,0.7683024939662108,0.9822947404964415,0.9537784299339691,0.9193689745836985,0.4856713973799126,0.2540036058967016,0.45506974248927035,0.5786259541984733,0.6938893715609615,,0.6983161171642849,0.9880437547697787,0.6819810326659641,0.48542575166398905,0.7299402282195255,0.8092673940768031,0.672430359298884,0.9100565194191006,0.4934520143050639,0.7321623797600575,6,0.7020253181957764,293
Peren,Nagaland,0.5594795539033458,0.9431279620853081,0.8716422985379123,0.8520039654439883,0.2496161438912042,0.043977649006622516,0.6379253926701571,0.29404666130329843,0.8429092171498004,0.8393250183418929,0.650635407537248,0.25614082969432317,0.10796478947926609,0.29439377682403434,0.28078880407124684,0.3120474949319432,0.3947889182058047,0.2363096080373567,0.9137624014245739,0.5422550052687038,0.8937342207941243,0.7545734468393408,0.6305795663879836,0.5866412621447302,0.6529683394004794,0.25026713900016273,0.6237147381368412,7,0.5283978696705534,622
Central,NCT of Delhi,0.8554316398182569,0.99304897314376,0.9940496429785788,0.6762498229712506,0.9892520289537179,0.2220612582781457,0.7540903141361256,0.5825958702064895,0.8059364693629578,0.8525311812179017,0.9723926380368099,0.6012554585152837,0.7286032453070315,0.8043186695278971,0.9007633587786261,0.8677961193165364,,0.3014008773171077,0.7211905367590944,0.57218124341412,0.7920587560247878,0.6679949284549901,0.3562420291908743,0.7883488943572851,0.7935092945920569,0.780547370289075,0.5685113951934957,6,0.7327292386079781,211
East,NCT of Delhi,0.9068566707971911,0.9851500789889416,0.972118327099626,0.690695368927914,0.9922132046501425,0.30546357615894043,0.7480366492146596,0.5850093858943415,0.7771220274257941,0.9537784299339691,0.9639570552147239,0.8104530567685588,0.9046558489765616,0.8723175965665235,0.9054707379134859,0.9264407761366927,0.5812994722955145,0.44233762558369893,0.6395319257186466,0.5353003161222338,0.7413357815010327,0.588118094548089,0.4185914694629446,0.8087495377704593,0.8055807095366976,0.8838676032723646,0.5637878121760229,7,0.765496415688886,131
New Delhi,NCT of Delhi,0.8944650970673276,1.0,0.9848690921455288,0.5693244582920267,0.9839877166045184,0.24865480132450332,0.7403468586387434,0.5935907750067041,0.8227738239888908,0.80997798972854,0.9692156003505696,0.7762008733624455,0.8028422950471948,0.8241684549356222,0.8951653944020359,0.8958876339415002,0.7059696569920845,0.39564171501344286,0.8389722716865938,0.7009483667017913,0.945375258205187,0.7556602064843325,0.3206745075811252,0.7802168609056507,0.7871810095426894,0.8388529303377597,0.6661774260949366,7,0.768107056720259,125
North,NCT of Delhi,0.8374638579099545,0.9946287519747234,0.9874192451547094,0.5799461832601615,0.9810265409080938,0.17487582781456956,0.7077879581151832,0.5399570930544381,0.7049123416073598,0.7010271460014673,0.9434706397896583,0.3916484716157206,0.4908261745678227,0.5898605150214592,0.8694656488549619,0.8741673906747756,0.4431068601583114,0.2810244799773596,0.676672602391249,0.7515279241306637,0.899242598117971,0.8141641007063938,0.39676916536771994,0.7592267345037021,0.7194310357136213,0.6431936401469479,0.6089296758356669,7,0.6826952715499846,337
North East,NCT of Delhi,0.9083023543990087,0.9955766192733018,0.9693981638898335,0.8537034414388897,0.9993419609563501,0.18843129139072848,0.7601439790575917,0.6194690265486724,0.9133830932129838,0.9409391049156273,0.9849912357581069,0.7546397379912664,0.8678544914625093,0.7737392703862661,0.8624681933842239,0.8523023457862727,0.7757255936675462,0.21635771897552006,0.70847112693971,0.4619599578503688,0.9003901767271059,0.7350117732294874,0.4667705824004535,0.8191256385580187,0.8437852878985964,0.8222008078021077,0.6092409899700274,7,0.7735881810571876,112
North West,NCT of Delhi,0.9361833952912019,1.0,0.9942196531791907,0.8352924514941227,0.9923228778240842,0.2800082781456954,0.7820680628272252,0.6611692142665592,0.8241624717930914,0.8661041819515775,0.9512489044697633,0.7985807860262009,0.7802524127691166,0.8205472103004292,0.9232824427480916,0.9342600637127135,0.6418205804749341,0.38163294184236596,0.7260239124904605,0.7110642781875657,0.8519623594216205,0.7176236189096179,0.3097633555335128,0.8396711093223824,0.8169505670616433,0.8513845831113104,0.6199844352657253,7,0.7819976736902653,95
Shahdara,NCT of Delhi,0.8979760429574557,0.9981042654028436,0.9967698061883713,0.7666052967001843,1.0,0.210885761589404,0.7665248691099477,0.6002949852507373,0.8739802117687901,0.8679383712399119,0.9624233128834355,0.743995633187773,0.8967016650758298,0.892837982832618,0.9465648854961833,0.9593107442803359,,0.5703976227536437,0.7784278809463241,0.58377239199157,0.6164792288271747,0.5834088027531245,0.34136318548958483,0.8117235288063765,0.8142323500505645,0.887882182174548,0.5789748521269036,6,0.7732032282895982,114
South,NCT of Delhi,0.9642709624122263,0.99652448657188,1.0,0.8528537034414388,0.9769686334722526,0.28487168874172186,0.7856675392670158,0.6441405202467149,0.8857837181044957,0.946441672780631,0.9693251533742332,0.7693777292576419,0.8612790327712375,0.7772263948497853,0.7706106870229008,0.8551983782218361,,0.14659685863874347,0.7583312134316967,0.5740779768177029,0.8866192334174892,0.7868139829740989,0.42681025931699024,0.84591491243992,0.8462717207546181,0.8067384444246803,0.596541587432787,6,0.7738666662630014,111
South East,NCT of Delhi,0.9107806691449816,0.9902053712480252,1.0,0.7721285936836144,0.9924325509980257,0.24110099337748345,0.7882853403141361,0.6958970233306515,0.8691199444540878,0.9042553191489362,0.9854294478527608,0.7902565502183406,0.8365680347862975,0.9028969957081544,0.9508905852417304,0.9681436432088039,,0.6605348804301685,0.7298397354362758,0.8204425711275026,0.7654349322928621,0.7603694982792973,0.322233243587927,0.8177746964086885,0.8485974150201144,0.8897511618326653,0.6764758101923389,6,0.8081497708634519,57
South West,NCT of Delhi,0.9128459314332921,0.9993680884676147,0.995239714382863,0.8059764905820707,0.9947356876508006,0.37841473509933776,0.8125000000000001,0.735317779565567,0.8691199444540878,0.8272193690388848,0.9845530236634531,0.7847980349344977,0.9185491568565065,0.9051770386266096,0.9047073791348603,0.898349261511729,,0.433564454506863,0.8237089799033325,0.7060063224446785,0.8581592839109479,0.8252128237638109,0.360068017571206,0.8477634412693299,0.8457420233443985,0.8823161742128407,0.6677866470168065,6,0.8109020714608438,56
West,NCT of Delhi,0.8087567121024369,1.0,0.9962597755865352,0.6738422319784733,0.9912261460846675,0.20498758278145698,0.7302028795811519,0.5726736390453204,0.8179135566741885,0.9556126192223037,0.9576029798422436,0.5320687772925764,0.6649697741011772,0.8314109442060086,0.8950381679389313,0.9119606139588764,0.4643799472295514,0.284420546200651,0.7270414652760112,0.5161222339304531,0.9107183842093183,0.7860894765441044,0.3828822445798499,0.7791787414222616,0.8068011348730415,0.7670896554995139,0.5816648997099912,7,0.733683607876202,205
Bargarh,Odisha,0.8748451053283767,0.94913112164297,0.966678000680041,0.462682339611953,0.2552094757622285,0.459023178807947,0.6074934554973823,0.3185840707964601,0.8512411039750043,0.8789435069699193,0.8310692375109553,0.7445414847161571,0.6972107328454766,0.9087982832618025,0.9947837150127227,0.945264986967854,0.9323878627968338,0.8976935050233482,0.8979903332485373,0.4585879873551106,0.6903832912554511,0.5861257018656041,0.5571772707949554,0.6612615369722527,0.6974662749499443,0.8581198405608026,0.7171922789056915,7,0.7335099828471727,206
Jharsuguda,Odisha,0.9304006608839321,0.9409162717219588,0.8021081264875892,0.5771137232686588,0.3637859179644659,0.37862168874172186,0.6938808900523561,0.3660498793242155,0.8521090088526299,0.9618488628026413,0.8800394390885188,0.9050218340611352,0.9513203945275215,0.9589592274678111,0.9819338422391859,0.953229076165653,,0.9230224989387293,0.8488934113457136,0.7072708113804004,0.7140234106036263,0.642274950190183,0.4242596003967691,0.6654910648447211,0.7507856160240723,0.9500928748922612,0.7099574471425703,6,0.7690817507259062,123
Sambalpur,Odisha,0.8983890954151177,0.9633491311216431,0.8808228493709622,0.4690553745928339,0.3723404255319149,0.4984478476821192,0.6209096858638743,0.30651649235720024,0.8722444020135394,0.9688187820983125,0.8477212971078001,0.7183406113537117,0.8971258882172022,0.8792918454935622,0.9938931297709925,0.965537214016797,,0.899957549172209,0.8076825235309082,0.4193888303477344,0.5161808583887997,0.47165368592646256,0.4388550375513674,0.6804007872857651,0.7232421318881453,0.8908377377704533,0.5922864141529136,6,0.7216917677743193,240
Debagarh,Odisha,0.8434531185460554,0.8527646129541866,0.7648758925535533,0.5758391162724829,0.10780872998464577,0.5827814569536424,0.506053664921466,0.2367927058192545,0.6665509460163166,0.6874541452677917,0.7747589833479404,0.6673034934497817,0.7759041255700497,0.8530042918454935,0.888295165394402,0.8660584998551983,,0.7564737512381493,0.660391757822437,0.6790305584826132,0.4760156070690843,0.5086035138561855,0.4812243162817061,0.6212538212107611,0.5743220890745537,0.810113115222985,0.5936232507916959,6,0.6498280690749989,413
Sundargarh,Odisha,0.8387030152829409,0.9086887835703001,0.8549812988779326,0.5129585044611245,0.3459091906119763,0.39517798013245037,0.5811518324607331,0.2947170823277017,0.7755597986460684,0.8004402054292002,0.8656879929886064,0.7506823144104803,0.7287093010923745,0.7344420600858369,0.889821882951654,0.8284100781928758,,0.8866562897976512,0.8639023149325871,0.58377239199157,0.6190039017672712,0.5020829559862344,0.2611591327759672,0.6427364621561208,0.6635113823704619,0.7864131273466443,0.6194294978752135,6,0.6780226174371102,344
Kendujhar,Odisha,0.7426683188764974,0.7187993680884674,0.8794627677660659,0.25987820422036545,0.21144987935950865,0.4357408940397351,0.4640052356020941,0.21373022257978005,0.496788751952786,0.5513573000733676,0.7765118317265556,0.6052128820960698,0.5588079329727436,0.6773068669527897,0.7510178117048347,0.7092383434694469,0.7686345646437994,0.7703410216499224,0.6100228949376749,0.5152792413066386,0.5551985310993803,0.4587936967940591,0.43701289499787443,0.5413332387251067,0.5004786683869167,0.660316767439177,0.5878975493470499,7,0.5725065559745626,574
Mayurbhanj,Odisha,0.6922759190417181,0.6947867298578201,0.6615096905814349,0.356748335929755,0.08236455363018207,0.46875000000000006,0.37385471204188486,0.1537945829981228,0.4575594514841173,0.36903888481291275,0.739592462751972,0.5394377729257641,0.5152190051967335,0.822961373390558,0.8941475826972011,0.8137851143932813,0.7429089709762532,0.728173199377388,0.5555838209107098,0.503477344573235,0.44893275189350473,0.2983155225502627,0.3365452741958339,0.49273920484015177,0.4187680188178019,0.7171101697207075,0.5162766977824553,7,0.5362235227902792,615
Baleshwar,Odisha,0.83849648905411,0.9096366508688783,0.9743284597075824,0.5894349242316953,0.21737223075235795,0.4080091059602649,0.619437172774869,0.3305175650308393,0.5420933865648325,0.6966250917094644,0.8369851007887819,0.4934497816593886,0.5541414784176476,0.8403969957081545,0.9692111959287534,0.9052997393570807,0.9018799472295514,0.8215650205179001,0.5337064360213687,0.7626975763962064,0.7592380078035345,0.7207027712370948,0.7412498228709082,0.6562129767624815,0.6051316633737575,0.752499838214205,0.7487199402966521,7,0.690641104661774,320
Bhadrak,Odisha,0.8145394465097067,0.9304897314375986,1.0,0.46424019260727944,0.1561745996929151,0.45302152317880795,0.7195680628272251,0.3132207026012335,0.8191286235028641,0.7373440939104916,0.8559377738825591,0.6761735807860263,0.7477993424541308,0.8598444206008585,0.9498727735368957,0.9593107442803359,0.7308707124010555,0.8805716711475875,0.6481811243958281,0.5964172813487881,0.7390406242827634,0.6060496286904546,0.3797647725662462,0.6364109155710513,0.6890398513448746,0.8386001723316493,0.6544136878332462,7,0.7046161567702054,284
Kendrapara,Odisha,0.9237918215613383,0.9854660347551345,0.9954097245834751,0.39753575980739275,0.21166922570739197,0.5050703642384106,0.787630890052356,0.38750335210512193,0.8371810449574726,0.933969185619956,0.8418054338299737,0.6804039301310044,0.7714497825856399,0.8119635193133047,0.9575063613231551,0.9215175209962352,,0.7220885807273242,0.7351818875604172,0.6737618545837724,0.9221941703006655,0.8058322767614563,0.4812243162817061,0.669823821775524,0.7576179813129761,0.8285682228698679,0.7233805143692235,6,0.7448476350818978,179
Jagatsinghapur,Odisha,0.9130524576621232,0.9443917851500788,0.990989459367562,0.4363404616909786,0.23996490458433864,0.5762624172185431,0.7801047120418848,0.44180745508179126,0.7918764103454261,0.9042553191489362,0.9213409290096406,0.6184497816593887,0.8297804645243397,0.8623927038626611,0.978498727735369,0.952215464813206,,0.8940144332814491,0.7211905367590944,1.0,0.8558641266926784,0.9311718891505163,0.5289783193991782,0.6835002476122707,0.7678769651255358,0.848267428518993,0.8218698842138193,6,0.7803786313676547,97
Cuttack,Odisha,0.8996282527881041,0.9431279620853081,0.8696021761305678,0.43874805268375583,0.40063610440886155,0.42570364238410596,0.7288939790575917,0.36551354250469287,0.7529942718278076,0.7920029347028614,0.8765337423312883,0.6456058951965065,0.8467493901792342,0.9066523605150214,0.985496183206107,0.9834926151172894,,0.6261497099193435,0.7888577969982192,0.8469968387776606,0.7764516869405553,0.7880818692265895,0.44919937650559727,0.6629076984134505,0.7031876940848484,0.8735992888428317,0.7126228797279942,6,0.7380793902672811,196
Jajapur,Odisha,0.822180916976456,0.9042654028436019,0.8643318599115947,0.2564792522305623,0.21649484536082475,0.5460471854304636,0.650523560209424,0.32689729149906127,0.8028120118035064,0.7179016874541453,0.8182515337423313,0.5301582969432315,0.7367695407784494,0.9046405579399139,0.9212468193384225,0.9436721691282942,0.6616094986807388,0.8843922456487902,0.6939709997456118,0.7399367755532138,0.7369749827863209,0.7351928998369861,0.4120731188890463,0.6016332437922506,0.6632772169416936,0.8072974768256623,0.694878645877244,7,0.6917716458592127,314
Dhenkanal,Odisha,0.782321354812061,0.8824644549763033,0.3784427065623937,0.41014020676957946,0.22121079184031586,0.5588783112582781,0.6290903141361256,0.2642799678197908,0.5887866689810797,0.6606749816581071,0.8349035933391762,0.6290938864628821,0.7575564747056952,0.8826448497854077,0.933969465648855,0.9018245004344049,,0.8340172633366353,0.7580768252353092,0.5753424657534245,0.5806747762221712,0.5864879550806014,0.47513107552784467,0.5389096377031553,0.5955471051868558,0.821017835407449,0.6349550601926643,6,0.647607409622531,418
Anugul,Odisha,0.7013630731102851,0.8954186413902053,0.5955457327439645,0.5265543124203371,0.16659355121737224,0.640625,0.5894960732984292,0.26883883078573334,0.5653532372851936,0.5524578136463684,0.8515556529360211,0.714792576419214,0.8409163219853643,0.8028433476394851,0.8181933842239186,0.8520127425427165,0.7852902374670185,0.8698174614404983,0.695497328923938,0.6859852476290832,0.5255910029837044,0.5779750045281652,0.28609890888479517,0.5876833851470274,0.5655403215903492,0.8057516745621397,0.6323221702653147,7,0.6478243878912078,417
Nayagarh,Odisha,0.8448988021478727,0.9469194312796206,0.7096225773546413,0.5354765613935704,0.36915990348760697,0.498033940397351,0.7077879581151832,0.18155001340842047,0.38083666030203084,0.6331621423330888,0.8865030674846626,0.8145469432314411,0.91112525188249,0.9562768240343349,0.9782442748091605,0.9762525340283811,,0.9129758030281594,0.7300941236326635,0.8558482613277133,0.8622905669038329,0.7647165368592646,0.5707807850361343,0.6506852026767772,0.5579679683286771,0.9272891655971615,0.7827843461312946,6,0.7296816706834776,219
Khordha,Odisha,0.9372160264353572,0.9845181674565563,0.9087045222713362,0.6218665911344003,0.5998025882869049,0.4346026490066225,0.7706151832460734,0.39688924644676854,0.7030029508765839,0.8063096111518708,0.9283523225241016,0.8025382096069869,0.9190794357832219,0.9451448497854077,0.9717557251908397,0.961917173472343,,0.8703834724777134,0.7481556855761893,0.9175974710221285,0.8000918062887308,0.8244883173338163,0.5578857871616835,0.7477850907651963,0.7210338628490797,0.9200870787677597,0.786433756643377,6,0.7938349472563532,75
Puri,Odisha,0.8835192069392813,0.9842022116903634,0.9748384903094185,0.5394420053816741,0.2830664619434086,0.6239652317880795,0.8028468586387435,0.3283722177527487,0.8226002430133658,0.8543653705062363,0.9198071866783524,0.7779748908296943,0.9604411920670273,0.924758583690987,0.9703562340966924,0.926730379380249,,0.9422668742040472,0.6990587636733656,0.9869336143308746,0.899242598117971,0.9248324578880638,0.6297293467479099,0.7148389346753709,0.7455983753178893,0.9120522560129298,0.847010609160372,6,0.8048750437916405,62
Ganjam,Odisha,0.9388682362660059,0.9772511848341232,0.8231893913634817,0.6181843931454469,0.604518534766396,0.5249379139072848,0.544175392670157,0.2544918208635022,0.6134351675056414,0.5803374908290536,0.8144171779141105,0.6992358078602621,0.8310531339484568,0.8633315450643777,0.9110687022900765,0.889661164205039,0.8096965699208443,0.8617518041601813,0.729585347239888,0.772813487881981,0.8691760385586413,0.7879007426190907,0.48462519484200084,0.7478249423804564,0.5613714099564928,0.8388700706736424,0.759364169317518,7,0.7268576480820274,228
Gajapati,Odisha,0.7903758777364724,0.8148499210110585,0.6268276096565794,0.41098994476703016,0.22285588944944065,0.3980753311258278,0.19502617801047123,0.11893268972914987,0.5127582017010935,0.7861335289801907,0.7351007887817703,0.7231168122270742,0.8344469190794358,0.7140557939914163,0.6993638676844784,0.7154648132059078,0.8776385224274406,0.7437385029008067,0.8377003307046552,0.36375131717597464,0.732384668349782,0.5080601340336897,0.4405554768315148,0.5439957622910682,0.46959027744053516,0.7372896412376625,0.6434041360605518,7,0.5985699542574545,519
Kandhamal,Odisha,0.7800495662949194,0.8909952606635071,0.39442366541992513,0.3277156210168532,0.1695547269137969,0.5519453642384107,0.5189790575916229,0.19469026548672566,0.6528380489498351,0.8455612619222304,0.7298422436459246,0.6607532751091703,0.8138720967228761,0.8802306866952789,0.9229007633587786,0.9254271647842455,0.9475593667546173,0.8451959813216359,0.8654286441109132,0.5576396206533193,0.5678218957998623,0.4919398659663105,0.5689386424826414,0.5191140340912354,0.5883821755192677,0.8406367973340698,0.6920748595841857,7,0.6600519666321896,387
Baudh,Odisha,0.677612556794713,0.8840442338072669,0.8716422985379123,0.3356465089930605,0.24391313884623822,0.4509519867549669,0.53026832460733,0.21828908554572268,0.5617080367991668,0.4992663242846662,0.7782646801051709,0.7158842794759825,0.7920246049421996,0.8673551502145921,0.9155216284987279,0.9277439907326963,0.8651055408970976,0.9374557803877177,0.8214194861358434,0.4967334035827186,0.6410374110626578,0.43108132584676695,0.5563270511548817,0.5773017872890263,0.5175592902684113,0.8437059307728397,0.6784514284382406,7,0.6542546091921295,404
Subarnapur,Odisha,0.9087154068566707,0.958609794628752,0.9017341040462428,0.5302365104092907,0.36148278131169115,0.4620240066225165,0.6649214659685863,0.32448377581120935,0.706995313313661,0.7692589875275129,0.7710341805433829,0.790938864628821,0.8847173613320606,0.9148336909871245,0.9501272264631044,0.9268751810020273,0.9661939313984169,0.8986840243384747,0.8659374205036887,0.6526870389884087,0.5051641037411063,0.5049809817062126,0.31741533229417607,0.6871337673125272,0.6473387446328704,0.8934984648826276,0.6730089761386406,7,0.7252449882416665,234
Balangir,Odisha,0.8624535315985131,0.9314375987361769,0.8789527371642297,0.5244299674267101,0.26277692476420267,0.4431912251655629,0.5104712041884816,0.2386698846875837,0.7566394723138344,0.8639031548055759,0.8069675723049956,0.8561681222707423,0.9656379255488386,0.9592274678111589,0.9730279898218829,0.9736461048363743,,0.9044856374699307,0.9409819384380564,0.5886195995785036,0.5161808583887997,0.44810722695163924,0.2910585234518918,0.6505403308092326,0.6353302576600942,0.9455415220577994,0.6149056307131369,6,0.7115794353100657,270
Nuapada,Odisha,0.6637752994630318,0.8287519747235387,0.9573274396463787,0.4125477977623566,0.16034218030269795,0.4568501655629139,0.30415575916230364,0.1836953606865111,0.728519354278771,0.855465884079237,0.6163453111305872,0.6865447598253275,0.7136493795736557,0.8179989270386266,0.8702290076335879,0.8942948161019404,0.9505277044854882,0.8736380359417011,0.8221826507250063,0.36965226554267644,0.6864815239843929,0.4412244158666908,0.3117472013603514,0.5799324762434863,0.5376363338674819,0.7965433780346276,0.6364933997009009,7,0.6376513969616242,442
Kalahandi,Odisha,0.7044609665427509,0.911216429699842,0.9410064603876233,0.49822971250531095,0.22241719675367405,0.49120447019867547,0.41148560209424084,0.17229820327165457,0.7165422669675404,0.9306676449009538,0.6768185801928134,0.7334879912663754,0.832431859157917,0.9263680257510728,0.9077608142493638,0.8867651317694759,,0.9068911843780956,0.8931569575171712,0.5827186512118019,0.7085150332797797,0.5212823763810904,0.3784894431061358,0.628089206014646,0.5815624594854405,0.857362764438841,0.6651756076456791,6,0.6830475093961517,336
Rayagada,Odisha,0.49648905410987204,0.8913112164296999,0.85141108466508,0.30038238209885293,0.23645536301820574,0.4584023178807947,0.10585732984293192,0.07414856529900776,0.42440548515882665,0.6632428466617756,0.6002410166520595,0.6520196506550218,0.8579913034256018,0.6003218884120172,0.6043256997455472,0.5952794671300319,0.8801121372031663,0.890476864298854,0.8710251844314424,0.35953635405690204,0.7326141840716089,0.408802753124434,0.3541164800906902,0.5390752363670842,0.3735790487229203,0.6619876018736439,0.6423834224681568,7,0.5542563273579513,598
Nabarangapur,Odisha,0.7339942172655929,0.9162717219589256,0.9843590615436926,0.2108766463673701,0.11416977407326168,0.48903145695364236,0.03844895287958117,0.02601233574684901,0.31591737545565013,0.6940572267057961,0.5626643295354952,0.7614628820960699,0.8835507476932867,0.8634656652360514,0.8417302798982188,0.8194323776426297,0.9149076517150396,0.8379793405971419,0.909692190282371,0.3477344573234984,0.523295845765435,0.28563666002535776,0.35043219498370415,0.5747838130270809,0.3274200440646743,0.8339283905132513,0.5956683343846497,7,0.5829501454974141,550
Koraput,Odisha,0.7953325072284181,0.8793048973143762,0.8206392383543013,0.14417221356748341,0.2513709146742707,0.552876655629139,0.05039267015706804,0.054035934566908,0.38309321298385696,0.6918561995597945,0.6402278702892199,0.829967248908297,0.7936154417223459,0.7858100858369098,0.771882951653944,0.8010425716768028,0.9661939313984169,0.8791566435545495,0.7901297379801577,0.3694415173867229,0.7383520771172826,0.5238181488860714,0.36573614850503045,0.5739494044613315,0.3639211775113695,0.7964636599596598,0.6618326006897474,7,0.599041710655527,517
Malkangiri,Odisha,0.5212722015695992,0.8663507109004739,0.9100646038762324,0.1727800594816598,0.13434963807852598,0.4744412251655629,0.044011780104712,0.004827031375703957,0.43759763929873285,0.5704328686720469,0.6130587204206837,0.7558679039301309,0.8315834128751722,0.8656115879828324,0.8811704834605597,0.9105125977410946,0.9144129287598945,0.8563746993066367,0.9028237089799034,0.34309799789251844,0.6589396373651595,0.37583771055968124,0.23806149922063194,0.5132097398453423,0.3339856079743759,0.8489491971979579,0.6127925974406322,7,0.5772342856145771,562
Yanam,Puducherry,0.9163568773234201,0.9949447077409164,1.0,0.7763772836708682,0.9864005264312348,0.29004552980132453,0.7316753926701569,0.5091177259318851,0.7240062489151189,0.8228173147468818,0.9246275197195443,0.9435043668122268,0.8005090677696468,0.968079399141631,1.0,0.9853750362004053,,0.6834583274373852,0.935639786313915,0.7513171759747101,0.8175350011475787,0.7920666545915596,0.790987671815219,0.827354154161294,0.7424488403967173,0.9394935739847821,0.7951674362133946,6,0.8261160011890469,29
Puducherry,Puducherry,0.9907063197026021,0.9990521327014218,1.0,0.7834584336496249,0.9475762228558895,0.31218956953642385,0.8687827225130891,0.7182890855457226,0.9012324249262281,0.8052090975788702,0.9912357581069238,0.7624181222707423,0.8760207869339272,0.9012875536480685,0.9941475826972013,1.0,,0.7795387010046697,0.8857796998219282,0.9199157007376184,0.8358962588937342,0.8927730483608043,0.4140569647158849,0.8388304464076602,0.8569498177341668,0.906774809109988,0.7879933955891065,6,0.8476371172102304,17
Mahe,Puducherry,0.986782321354812,0.9908372827804105,0.9654879292757566,0.998867016003399,0.9022812020179863,0.23271937086092717,0.9995091623036649,1.0,0.9520916507550773,0.9743213499633162,0.9831288343558282,0.9189410480349345,0.8552338530066814,0.9633851931330474,1.0,1.0,,0.8050091976793547,1.0,0.2619599578503688,0.9355060821666286,0.5390327839159573,0.8305228850786454,0.8461625203822153,0.9818101994755773,0.9475120188349326,0.7286718177818258,6,0.8760391391186377,7
Karaikal,Puducherry,0.9820322180916976,0.9860979462875198,0.9979598775926555,0.7796346126610963,0.7960078964685238,0.2659354304635762,0.8349149214659686,0.6084741217484578,0.8743273737198403,0.9783565663976522,1.0,0.7213427947598254,0.8906564853112737,0.9396459227467812,0.9942748091603055,0.9934839270199826,,0.7000141502759306,0.9595522767743576,0.7401475237091676,0.7512049575395916,0.7725049809817063,0.4255349298568797,0.8012779969275116,0.8592145966663838,0.9078807877996338,0.7248264698562722,6,0.8232999628124504,35
Kapurthala,Punjab,0.9731515902519621,0.992733017377567,0.9899693981638897,0.8273615635179153,0.8288001754770783,0.20209023178807947,0.7640706806282722,0.626039152587825,0.8807498698142684,0.9097578870139398,0.9519062226117441,0.562636462882096,0.4985682468978682,0.8505901287553647,0.9367684478371502,0.9052997393570807,0.43354221635883916,0.6422810244799774,0.9160518951920632,0.7591148577449947,0.8092724351618087,0.7826480710016301,0.3800481791129376,0.8023509960960818,0.82650476253121,0.7507726051459119,0.6747083827217502,7,0.7635841866237385,141
Jalandhar,Punjab,0.9510532837670383,0.985781990521327,0.9989799387963277,0.8355756974932729,0.808620311471814,0.25600165562913907,0.8098821989528795,0.6814159292035397,0.8708557542093387,0.9746881878209831,0.9645048203330413,0.7126091703056769,0.7261639622441404,0.8488465665236051,0.9025445292620865,0.9034173182739647,,0.6408659968869393,0.8946832866954973,0.7544783983140146,0.8664218498967179,0.8281108494837891,0.3719710925322375,0.8060021462798198,0.8602693781039565,0.8187163093218948,0.7260885789681993,6,0.8027691031684676,63
Hoshiarpur,Punjab,0.9520859149111939,0.9968404423380729,0.9986399183951037,0.8562526554312422,0.7527966659355121,0.27442052980132453,0.8859620418848168,0.7987396084741216,0.9187641034542614,0.9420396184886279,0.9718448729184926,0.7340338427947598,0.5865945487326334,0.9118830472103006,0.9788804071246819,0.9759629307848249,,0.5917645394085186,0.9564996184177054,0.8708113804004215,0.8379619003901768,0.9050896576707118,0.3668697746917953,0.805172687802075,0.9034700490440641,0.8374709553294402,0.7548328118298883,6,0.8252366260013668,30
Shahid Bhagat Singh Nagar,Punjab,0.979553903345725,1.0,0.9943896633798028,0.8782042203653874,0.7431454266286467,0.2290976821192053,0.8399869109947644,0.6949584338964869,0.8887345946884222,0.8980190755685986,0.9699824715162139,0.7307587336244542,0.5948668999893945,0.960568669527897,0.9914758269720103,1.0,,0.6663364935616245,0.970745357415416,0.8998946259220232,0.8280927243516181,0.9270059771780476,0.4480657503188324,0.8040651493064611,0.8583362973328972,0.8555340260227512,0.7900234881245937,6,0.8269897401966758,28
Fatehgarh Sahib,Punjab,0.9417596034696408,0.985781990521327,0.9950697041822508,0.8265118255204645,0.7208817723184909,0.3510968543046358,0.7956479057591623,0.6535264145883614,0.8729387259156396,0.9449743213499633,0.9785276073619633,0.6546124454148472,0.7594654788418708,0.9470225321888414,0.956615776081425,0.9778453518679409,0.7287269129287598,0.7535021932927692,0.9208852709234292,0.6455216016859852,0.9394078494376865,0.7994928454990038,0.4809409097350149,0.803516958386135,0.849122994995018,0.8591123168789851,0.7526396547860926,7,0.8160979812615577,44
Ludhiana,Punjab,0.9547707558859976,0.9902053712480252,0.9977898673920436,0.7841665486475005,0.8181618776047378,0.24927566225165562,0.7637434554973822,0.6429337624027888,0.8880402707863218,0.9328686720469552,0.9524539877300613,0.48348799126637554,0.6451373422420192,0.7722639484978542,0.8743002544529263,0.8892267593397045,,0.6315268147728882,0.8585601628084456,0.8124341412012643,0.9676382832224009,0.904546277848216,0.2488309479948987,0.7990616805049934,0.8360080296927018,0.7328832591597759,0.7372561046413524,6,0.7763022684997058,107
Moga,Punjab,0.9432052870714581,0.9958925750394946,0.986569194151649,0.8287777935136668,0.6896249177451195,0.2328228476821192,0.6119109947643979,0.4233038348082595,0.7724353410866169,0.8411592076302273,0.896034180543383,0.664164847161572,0.5734436313500901,0.8382510729613735,0.9114503816793895,0.9320880393860411,,0.6091693788028868,0.8117527346731113,0.813277133825079,0.8274041771861372,0.8255750769788082,0.357092248830948,0.7794821025339177,0.708968711766577,0.7838795945076933,0.7073784583828283,6,0.7449272167977542,178
Muktsar,Punjab,0.9258570838496488,0.9851500789889416,0.96242774566474,0.7605155077184536,0.7050888352708927,0.23499586092715233,0.5584096858638744,0.35143470099222307,0.850546780072904,0.8998532648569332,0.8957055214723927,0.6128548034934498,0.567504507370877,0.8471030042918455,0.9540712468193386,0.9413553431798437,,0.469364652610726,0.8089544645128467,0.5397260273972603,0.7899931145283452,0.5734468393406992,0.3756553776392235,0.7623391854033047,0.7111899906516654,0.7845777810310709,0.5928567460048502,6,0.7127409257727229,268
Faridkot,Punjab,0.9539446509706732,0.969036334913112,0.8731723903434208,0.8252372185242884,0.772757183592893,0.19939983443708612,0.600458115183246,0.4416733708769106,0.793612220100677,0.8275862068965517,0.906441717791411,0.4949508733624455,0.5205217944638879,0.7609978540772532,0.9273536895674303,0.9669852302345786,0.5189643799472295,0.6939295316258668,0.7598575426100229,0.6845100105374078,0.8671103970621988,0.7543923202318421,0.2746209437438006,0.7655912687969123,0.7139543261697593,0.7341618883411191,0.6504835893940527,7,0.7160477681754608,258
Bathinda,Punjab,0.9256505576208179,1.0,0.9846990819449166,0.8377000424869,0.7622285588944944,0.19629552980132453,0.5541557591623036,0.3681952266023062,0.7542093386564833,0.8580337490829053,0.830740578439965,0.35221069868995636,0.4652667303001378,0.7206276824034334,0.912468193384224,0.9015348971908486,,0.42054620065091275,0.6705672856779445,0.7928345626975765,0.7482212531558412,0.6996920847672523,0.3671531812384867,0.784428961791409,0.6730669303887927,0.6704216403937201,0.6165024280313357,6,0.6861049901513144,331
Mansa,Punjab,0.9603469640644362,0.9854660347551345,0.9877592655559334,0.7954963886135109,0.47894275060320246,0.17870447019867552,0.5037630890052356,0.32099758648431204,0.8009026210727305,0.9013206162876009,0.8683172655565294,0.5537663755458516,0.47788736875596566,0.7965396995708154,0.8571246819338424,0.9058789458441935,0.6550131926121372,0.5810103297014292,0.9264818112439582,0.5055848261327713,0.8248795042460408,0.7192537583771056,0.24429644324783914,0.7311193122984821,0.6790602356812816,0.7182394143301337,0.636645695080183,7,0.6912661643475201,318
Patiala,Punjab,0.9078893019413466,0.9917851500789888,0.9846990819449166,0.8330264835009207,0.7871243693792497,0.3375413907284769,0.6544502617801046,0.5685170286940198,0.8647804200659608,0.8077769625825386,0.9531113058720421,0.53507096069869,0.7168310531339485,0.7628755364806867,0.9650127226463104,0.961193165363452,,0.7175604924296025,0.853472398880692,0.849104320337197,0.8744549001606611,0.8232204310813259,0.26555193424968127,0.8070109629289832,0.7697271957989332,0.7881966876646176,0.7305607461898601,6,0.7738738981455985,110
Amritsar,Punjab,0.9907063197026021,0.9974723538704582,0.9935396123767427,0.8038521455884436,0.8143233165167799,0.2588990066225166,0.7048429319371728,0.578037007240547,0.8408262454434994,0.8374908290535583,0.9556310254163015,0.6084879912663755,0.5528688089935306,0.8745976394849786,0.9478371501272266,0.9826238053866203,,0.5585113909721241,0.92520987026202,0.8689146469968388,0.829010787238926,0.9266437239630502,0.3107552784469322,0.8097987924462572,0.7833656078182157,0.7932830790517463,0.7365076163133152,6,0.7807387739073836,96
Tarn Taran,Punjab,0.9816191656340355,0.9889415481832545,0.9251955117307038,0.7473445687579664,0.6317174819039262,0.24637831125827817,0.49100130890052357,0.359077500670421,0.8139211942371116,0.8092443140132062,0.9118098159509203,0.5472161572052402,0.5927457842825326,0.8120976394849786,0.9487277353689567,0.9336808572256009,0.6997031662269131,0.620631102306495,0.9771050623251082,0.7763962065331929,0.8432407619921966,0.8695888426009781,0.35340796372396194,0.7535327645780274,0.6770108267544366,0.7668936347134617,0.7342961579584065,7,0.7329333460010831,209
Rupnagar,Punjab,0.9299876084262702,0.9936808846761452,0.9748384903094185,0.775102676674692,0.6066023250712875,0.3787251655629139,0.8234620418848169,0.6755162241887904,0.957819822947405,0.9798239178283199,0.9534399649430324,0.4136189956331878,0.6455615653833917,0.7914431330472103,0.9715012722646312,0.9808861859252824,,0.6436960520730156,0.9175782243703892,0.9601685985247629,0.8944227679596052,0.8531063213186018,0.4246847102168059,0.7764895251201213,0.878012394358473,0.7606022304507407,0.7822761124105302,6,0.7993450655849663,69
Sahibzada Ajit Singh Nagar,Punjab,0.9477488641057414,0.9867298578199052,0.9979598775926555,0.8266534485200397,0.8801272208817722,0.3087748344370861,0.787467277486911,0.656074014481094,0.8168720708210381,0.892883345561262,0.9549737072743207,0.7487718340611353,0.6857567080284229,0.8362392703862661,0.9671755725190841,0.9700260642919202,0.5225923482849604,0.6381774444601671,0.873823454591707,0.7243414120126449,0.8567821895799862,0.7130954537221519,0.45033300269236215,0.8246656838928667,0.821654083124925,0.8415938898573658,0.6827350436205686,7,0.7926621751239316,80
Sangrur,Punjab,0.966336224700537,0.9860979462875198,0.9947296837810268,0.8940659963178021,0.67109015134898,0.18160182119205298,0.673920157068063,0.5470635559131133,0.8604408956778338,0.9493763756419663,0.8881463628396145,0.5483078602620087,0.45975182946229715,0.8275214592274678,0.93206106870229,0.9662612221256879,,0.5290788170369323,0.8377003307046552,0.7833508956796628,0.8643562084002755,0.8020286180039848,0.4044211421283832,0.7823203039379863,0.7837894694281182,0.7467806879559503,0.703489335325649,6,0.7540949491619259,163
Barnala,Punjab,0.9175960346964066,0.9936808846761452,0.9965997959877592,0.8698484633904546,0.7114498793595087,0.20219370860927155,0.6569044502617801,0.5293644408688655,0.7786842562055198,0.9035216434336024,0.8988825591586327,0.6727620087336245,0.6302895322939865,0.8189377682403433,0.9580152671755727,0.9315088328989284,0.47971635883905017,0.6282722513089006,0.7211905367590944,0.5656480505795574,0.8859306862520083,0.8302843687737729,0.494119314156157,0.7818947944532576,0.7534714699856802,0.8023026818684912,0.6578802238097915,7,0.7488872925293051,171
Fazilka,Punjab,0.9339116067740603,0.9921011058451816,0.953417205032302,0.7445121087664638,0.5322439131388462,0.2009519867549669,0.5590641361256544,0.37101099490480016,0.7852803332754731,0.9031548055759354,0.8387379491673971,0.5298853711790393,0.3405451267366635,0.7958690987124463,0.8940203562340969,0.908195771792644,,0.42592330550445745,0.8669549732892393,0.5201264488935722,0.8845535919210465,0.7641731570367687,0.3604931273912427,0.7261896543853035,0.6914496438098521,0.693703144930978,0.6370374340060546,6,0.687094969283047,330
Firozpur,Punjab,0.9578686493184633,0.9886255924170616,0.9246854811288676,0.7864325166407025,0.6580390436499232,0.20571192052980136,0.6076570680628272,0.4538750335210512,0.8175663947231384,0.9314013206162876,0.930872042068361,0.5582696506550219,0.46749390179234274,0.7910407725321887,0.9431297709923664,0.9642339994207936,0.5799802110817942,0.42634781378236886,0.9374205036886288,0.644467860906217,0.8056001836125775,0.7312081144720161,0.3135893439138445,0.75356053394747,0.7482743717983331,0.7448336190785426,0.6340877187796353,7,0.7201890609009953,247
Gurdaspur,Punjab,0.9770755885997522,0.9699842022116902,0.9585175110506631,0.7956380116130861,0.7967756086861154,0.23096026490066227,0.7491819371727749,0.6831590238669883,0.8869987849331713,0.6995597945707996,0.909837861524978,0.5873362445414847,0.6016544702513522,0.8185354077253217,0.9033078880407125,0.8937156096148277,0.6705145118733509,0.7469930663647942,0.9417451030272196,0.7487881981032666,0.8854716548083543,0.8531063213186018,0.3593595012044778,0.7881585311769949,0.7857474804137424,0.7609099240347398,0.7437111938142948,7,0.769631782359943,119
Pathankot,Punjab,0.970053696819496,0.9977883096366511,0.9760285617137029,0.7072652598782044,0.7812020179864005,0.2673841059602649,0.8486583769633508,0.8104049342987395,0.9204999132095123,0.9020542920029347,0.9648334794040316,0.507778384279476,0.5097041043588928,0.8527360515021459,0.9338422391857508,0.9268751810020273,,0.5420970708928824,0.9315695751717121,0.810958904109589,0.8668808813403719,0.9351566745154863,0.38571631004676205,0.7832869919991201,0.8892901991757138,0.7461871920656586,0.7453965693461341,6,0.7910402381466567,83
Ganganagar,Rajasthan,0.9762494836844278,0.9014218009478672,0.9047942876572596,0.7673134116980599,0.4041456459749945,0.8707574503311257,0.5294502617801046,0.34513274336283184,0.764277035236938,0.9126925898752751,0.9157537248028046,0.7778384279475982,0.5762010817690104,0.8175965665236051,0.9707379134860054,0.9745149145670431,0.8304749340369393,0.6138389698599124,0.9229203764945306,0.7618545837723919,0.5317879274730319,0.657489585220069,0.32846818761513397,0.8041136800489558,0.6934612710115908,0.8233777808586524,0.6638335092102869,7,0.7461965602823715,176
Hanumangarh,Rajasthan,0.882486575795126,0.9677725118483413,0.963107786467188,0.7725534626823398,0.30258828690502304,0.9090438741721854,0.5091623036649214,0.33293108071869126,0.6767922235722964,0.896918561995598,0.912467134092901,0.7924399563318777,0.517128009332909,0.7835300429184548,0.9356234096692112,0.9554011004923255,0.7239445910290239,0.5276637894438942,0.9442889849910965,0.7683877766069547,0.6472343355519854,0.7449737366419127,0.20561144962448638,0.7995920829783673,0.6656542608088817,0.7968245037489556,0.6517292376984791,7,0.7284500213086709,224
Bikaner,Rajasthan,0.7912019826517968,0.8774091627172198,0.9138048282896974,0.716612377850163,0.46874314542662865,0.8929014900662251,0.42097513089005234,0.22298203271654599,0.4214546085749002,0.76008804108584,0.8921998247151621,0.7396288209606986,0.4895535051437056,0.7549624463519313,0.8726463104325701,0.8940052128583841,0.5968007915567282,0.407952455072874,0.909692190282371,0.7968387776606954,0.515033279779665,0.612932439775403,0.1847810684426811,0.7767788311669551,0.5435399275965002,0.750159259149458,0.5748615717957739,7,0.6613348974271718,381
Churu,Rajasthan,0.7517554729450641,0.8922590837282781,0.9695681740904453,0.7210026908369921,0.3511735029611757,0.8352649006622517,0.44895287958115193,0.26481630463931344,0.5165769831626453,0.8466617754952311,0.8671121822962314,0.6293668122270742,0.4311167674196627,0.6563841201716739,0.84529262086514,0.8537503620040545,0.5756926121372031,0.48026036507711906,0.8430424828287967,0.7072708113804004,0.723892586642185,0.7062126426372034,0.2467053988947146,0.7535039708707011,0.5888240250349147,0.683182136537521,0.6118681285139462,7,0.6593445652392709,390
Jhunjhunun,Rajasthan,0.8599752168525403,0.9696682464454979,0.972628357701462,0.7042911768871265,0.5142575126124149,0.8793460264900661,0.612892670157068,0.4242424242424242,0.686339177226176,0.9713866471019809,0.9299956178790535,0.7341703056768559,0.47502386255170215,0.8005633047210301,0.9633587786259542,0.9792933680857224,0.8134894459102902,0.5012027734540825,0.9056219791401678,0.8370916754478398,0.783107642873537,0.7757652599166818,0.25846677058240053,0.8166944228315178,0.7249713073213406,0.790481923932253,0.6963922210464285,7,0.757134968782885,155
Alwar,Rajasthan,0.5247831474597273,0.9314375987361769,0.9593675620537232,0.5204645234386064,0.288330774292608,0.8236754966887416,0.4424083769633508,0.2881469562885492,0.44037493490713414,0.7072633895818048,0.8350131463628396,0.39847161572052403,0.27160886626365466,0.6429721030042919,0.8889312977099237,0.8666377063423111,0.32998021108179415,0.35870949483514936,0.8438056474179598,0.5620653319283456,0.74454900160661,0.6957072994022823,0.4571347598129517,0.6746765171115973,0.5426413608207357,0.6137243178081411,0.5702788208692989,7,0.6003302541524432,513
Bharatpur,Rajasthan,0.5745559686080134,0.9450236966824647,0.8968038082284938,0.47330406458008784,0.17251590261022154,0.865273178807947,0.40003272251308897,0.22392062215071065,0.4191980558930741,0.8114453411592076,0.7553680981595092,0.3962882096069869,0.30618305228550213,0.6830740343347639,0.8997455470737914,0.8672169128294237,0.4073218997361478,0.2469223149851422,0.6120580005087765,0.4286617492096943,0.8223548313059444,0.6022459699329832,0.28014737140427953,0.6545794365862047,0.5219929679751181,0.6305015512260936,0.485673162440424,7,0.5731867795569601,571
Dhaulpur,Rajasthan,0.45580338703015294,0.9213270142180097,0.9107446446786808,0.3998017278005948,0.3053301162535644,0.9092508278145695,0.3486583769633507,0.17980691874497184,0.4868946363478563,0.7351430667644901,0.7371822962313761,0.5667303493449781,0.4037543748011454,0.7305525751072962,0.9290076335877865,0.9154358528815523,0.7673153034300791,0.5033253148436395,0.7255151360976851,0.31443624868282405,0.7872389258664217,0.5627603694982793,0.19555051721694766,0.650376286299262,0.497537059010409,0.7090961571445517,0.5508774022336966,7,0.6019717261719799,509
Karauli,Rajasthan,0.7703428335398594,0.9579778830963666,0.9107446446786808,0.2931596091205212,0.17130949769686335,0.8816225165562913,0.26537958115183247,0.12174845803164386,0.4190244749175491,0.7421129860601614,0.7131901840490796,0.5271561135371179,0.3994060876020787,0.865209227467811,0.9689567430025445,0.9645236026643498,0.8171174142480211,0.483939436819018,0.8361740015263293,0.4847207586933614,0.4920817075969704,0.4539032783915958,0.2780218223040953,0.6641928307814304,0.4522911368420533,0.7450503548547803,0.5494226313684845,7,0.6027392384616871,506
Sawai Madhopur,Rajasthan,0.5743494423791822,0.8584518167456555,0.8721523291397485,0.5942501062172498,0.22472033340644879,0.8215024834437086,0.3067735602094241,0.19764011799410028,0.3856969276167332,0.892883345561262,0.7608457493426819,0.5330240174672488,0.45550959804857355,0.674087982832618,0.9669211195928754,0.9675644367216913,0.25544195250659635,0.41205603509268435,0.7789366573390996,0.709799789251844,0.5985770025246729,0.691722514037312,0.31443956355391806,0.6575710852219988,0.5087679401448403,0.7194214309326015,0.5372819306151609,7,0.6057605967286503,502
Dausa,Rajasthan,0.7841800908715406,0.9677725118483413,0.9892893573614417,0.42755983571732054,0.1533230971704321,0.931912251655629,0.3857984293193717,0.2813086618396352,0.5443499392466585,0.8914159941305942,0.8560473269062226,0.7463155021834061,0.5226429101707498,0.8682939914163091,0.9767175572519086,0.9432377642629597,0.8698878627968337,0.46384604499787757,0.8140422284406003,0.4836670179135933,0.6270369520312141,0.5232747690635754,0.29871050021255485,0.7090061907707842,0.5917840702884964,0.8114415450570667,0.5829236250651785,7,0.6737888577953814,360
Jaipur,Rajasthan,0.8124741842213962,0.9851500789889416,0.9986399183951037,0.7129301798612095,0.5641588067558675,0.8317466887417218,0.575098167539267,0.4596406543309198,0.5995486894636348,0.9328686720469552,0.9101665205959684,0.7508187772925764,0.5211581291759465,0.8649409871244637,0.9660305343511452,0.9711844772661454,0.8228891820580476,0.4922880996179426,0.8895955227677435,0.7504741833508957,0.7677300895111315,0.7540300670168448,0.3426385149496954,0.8175166428273734,0.695464540795349,0.8148265810420554,0.6885208084674718,7,0.7540821432830623,164
Sikar,Rajasthan,0.8409748038000826,0.9744075829383886,0.9904794287657259,0.6892791389321626,0.5461724062294362,0.8404387417218543,0.5670811518324608,0.37302225797801014,0.6870335011282763,0.8910491562729275,0.934706397896582,0.6767194323144105,0.4884929472902747,0.7856759656652361,0.9460559796437662,0.9264407761366927,0.5049472295514512,0.5750672138106693,0.8511829051132027,0.7898840885142255,0.8085838879963279,0.7989494656765078,0.48221623919512535,0.8136253503979417,0.6905784930216513,0.764677020210076,0.68726157569393,7,0.7390356098308997,193
Nagaur,Rajasthan,0.8909541511771994,0.9680884676145338,0.9466167970078204,0.7052825378841525,0.40655845580171085,0.9195985099337747,0.4772578534031413,0.2511397157414856,0.5108488109703176,0.9684519442406456,0.8534180543382998,0.693231441048035,0.443207126948775,0.7489270386266094,0.9613231552162851,0.9552562988705473,0.6800791556728232,0.545493137116174,0.882727041465276,0.6130663856691253,0.7307780582969934,0.6554971925375838,0.42992773133059375,0.8061831532365319,0.612223275738778,0.7603890121420503,0.6482241002983671,7,0.7067548853539318,279
Jodhpur,Rajasthan,0.9403139198678232,0.9484992101105847,0.9408364501870111,0.6542982580371053,0.5212765957446808,0.8935223509933774,0.4839659685863875,0.28117457763475456,0.5131053636521437,0.8129126925898754,0.884421560035057,0.6218613537117904,0.5552020362710786,0.7595225321888412,0.8731552162849873,0.8924123950188241,0.6893139841688654,0.5991226828923164,0.8644110913253625,0.5905163329820863,0.7968785861831535,0.6690816880999818,0.440838883378206,0.8164577974900972,0.5951160324996436,0.7404307066951044,0.6643090355757104,7,0.7040783930651389,287
Jaisalmer,Rajasthan,0.8194960760016523,0.914691943127962,0.9180550833049984,0.6585469480243592,0.24402281202017984,0.957264072847682,0.40788612565445026,0.06851702869401985,0.4986981426835619,0.9651504035216435,0.8110210341805434,0.5222434497816594,0.45847916003818007,0.7398068669527897,0.8729007633587789,0.9068925571966405,0.5385883905013192,0.6124239422668742,0.8038667005850928,0.7399367755532138,0.5290337388111086,0.5564209382358268,0.522034859005243,0.7520128225544722,0.5502545469468438,0.7000645594656096,0.6146150492798113,7,0.6542367445616841,405
Barmer,Rajasthan,0.9175960346964066,0.8575039494470773,0.9982998979938797,0.7701458716895625,0.1993858302259267,1.0,0.47513089005235604,0.16090104585679807,0.6488456865127581,0.925898752751284,0.8498028045574059,0.7695141921397379,0.642379891823099,0.7825912017167382,0.9148854961832061,0.9177526788300028,0.8820910290237466,0.7109098627423236,0.7608750953955737,0.4541622760800842,0.8375028689465229,0.5556964318058323,0.4022955930281989,0.7904885973421422,0.6121158359461204,0.8054246921385568,0.657647593860326,7,0.7164191798217864,256
Jalor,Rajasthan,0.9299876084262702,0.9478672985781988,0.9707582454947297,0.6817731199546807,0.3062075016450976,0.9877897350993377,0.3929973821989528,0.11531241619737193,0.595729908002083,0.892883345561262,0.7781551270815075,0.7606441048034934,0.7090889808039028,0.8409334763948497,0.9430025445292622,0.9242687518100202,0.6367084432717678,0.6963350785340315,0.8667005850928516,0.34436248682824017,0.8255680514115217,0.468393406991487,0.4140569647158849,0.8040639181997191,0.5550156358082354,0.8355875716683057,0.6074464309779692,7,0.7005283891635574,296
Sirohi,Rajasthan,0.8696819496076001,0.8082148499210113,0.8903434206052363,0.3523580229429259,0.4096293046720772,0.9396730132450329,0.3864528795811518,0.16183963529096274,0.688422148932477,0.838958180484226,0.7170245398773006,0.6378275109170306,0.6910594972955774,0.8878755364806865,0.9454198473282444,0.9407761366927309,0.775065963060686,0.5379934908730721,0.8102264054947851,0.631190727081138,0.7250401652513198,0.5651150153957617,0.27929715176420583,0.7116500934989806,0.5585394768332236,0.8205917057428538,0.6177041312744241,7,0.6771213518373704,348
Pali,Rajasthan,0.9582817017761257,0.9902053712480252,0.93488609316559,0.7445121087664638,0.4883746435621847,0.9836506622516555,0.6173102094240838,0.3089300080450522,0.7950008679048776,0.9196625091709464,0.9355828220858896,0.5870633187772926,0.4312228232050058,0.9586909871244633,0.9848600508905853,0.9784245583550536,0.8375659630606861,0.5403990377812369,0.8389722716865938,0.5216016859852476,0.6834978196006427,0.4794421300489043,0.3239336828680742,0.8499850967950073,0.7152972833261699,0.7880523476704802,0.6036303701473408,7,0.7392412744847495,192
Ajmer,Rajasthan,0.926476662536142,0.9977883096366511,0.9675280516831011,0.6827644809517067,0.48530379469181834,0.90625,0.5165248691099477,0.35652990077768826,0.6493664294393334,0.7967718268525312,0.8274539877300614,0.7384006550218342,0.5138402799872733,0.7698497854077253,0.9377862595419849,0.9690124529394729,0.6525395778364117,0.5171925852554127,0.8936657339099466,0.8071654373024235,0.6426440211154464,0.7112841876471654,0.2724953946436163,0.8276852165832365,0.6293294027819124,0.7857778865796581,0.6424267053872033,7,0.7213048028330026,242
Tonk,Rajasthan,0.7408095828170178,0.9298578199052133,0.8451207072424346,0.5230137374309589,0.1696644000877385,0.8626862582781456,0.2905759162303665,0.18356127648163043,0.3541051900711682,0.8855465884079237,0.8051051709027168,0.7156113537117904,0.6555308092056421,0.7989538626609441,0.9665394402035624,0.9700260642919202,0.5933377308707125,0.35828498655723795,0.7822437038921394,0.579768177028451,0.686252008262566,0.6199963774678501,0.43715459827122016,0.6785254176269181,0.5037788284187611,0.8213323060147719,0.5795767974785969,7,0.6458033373847619,420
Bundi,Rajasthan,0.8077240809582816,0.9497630331753554,0.9260455627337641,0.3830902138507294,0.1956569423119105,0.8951779801324502,0.3154450261780105,0.1844998659157951,0.4089567783370943,0.9148936170212766,0.7542725679228746,0.7454967248908297,0.7384664333439388,0.8079399141630901,0.9395674300254453,0.9287576020851434,0.5996042216358839,0.4996462431017406,0.8117527346731113,0.6453108535300316,0.6534312600413129,0.6024270965404819,0.29176703981861984,0.6929096355270818,0.5156135710750102,0.8320456209016894,0.5862770641915974,7,0.6567114729238447,395
Bhilwara,Rajasthan,0.8424204874019001,0.976303317535545,0.8823529411764706,0.4674975215975075,0.19620530818161877,0.9095612582781456,0.31839005235602097,0.1566103513006168,0.2747786842562055,0.8030080704328686,0.7367440841367222,0.704967248908297,0.6395163856188354,0.9486319742489269,0.9365139949109417,0.9426585577758472,0.7234498680738787,0.6049242960237725,0.9020605443907402,0.801685985247629,0.7034656873995869,0.7042202499547184,0.464361626753578,0.7123901390285313,0.45790624849648676,0.8344576322925696,0.7005954654062719,7,0.6763373713059649,355
Rajsamand,Rajasthan,0.9273027674514664,0.9639810426540284,0.911764705882353,0.6062880611811359,0.3123491993858302,0.9527110927152317,0.5094895287958114,0.27272727272727265,0.5233466412081236,0.8840792369772561,0.7581069237510956,0.7984443231441047,0.5973061830522854,0.7732027896995708,0.9376590330788803,0.9371560961482768,0.5328166226912929,0.5074288948634499,0.7903841261765454,0.6389884088514225,0.7204498508147809,0.699873211374751,0.15899107269377918,0.7790661448783408,0.5895499206919119,0.8087536850246236,0.5784188839237174,7,0.6889471586296484,326
Dungarpur,Rajasthan,0.8870301528294093,0.9816745655608216,0.9000340020401225,0.43421611669735166,0.20454046940118448,0.9973096026490066,0.4841295811518324,0.2538213998390989,0.7063009894115605,0.8382245047688922,0.8406003505696757,0.6920032751091703,0.49061406299713645,0.9070547210300428,0.9250636132315523,0.9344048653344917,0.7241094986807387,0.48507145889344855,0.8547443398626303,0.6162276080084299,0.7443194858847831,0.6612932439775404,0.22261584242596014,0.7341341515296493,0.6246153651482119,0.7898281075404787,0.6154830682476472,7,0.6910151731164969,319
Banswara,Rajasthan,0.7511358942585709,0.782306477093207,0.9250255015300919,0.16371618750885142,0.13731081377495064,0.8596854304635762,0.26537958115183247,0.20032180209171355,0.5667418850893942,0.8096111518708731,0.5764680105170903,0.8281932314410481,0.6948775055679286,0.9263680257510728,0.9707379134860054,0.9635099913119027,0.7194920844327176,0.5156360549030706,0.9025693207835157,0.336986301369863,0.7057608446178563,0.4290889331642819,0.18931557318974065,0.603196717438208,0.4837044861441807,0.8767373335115914,0.542692730351578,7,0.6265828168613896,464
Chittaurgarh,Rajasthan,0.9064436183395291,0.969036334913112,0.9593675620537232,0.4898739555303782,0.24830006580390435,0.9250827814569536,0.3090641361256545,0.1507106462858675,0.2598507203610484,0.8734409391049157,0.6439526730937774,0.8075873362445415,0.7496022908049634,0.889082618025751,0.9586513994910941,0.9613379669852302,0.7994722955145119,0.4989387293052215,0.8679725260747901,0.6149631190727081,0.7681891209547854,0.660387610940047,0.3264843417882954,0.7496840530162668,0.44740382299425263,0.8732523223103159,0.6480582490929084,7,0.6795996118534359,342
Kota,Rajasthan,0.8979760429574557,0.9819905213270145,0.9926895613736822,0.7051409148845773,0.6985084448343934,0.8250206953642383,0.643651832460733,0.40761598283722167,0.7703523693803158,0.983492296404989,0.8172655565293602,0.8422489082969433,0.8164174355711104,0.856357296137339,0.9729007633587787,0.9850854329568491,0.7422493403693932,0.4826659119852838,0.8364283897227169,0.6552160168598524,0.6252008262565987,0.6515124071726136,0.4076803174153324,0.8502210301235603,0.724475607522524,0.8946019672642042,0.6287076013973988,7,0.7745015515769218,109
Baran,Rajasthan,0.8176373399421727,0.9466034755134282,0.9336960217613056,0.4211868007364396,0.3397674928712437,0.914010761589404,0.3458769633507854,0.14521319388576023,0.5353237285193543,0.8892149669845928,0.7232690622261174,0.8445687772925763,0.7948881111464631,0.9047746781115881,0.9653944020356234,0.9685780480741384,0.8227242744063324,0.6569973114475733,0.8623759857542611,0.30895679662802944,0.6146431030525591,0.401738815431987,0.43021113787728493,0.7288169820689988,0.5277795829933221,0.8956408033320777,0.5853782035140039,7,0.6844038929771007,333
Jhalawar,Rajasthan,0.9378356051218504,0.9775671406003161,0.8711322679360762,0.46508993060473025,0.27670541785479275,0.9569536423841059,0.2889397905759162,0.11732367927058193,0.34316958861308794,0.7942039618488629,0.5852322524101665,0.8680403930131005,0.7207551171916426,0.8686963519313305,0.978498727735369,0.9785693599768317,0.6940963060686016,0.570963633790859,0.9066395319257186,0.5605900948366702,0.43768648152398437,0.4403187828291976,0.31670681592744804,0.7475473340836453,0.42577385454372313,0.8829119899696549,0.5610002352717828,7,0.6543083534672015,403
Udaipur,Rajasthan,0.9545642296571664,0.938388625592417,0.875212512750765,0.4395977906812067,0.2816407106821671,0.9638865894039734,0.419175392670157,0.22164119066773932,0.6833883006422496,0.8338224504768892,0.8432296231375985,0.5907478165938864,0.6146993318485523,0.9608369098712444,0.9497455470737914,0.9623515783376775,0.7821569920844328,0.6616669025045989,0.8234545917069449,0.5601685985247629,0.9049804911636447,0.647346495200145,0.2631429786028058,0.7422150764612826,0.6002513915189267,0.8156762367450303,0.6632738642553336,7,0.7053541422451434,283
Pratapgarh,Rajasthan,0.7949194547707558,0.9042654028436019,0.8068684121047263,0.24132559127602327,0.15792937047598157,0.8621688741721854,0.27421465968586384,0.13234111021721637,0.46432910952959555,0.8829787234042553,0.6454864154250658,0.6649836244541484,0.5151129494113904,0.9259656652360514,0.953562340966921,0.9578627280625543,0.6012532981530342,0.6878449129758031,0.8733146781989315,0.6657534246575342,0.5317879274730319,0.5535229125158486,0.4204336120164376,0.6279128509405457,0.4798700036523994,0.8034974616262132,0.6191301094272316,7,0.6326026064115975,454
North  District,Sikkim,0.9615861214374226,0.9642969984202213,0.9095545732743966,0.772978331681065,0.6285369598596183,0.24130794701986755,0.6994437172774868,0.323411102172164,0.7226176011109182,0.8624358033749083,0.7294040315512708,0.5439410480349346,0.5833068193869976,0.6213787553648069,0.9660305343511452,0.9782797567332754,,0.8866562897976512,0.8170948867972527,0.6082191780821917,1.0,0.8527440681036044,0.5952954513249256,0.7463768219487652,0.6674624510973496,0.738587382774232,0.7933349790176042,6,0.7364404087094877,199
West District,Sikkim,0.9506402313093762,0.9630331753554502,0.8277796667800069,0.8453476844639571,0.67109015134898,0.1937086092715232,0.7711060209424084,0.4065433091981764,0.7561187293872592,0.9071900220102714,0.9171779141104294,0.6746724890829695,0.699968183264397,0.5182403433476395,0.9914758269720103,0.990298291340863,,0.6328003396066225,0.9152887306029001,0.7466807165437301,0.6173972917144824,0.7810179315341425,0.4028624061215815,0.7419332530882156,0.751627199129709,0.7749310268015759,0.6826745693539098,6,0.7377915120933526,197
South District,Sikkim,0.9337050805452294,0.9860979462875198,0.8860931655899353,0.8847188783458434,0.6353366966440009,0.20302152317880795,0.8484947643979057,0.4304102976669348,0.8279812532546433,0.6808510638297873,0.8390666082383874,0.7059224890829694,0.8498250079541838,0.7796405579399142,0.9670483460559796,0.9910222994497537,,0.8626008207160041,0.8845077588399899,0.7544783983140146,0.9196694973605692,1.0,0.5529261725945869,0.7548288817652228,0.7253607974775317,0.8586917400965601,0.8290304413041941,6,0.7919779651608772,82
East District,Sikkim,0.9144981412639405,0.9804107424960504,0.8908534512070724,0.7898314686305058,0.8661987277911822,0.2972889072847682,0.8432591623036649,0.5303030303030302,0.8364867210553723,0.9361702127659575,0.8336985100788781,0.3688591703056769,0.418496128963835,0.547612660944206,0.896055979643766,0.9155806545033305,,0.9022215933210699,0.8346476723480031,0.9032665964172812,0.7746155611659399,0.8951276942582865,0.6475839591894572,0.7898469064455865,0.7959835273013806,0.6293209188721629,0.8262438461166729,6,0.7603487996839507,150
Thiruvallur,Tamil Nadu,0.9372160264353572,0.9943127962085306,0.9991499489969399,0.6562809800311571,0.9301381881991665,0.5817466887417219,0.7738874345549739,0.5843389648699382,0.7675750737719146,0.7865003668378576,0.9868536371603855,0.7003275109170306,0.8589458054936896,0.8771459227467812,1.0,1.0,,0.5010612706947786,0.8672093614856271,0.8965226554267649,0.7126463162726647,0.7571092193443217,0.5248689244721554,0.8498074381021455,0.779831095439014,0.8872838478315004,0.7099029579493855,6,0.8067063348305114,60
Chennai,Tamil Nadu,0.9617926476662537,0.99652448657188,0.9782386943216593,0.8665911344002267,0.9771879798201358,0.5906456953642384,0.9407722513089004,0.8463395012067577,0.966325290748134,0.8910491562729275,1.0,0.7519104803493449,0.9067769646834234,0.9400482832618026,1.0,1.0,,0.4096504881845196,0.8951920630882728,0.848472075869336,0.6816616938260271,0.7341061401919942,0.5700722686694063,0.8951634396907323,0.9288972399073439,0.9197471456589141,0.6898591216382592,6,0.8584167367238124,15
Kancheepuram,Tamil Nadu,0.9477488641057414,0.9816745655608216,0.9901394083645019,0.6602464240192608,0.87135336696644,0.6058567880794702,0.7501636125654451,0.5789755966747117,0.8267661864259677,0.909391049156273,0.9753505696757231,0.49563318777292575,0.7605260366953016,0.8359710300429185,1.0,1.0,,0.5718126503466819,0.9211396591198168,0.8436248682824025,0.7413357815010327,0.7710559681217172,0.3779226300127533,0.8428365695160394,0.8081294028996242,0.8184260509022291,0.7044819262307339,6,0.7934684873871566,77
Vellore,Tamil Nadu,0.9266831887649732,0.9778830963665086,0.9605576334580076,0.6650616060048153,0.8410835709585435,0.7265107615894039,0.7545811518324608,0.5209171359613837,0.7415379274431522,0.8220836390315481,0.9838957055214724,0.7924399563318777,0.9655318697634956,0.9885997854077254,0.9940203562340967,1.0,0.8799472295514512,0.6243101740483941,0.9285169168150598,0.6493150684931506,0.8028459949506542,0.7732294874117007,0.4898682159557886,0.8496299761903754,0.7646031119580035,0.9481183935474391,0.7354332981751713,7,0.8244461949677473,31
Tiruvannamalai,Tamil Nadu,0.9512598099958695,0.9696682464454979,0.9750085005100306,0.4595666336213001,0.6813994296994954,0.7082988410596025,0.7045157068062827,0.49034593724859205,0.797951744488804,0.6885546588407925,0.9854294478527608,0.7491812227074236,0.9893944214656909,0.98068669527897,0.9879134860050892,0.9862438459310744,,0.5205886514787039,0.8481302467565506,0.6318229715489989,0.7626807436309389,0.6777757652599167,0.43672948845118326,0.790866910221966,0.7333594990474465,0.9386839342776495,0.6462879778543821,6,0.777299580350361,105
Viluppuram,Tamil Nadu,1.0,0.9914691943127963,0.9722883373002381,0.34825095595524713,0.6583680631717481,0.7906663907284768,0.6418520942408377,0.4306784660766961,0.6700225655268182,0.7094644167278064,0.9817046450482033,0.7338973799126637,0.9600169689256548,0.8473712446351931,0.9886768447837152,1.0,,0.6472336210556108,0.8585601628084456,0.7740779768177029,0.8182235483130594,0.7581959789893135,0.3127391242737708,0.7935071569114177,0.6867444375240723,0.9059924876514455,0.6948384020429837,6,0.7702706210324798,118
Salem,Tamil Nadu,0.9452705493597686,0.9848341232227487,0.9598775926555594,0.4995043195014872,0.8320903706953279,0.6864652317880794,0.7290575916230366,0.5053633681952265,0.5889602499566048,0.6749816581071167,0.9846625766871165,0.6602074235807861,0.8556580761480539,0.911346566523605,1.0,1.0,,0.5711051365501627,0.9816840498600865,0.7795574288724972,0.8714711957769107,0.7536678138018474,0.625619951820887,0.8180070312038286,0.6966050889138202,0.8854424132504889,0.7638509294470652,6,0.7909763657038007,84
Namakkal,Tamil Nadu,0.9510532837670383,0.9759873617693521,0.9906494389663381,0.6513241750460276,0.8889010747971046,0.6996067880794702,0.8234620418848169,0.5639581657280771,0.7528206908522825,0.7608217168011739,0.9755696757230499,0.6801310043668122,0.9913034256018665,0.9368293991416308,1.0,1.0,,0.5480401867836423,0.8984991096413126,0.7460484720758692,0.8652742712875833,0.8460423836261547,0.39053422134051297,0.8595870204042219,0.77532645819788,0.9216527658220619,0.7157397741258458,6,0.8180765046375024,38
Erode,Tamil Nadu,0.9915324246179266,0.9873617693522905,0.981298877932676,0.5438323183685031,0.9573371353366966,0.7918046357615893,0.7272578534031413,0.5926521855725394,0.762194063530637,0.45744680851063835,0.9853198948290972,0.8389737991266375,0.9499416693180613,0.9593615879828326,1.0,1.0,,0.5198811376821849,0.9610786059526838,0.8687038988408851,0.62359421620381,0.6431805832276762,0.6946294459402012,0.8755278602282804,0.7049741611692106,0.9496554112855062,0.7185113146412402,6,0.8121671868310593,54
The Nilgiris,Tamil Nadu,0.9721189591078068,0.9560821484992101,0.939306358381503,0.7695793796912619,0.79907874533889,0.7594163907284768,0.8511125654450262,0.6674711718959505,0.8076722791182087,0.8338224504768892,0.9635188431200701,0.7318504366812227,0.9343514688726269,0.8925697424892705,1.0,1.0,,0.5938870807980757,0.9661663698804376,0.7154899894625922,0.7062198760615102,0.7091106683571817,0.7032733456142837,0.8659303302911915,0.8247194620112289,0.9117543296086239,0.732357888362347,6,0.8336905025683479,24
Dindigul,Tamil Nadu,0.9568360181743081,0.9617693522906795,0.990989459367562,0.4503611386489166,0.7423777144110549,0.7323054635761589,0.6938808900523561,0.4888710109949047,0.6448533240756813,0.6830520909757887,0.9875109553023663,0.6217248908296943,0.9741223883762858,0.944071888412017,0.9617048346055981,0.979582971329279,0.8773087071240105,0.7999150983444178,0.9409819384380564,0.7064278187565858,0.6178563231581363,0.6152870856728854,0.6414907184355958,0.8057731910781133,0.6996336542802195,0.8962413947105748,0.7427525271328125,7,0.78610019180043,89
Karur,Tamil Nadu,0.970466749277158,0.958609794628752,0.9891193471608296,0.4860501345418497,0.7002632156174599,0.760037251655629,0.6850458115183246,0.5042906945561811,0.7693108835271655,0.8782098312545855,0.9766652059596845,0.7774290393013101,0.9687135433237883,0.9586909871244633,1.0,0.9887054735013032,,0.298287816612424,0.8567794454337319,0.5690200210748155,0.6795960523295845,0.47274044557145445,0.31642340938075664,0.8107577488136131,0.7627044853631884,0.9387078086501731,0.5321411984004611,6,0.761077810306859,149
Tiruchirappalli,Tamil Nadu,0.9667492771581991,0.9677725118483413,0.9673580414824889,0.5364679223905964,0.6858960298311033,0.6891556291390728,0.7557264397905761,0.5831322070260123,0.7660128449921888,0.834556126192223,0.9612182296231375,0.8161844978165939,0.9136705907307243,0.9742489270386264,0.9821882951653943,0.9860990443092964,,0.5142210273100326,0.8672093614856271,0.6967334035827186,0.6231351847601562,0.6341242528527441,0.18619810117613717,0.8022332353083003,0.7801291695248275,0.9344782710121271,0.5869368885279026,6,0.7759443910932893,108
Perambalur,Tamil Nadu,0.9859562164394877,0.9706161137440756,1.0,0.3985271208044187,0.7295459530598815,0.7696605960264901,0.7261125654450262,0.4742558326629122,0.6292310362784239,0.7193690388848129,0.9754601226993865,0.8109989082969432,0.9314879626683635,0.8737929184549357,1.0,1.0,,0.5183246073298431,0.8911218519460696,0.6636459430979978,0.7385815928391095,0.7266799492845499,0.3719710925322375,0.8090510000123924,0.7048857191941125,0.9232559578840485,0.651720839504968,6,0.7722283791488802,115
Ariyalur,Tamil Nadu,0.9475423378769102,0.9437598736176935,0.884223053383203,0.3597224189208328,0.4176354463698179,0.7241307947019866,0.6354712041884817,0.4974524001072673,0.7847595903488978,0.5766691122523845,0.9775416301489921,0.5281113537117903,0.9234277229822887,0.9484978540772532,1.0,1.0,,0.4842224423376257,0.8577969982192826,0.7435194942044256,0.7567133348634382,0.7663466763267525,0.4745642624344622,0.7128356541450739,0.6943787874092047,0.8800073861542664,0.6805272013976644,6,0.7419372572765524,190
Cuddalore,Tamil Nadu,0.9814126394052043,0.9734597156398104,0.991329479768786,0.45432658263702025,0.7348102654090809,0.6544908940397351,0.6848821989528795,0.4898096004290694,0.7805936469362957,0.8187820983125458,0.9903593339176162,0.6716703056768559,0.8257503446813023,0.841469957081545,0.9894402035623412,0.9872574572835217,,0.6401584830904204,0.9147799542101246,0.8512118018967334,0.782648611429883,0.8042021372939686,0.4348873458976902,0.7983049294832728,0.7528853757096814,0.8631176536571132,0.7379813889698034,6,0.7880723369549677,87
Nagapattinam,Tamil Nadu,0.9812061131763735,0.9674565560821484,1.0,0.5711655572865033,0.5529721430138188,0.7212334437086092,0.8286976439790577,0.5380799141861087,0.8908175663947232,0.8107116654438739,0.958150744960561,0.8609443231441047,0.9414572064906139,0.8983369098712445,0.9955470737913487,1.0,,0.508843922456488,0.854998728059018,0.597049525816649,0.816157906816617,0.6891867415323312,0.4898682159557886,0.7990056355445755,0.8052915069928648,0.9392571026594624,0.6593508401061486,6,0.8007262713257628,67
Thiruvarur,Tamil Nadu,0.9413465510119785,0.9557661927330172,1.0,0.5917008922248973,0.5519850844483438,0.7666597682119204,0.8607657068062826,0.5882274068114774,0.8420413122721749,0.8994864269992664,0.9825810692375109,0.7390829694323144,0.9329727436631667,0.866013948497854,1.0,1.0,,0.6149709919343428,0.8906130755532944,0.8611169652265542,0.6807436309387193,0.7404455714544467,0.7147513107552784,0.8012430814383595,0.8346203844253424,0.9076139323186669,0.7504402576437726,6,0.8234794139565355,33
Thanjavur,Tamil Nadu,0.9859562164394877,0.9633491311216431,0.9943896633798028,0.7134966718595102,0.6669225707391971,0.718956953642384,0.7815772251308901,0.5461249664789486,0.9281374761326159,0.6907556859867938,0.9798422436459245,0.8157751091703056,0.9470781631137978,0.9234173819742488,1.0,1.0,,0.31611716428470354,0.8786568303230731,0.865331928345627,0.9109478999311452,0.7335627603694983,0.43417882953096215,0.8405118678636708,0.7852875194750346,0.9372541308516705,0.6897992354641683,6,0.8132131884136361,48
Pudukkottai,Tamil Nadu,0.9673688558446923,0.9636650868878355,0.9270656239374362,0.3677949298966153,0.3663084009651239,0.7425496688741721,0.738056282722513,0.517565030839367,0.7991668113174796,0.5858400586940573,0.9464285714285714,0.7041484716157206,0.9256548944744936,0.9456813304721029,1.0,1.0,0.7249340369393139,0.587802462148012,0.8702620198422792,0.598735511064278,0.8834060133119119,0.738272052164463,0.34618109678333575,0.7224587610676458,0.7174113510003977,0.9150969393124633,0.6785133131790848,7,0.7583700911398978,153
Sivaganga,Tamil Nadu,0.9752168525402726,0.9816745655608216,0.939986399183951,0.6394278430817165,0.7297652994077649,0.6888451986754967,0.8087369109947644,0.6210780370072404,0.9224093039402882,0.648569332355099,0.9992331288343559,0.6320960698689956,0.9177007105737618,0.8603809012875537,1.0,1.0,,0.6475166265742183,0.9338590689392012,0.6952581664910431,0.5795271976130365,0.61601159210288,0.5542015020546975,0.8258193597416706,0.8000053426263495,0.8820355363460621,0.6710623589625128,6,0.7947306494191487,73
Madurai,Tamil Nadu,1.0,0.965560821484992,0.9780686841210472,0.7195864608412407,0.905571397236236,0.6740480132450332,0.7967931937172774,0.6027085009385893,0.8010762020482555,0.8550990462215701,0.9799517966695881,0.5956604803493449,0.9026407890550429,0.8909603004291846,1.0,1.0,,0.5544078109523136,0.8906130755532944,0.594731296101159,0.8845535919210465,0.7402644448469481,0.5832506730905483,0.8738058961547582,0.807125747919056,0.8778523139667145,0.7079701487442184,6,0.8166885266961867,41
Theni,Tamil Nadu,0.9822387443205287,0.9810426540284362,0.9979598775926555,0.6399943350800171,0.8919719236674708,0.6850165562913906,0.7909031413612565,0.5809868597479215,0.7215761152577678,0.504035216434336,0.9963847502191061,0.8524836244541485,1.0,0.9674087982832618,1.0,1.0,0.920514511873351,0.6585538417999152,0.903078097176291,0.8512118018967334,0.7456965802157448,0.7888063756565841,0.6900949411931415,0.8630373484967498,0.7187772166040777,0.9639784845474821,0.7939937356873943,7,0.834946696333926,23
Virudhunagar,Tamil Nadu,1.0,0.9848341232227487,0.9559673580414825,0.4325166407024501,0.8982232945821452,0.5186258278145696,0.7632526178010471,0.5352641458836148,0.7314702308626975,0.8694057226705797,0.9704206836108676,0.5277019650655022,0.838264927351787,0.7407457081545064,0.9716284987277355,1.0,,0.6691665487477007,0.7629102009666752,0.6615384615384615,0.7714023410603627,0.7011410976272414,0.5183505738982571,0.7983612073938994,0.7739626801657613,0.8156682198599062,0.6807515373064498,6,0.7671859111815043,127
Ramanathapuram,Tamil Nadu,0.9797604295745559,0.9778830963665086,0.8961237674260456,0.699334371901997,0.8128975652555385,0.7097475165562913,0.7765052356020943,0.5380799141861087,0.7446623850026037,0.7817314746881878,0.9818141980718669,0.7725163755458516,0.8893838158871565,0.9385729613733904,0.9952926208651399,0.9898638864755285,0.8408641160949867,0.6729871232489034,0.9157975069956753,0.7203371970495258,0.6965802157447786,0.738272052164463,0.5425818336403572,0.8459577911801562,0.7645586415101723,0.9171259320294134,0.7324885778483843,7,0.8150327356420315,46
Thoothukkudi,Tamil Nadu,0.989673688558447,1.0,0.9484869092145528,0.7106642118680074,0.8999780653652116,0.585989238410596,0.8455497382198953,0.6157146688120139,0.8458600937337267,0.9655172413793103,0.9936459246275198,0.4485534934497816,0.8092056421677801,0.9375,1.0,1.0,,0.5033253148436395,0.8784024421266853,0.8486828240252896,0.6798255680514116,0.7504075348668721,0.5648292475556186,0.8557986855694691,0.8532575333544934,0.8390518271235123,0.7042454885782528,6,0.8130883836564319,49
Tirunelveli,Tamil Nadu,1.0,0.9845181674565563,0.9673580414824889,0.7157626398527122,0.8691599034876069,0.6221026490066226,0.7974476439790577,0.5441137034057387,0.8144419371636868,0.8415260454878943,0.968777388255916,0.7944868995633189,0.8549156856506522,0.9112124463519313,1.0,1.0,,0.5875194566294044,0.9315695751717121,0.6579557428872497,0.8271746614643103,0.718529251947111,0.6463086297293468,0.8598169002143311,0.7932613436584588,0.9121230063131804,0.728176219638189,6,0.8233443674560398,34
Kanniyakumari,Tamil Nadu,0.9776951672862454,0.9949447077409164,0.9692281536892213,0.9480243591559271,0.7213204650142574,0.6513865894039734,0.9716950261780104,0.8514347009922228,0.9250130185731644,0.8536316947909025,0.9851007887817704,0.5365720524017468,0.8468554459645773,0.8193401287553648,1.0,1.0,,0.7210980614121977,0.9765962859323327,0.9125395152792412,0.8411751204957539,0.868139829740989,0.7990647583959188,0.8770999070484234,0.9173750458632141,0.8405535254243377,0.8531022618760722,6,0.8720326850530119,10
Dharmapuri,Tamil Nadu,0.8543990086741017,0.9813586097946286,0.9782386943216593,0.6105367511683898,0.8100460627330555,0.7688327814569537,0.6868455497382199,0.547197640117994,0.7094254469710121,0.76485693323551,0.9723926380368099,0.7102893013100438,0.9558807932972743,0.9793454935622319,0.9947837150127227,0.9940631335070953,0.8449868073878627,0.5484646950615538,0.919358941745103,0.6722866174920968,0.7142529263254533,0.709472921572179,0.5856596287374238,0.8339019846914648,0.7361436416199092,0.9268724873378738,0.7134975054745246,7,0.8026039047809431,64
Krishnagiri,Tamil Nadu,0.9729450640231309,0.9734597156398104,0.9960897653859231,0.6613794080158618,0.8487606931344592,0.7494826158940396,0.675065445026178,0.5398230088495574,0.6478042006596078,0.6504035216434337,0.9786371603856266,0.7936681222707423,0.941351150705271,0.9464860515021458,0.9949109414758269,1.0,0.7904023746701848,0.5811518324607331,0.973034851182905,0.6655426765015805,0.8636676612347947,0.7799311718891505,0.6939209295734732,0.8670195436822041,0.6983466673128806,0.9352832531907971,0.763950213930403,7,0.8161499195290712,43
Coimbatore,Tamil Nadu,0.9679884345311855,0.9816745655608216,0.9982998979938797,0.6969267809092198,0.9524018425093221,0.6192052980132451,0.8502945026178009,0.6596942880128719,0.6571775733379621,0.6221570066030815,0.9963847502191061,0.631004366812227,0.9081556898928835,0.9451448497854077,1.0,1.0,,0.6748266591198531,0.9267361994403459,0.7926238145416227,0.9419325223777828,0.7951458069190365,0.8167776675641206,0.869416136586279,0.7571416241581644,0.8968609812981037,0.824673778327127,6,0.8370231300924185,21
Tiruppur,Tamil Nadu,0.9355638166047087,0.9826224328593998,0.9964297857871474,0.660529670018411,0.951853476639614,0.6075124172185431,0.7999018324607329,0.5563153660498793,0.8175663947231384,0.8118121790168746,0.9836765994741455,0.5775109170305677,0.9458054936896808,0.9852467811158799,1.0,1.0,,0.6616669025045989,0.9608242177562961,0.8250790305584825,0.7523525361487262,0.7116464408621628,0.7188607056823012,0.8557519331879706,0.7938544743449542,0.9017126383672256,0.771738305585428,6,0.8307643378713946,25
Adilabad,Telangana,0.6668731928954978,0.9737756714060032,0.9260455627337641,0.30590567908228306,0.80039482342619,0.6464197019867549,0.42931937172774876,0.36792705819254484,0.6283631314007986,0.7127659574468085,0.7575591586327783,0.8649017467248908,0.746844840386043,0.7844688841201717,0.9250636132315523,0.9115262090935419,0.49356860158311355,0.8241120701853688,0.7389977105062325,0.3135932560590095,0.42552214826715634,0.18800941858358997,0.2724953946436163,0.7199024385884155,0.5791869354801358,0.84656105871124,0.4651855142611553,7,0.6527089867602367,408
Bhadradri Kothagudem,Telangana,0.7936802973977697,0.980094786729858,0.9840190411424686,0.6527404050417789,0.8834174161000219,0.6024420529801324,0.4926374345549737,0.3778492893537141,0.6389515709078285,0.5227439471753486,0.9218886941279579,0.9065229257641922,0.6975289002015059,0.8343615879828326,0.9665394402035624,0.9158702577468867,0.6769459102902374,0.6469506155370032,0.7667260239124905,0.678609062170706,0.6011016754647693,0.6725230936424561,0.3705540597987814,0.8160656665653382,0.5908141872239645,0.864164622379796,0.6304872058309205,7,0.7253829205000049,233
Hyderabad,Telangana,0.8826931020239569,0.9974723538704582,0.9925195511730704,0.7816173346551482,0.9972581706514586,0.494101821192053,0.7354384816753926,0.6645213193885758,0.8156570039923625,0.9192956713132796,0.9364592462751973,0.8408842794759824,0.6954077844946442,0.888412017167382,0.9786259541984732,0.9215175209962352,,0.4891750389132589,0.9753243449503943,0.6364594309799789,0.6968097314666054,0.7873573627965947,0.45217514524585517,0.8576103889276908,0.8142743445289614,0.8649695112665434,0.6728835090587811,6,0.8024344384454941,65
Jagitial,Telangana,0.845724907063197,0.9775671406003161,0.9546072764365862,0.6691686729924939,0.9443957008115814,0.6008899006622517,0.3892342931937173,0.4003754357736658,0.5065092865821906,0.8877476155539252,0.8921998247151621,0.9323144104803492,0.821826280623608,0.7934549356223176,0.9291348600508906,0.8825658847379091,,0.6370454223857367,0.8954464512846604,0.6482613277133824,0.7007114987376636,0.5450099619634124,0.5048887629304237,0.8320589330944044,0.6152132911637322,0.8718592743030149,0.6552272375025465,6,0.7435896840159245,185
Jangoan,Telangana,0.7232548533663774,0.9772511848341232,0.9892893573614417,0.780342727658972,0.9045843386707612,0.7298220198675497,0.4402814136125655,0.4081523196567443,0.6471098767575074,0.7615553925165077,0.9293382997370727,0.8647652838427947,0.6474705695195673,0.8138412017167381,0.9944020356234097,0.8562119895742831,,0.7540682043299846,0.724751971508522,0.573445732349842,0.577461556116594,0.5703676870132223,0.3685702139719428,0.8507574136265376,0.6372874604560795,0.8353382160553586,0.5947775608816847,6,0.7295401627549152,221
Jayashankar Bhupalapally,Telangana,0.8116480793060717,0.9788309636650868,0.9173750425025502,0.5146579804560261,0.8960298311033121,0.7276490066225165,0.33246073298429324,0.30477339769375156,0.568477694844645,0.5172413793103449,0.8993207712532866,0.9313591703056768,0.7249973486053664,0.8601126609442059,0.9935114503816795,0.9287576020851434,,0.6086033677656715,0.822437038921394,0.5934668071654372,0.3718154693596512,0.46567650787900744,0.3903925180671673,0.8076984839425938,0.5244547952172642,0.8877476464644145,0.5420652848597215,6,0.6904915526209985,321
Jogulamba Gadwal,Telangana,0.6210243700950022,0.9933649289099528,0.948656919415165,0.630080725109758,0.8498574248738757,0.6270695364238411,0.10536649214659682,0.1851702869401984,0.3994098246832147,0.41856199559794577,0.7516432953549518,0.845660480349345,0.7270124085268851,0.8499195278969957,0.9255725190839695,0.8790906458152332,0.7831464379947228,0.6728456204895997,0.8623759857542611,0.22992623814541613,0.7055313288960294,0.3740264444846949,0.18548958480940914,0.7783423174712659,0.37203037894458146,0.8454511163344858,0.5447630915105905,7,0.6351467260652309,448
Kamareddy,Telangana,0.8133002891367203,0.9826224328593998,0.9892893573614417,0.5514799603455602,0.8081816187760473,0.6762210264900662,0.32657068062827227,0.29525341914722436,0.465197014407221,0.9592809977989729,0.8718229623137598,0.8347434497816593,0.7969031710679817,0.8291309012875536,0.9624681933842241,0.9016796988126267,0.5966358839050133,0.7382198952879582,0.8193843805647417,0.5742887249736565,0.31122331879733767,0.3339974642274951,0.33895422984270934,0.803515780828206,0.58362501485909,0.8649850828668091,0.5303862710855589,7,0.6956280374099161,308
Karimnagar,Telangana,0.7664188351920693,0.9902053712480252,0.9705882352941175,0.7023084548930747,0.9460407984207063,0.5941639072847682,0.517997382198953,0.49879324215607385,0.7939593820517272,0.7223037417461482,0.9352541630148993,0.8996997816593887,0.6923321667196946,0.8661480686695281,0.9791348600508908,0.8105994787141616,,0.7407669449554268,0.6568303230730094,0.6396206533192834,0.7837961900390177,0.6319507335627603,0.34929856879693927,0.8282876003887935,0.6936615822335603,0.8495828711627327,0.6337105689577395,6,0.7513106556857065,167
Khammam,Telangana,0.8851714167699297,0.9905213270142181,0.9729683781026861,0.7823254496530238,0.9706075893836367,0.6126862582781457,0.4532068062827225,0.3657817109144542,0.39298732858878666,0.599413059427733,0.9493865030674846,0.7992631004366813,0.7624350408314773,0.9155042918454934,0.9735368956743005,0.9009556907037358,,0.61412197537852,0.8308318494021878,0.8105374077976817,0.5366077576313978,0.6547726861075893,0.4962448632563412,0.8690467365336066,0.5521550816562362,0.8703390038983375,0.657186089928953,6,0.7371817280042834,198
Komaram Bheem Asifabad,Telangana,0.6499380421313506,0.9314375987361769,0.8903434206052363,0.3510834159467498,0.8461285369598596,0.6456953642384106,0.21384162303664922,0.2028694019844462,0.5655268182607186,0.8319882611885546,0.7765118317265556,0.7330786026200874,0.6835295365362181,0.8122317596566523,0.7713740458015268,0.7593397046046915,0.6068601583113455,0.6721381066930805,0.8206563215466803,0.4754478398314015,0.28414046362175815,0.3856185473646078,0.35156582117046903,0.7191043964362973,0.5181475872393848,0.7519107298438351,0.5137753226484776,7,0.6257345090419987,465
Mahabubabad,Telangana,0.8141263940520446,0.9879936808846763,0.9699081944916695,0.55672001132984,0.8551217372230752,0.7047806291390728,0.31806282722513085,0.28291767229820325,0.5089394202395418,0.7567865003668379,0.92068361086766,0.8385644104803492,0.6721815675045073,0.892972103004292,0.9701017811704835,0.932812047494932,,0.6531767369463706,0.7163571610277284,0.5822971548998946,0.6596281845306404,0.6533236732476002,0.20419441689103032,0.8147751078533965,0.5574780061994747,0.8613263819309129,0.5781628879238774,6,0.7029355959769155,292
Mahabubnagar,Telangana,0.8333333333333335,0.9804107424960504,0.9938796327779666,0.6299391021101828,0.847554288221101,0.7152317880794701,0.34342277486911,0.358675248055779,0.5938205172713071,0.6643433602347761,0.9522348816827344,0.8175491266375546,0.6176688938381588,0.8048551502145922,0.9758269720101781,0.9656820156385751,0.825032981530343,0.6138389698599124,0.8972271686593742,0.37892518440463635,0.6935965113610283,0.5323310994385075,0.18223040952245995,0.8333914811696842,0.5824993564227413,0.8363164316678118,0.5890260463966088,7,0.7103083289142116,272
Mancherial,Telangana,0.8591491119372162,0.9886255924170616,0.925535532131928,0.6925364679223907,0.9260802807633252,0.6544908940397351,0.5047447643979058,0.4713059801555376,0.7573337962159347,0.8650036683785767,0.8693032427695003,0.8232805676855895,0.6399406087602079,0.841469957081545,0.8736641221374045,0.9551114972487693,,0.5150700438658554,0.6789620961587384,0.7319283456269758,0.5960523295845765,0.6337619996377468,0.521326342638515,0.841069646535276,0.693538290383491,0.8266933505827033,0.6128501929187347,6,0.7435378701050512,186
Medak,Telangana,0.6972325485336639,0.980094786729858,0.9977898673920436,0.6928197139215408,0.7843825400307084,0.6212748344370861,0.312663612565445,0.3449986591579511,0.4478389168547127,0.76008804108584,0.8828878177037687,0.7180676855895196,0.6804539187612684,0.7497317596566523,0.9856234096692112,0.8976252534028382,,0.8176029432573936,0.6611549224116001,0.5112750263435194,0.6146431030525591,0.36931715268973014,0.360776533937934,0.7955990485074834,0.5496954094735435,0.8063004054158979,0.5557949469487894,6,0.6768474525864285,352
Medchal-Malkajgiri,Telangana,0.8959107806691449,1.0,0.9989799387963277,0.8062597365812209,0.9912261460846675,0.5442880794701986,0.669502617801047,0.6131670689192812,0.8234681478909911,0.8870139398385913,0.9685582822085889,0.8605349344978165,0.6921200551490084,0.8813036480686696,0.9778625954198475,0.9445409788589633,,0.5954436111504177,0.8361740015263293,0.5742887249736565,0.8274041771861372,0.6763267523999276,0.307496103159983,0.8727774469335933,0.7923420113316999,0.8712724423988611,0.6361888950660752,6,0.7931451989325573,78
Nagarkurnool,Telangana,0.8232135481206113,0.9971563981042653,0.9931995919755184,0.6218665911344003,0.8632375520947575,0.6980546357615893,0.30251963350785344,0.29994636631804766,0.4424579066134352,0.8074101247248716,0.9630806310254163,0.9013373362445416,0.7505567928730511,0.8763412017167382,0.9748091603053436,0.9200695047784536,0.6881596306068603,0.5266732701287676,0.9079114729076572,0.5371970495258167,0.476933669956392,0.5701865604057237,0.2889329743517075,0.8327880528651903,0.563082932437925,0.8846227991836256,0.5708563754118464,7,0.7128375399746468,267
Nalgonda,Telangana,0.5952085914911195,0.996208530805687,0.9870792247534851,0.6673275739980173,0.9430796227242815,0.6585264900662252,0.39267015706806285,0.3660498793242155,0.5111959729213678,0.7798972853998533,0.9654907975460122,0.875136462882096,0.6507582988652031,0.9024946351931329,0.9779898218829518,0.9856646394439619,,0.6393094665345975,0.8839989824472144,0.6099051633298208,0.418407160890521,0.6232566564028257,0.2972934674790988,0.8079050056398026,0.6030608184519023,0.8784087716534691,0.578695149514013,6,0.7170174363147968,255
Nirmal,Telangana,0.8754646840148699,0.9829383886255922,0.9710982658959537,0.48704149553887555,0.8797982013599472,0.5047599337748344,0.3268979057591623,0.36618396352909616,0.5948620031244575,0.6463683052090976,0.7669807186678352,0.8037663755458515,0.6924382225050376,0.8344957081545065,0.957379134860051,0.8783666377063423,,0.8020376397339749,0.800559654032053,0.6099051633298208,0.686252008262566,0.5256294149610579,0.42780218223040944,0.7835168282016789,0.5402585792579297,0.8332892157543578,0.6420310104249802,6,0.6997739084097366,299
Nizamabad,Telangana,0.8011152416356878,0.996208530805687,0.9901394083645019,0.6132275881603174,0.9185128317613511,0.5293874172185431,0.40035994764397903,0.3866988468758379,0.5884395070300295,0.8591342626559061,0.8771910604732691,0.8403384279475983,0.786615759889702,0.7316255364806867,0.9656488549618322,0.8818418766290183,0.77094327176781,0.7857648224140371,0.587127957262783,0.6347734457323498,0.5014918521918752,0.4341604781742439,0.42808558877710085,0.8080985029910148,0.6223647249358043,0.8412140911817675,0.5917639166171714,7,0.7158603089314395,259
Peddapalli,Telangana,0.7498967368855844,0.9854660347551345,0.9656579394763687,0.6878629089364113,0.964794911164729,0.6000620860927153,0.5742801047120419,0.44288012872083665,0.7644506162124631,0.830520909757887,0.9255039439088519,0.7805676855895196,0.779722133842401,0.840799356223176,0.955089058524173,0.945264986967854,,0.549738219895288,0.705927244975833,0.6982086406743939,0.4425063116823503,0.530519833363521,0.3674365877851779,0.8256234362184905,0.7075271406624162,0.8602886442294247,0.5490561397294275,6,0.7356238402099397,201
Rajanna Sircilla,Telangana,0.8176373399421727,0.9943127962085306,0.9777286637198231,0.6823396119529813,0.9653432770344372,0.6380380794701987,0.42702879581151837,0.439125770984178,0.7701787884047908,0.888481291269259,0.9148773006134969,0.8737718340611353,0.6649697741011772,0.8716469957081546,0.9688295165394404,0.9333912539820447,0.737796833773087,0.6487901514079526,0.845331976596286,0.8048472075869335,0.6577920587560248,0.6576707118275675,0.42156723820320247,0.8458999613880239,0.6879383894166486,0.8625218748783905,0.6819708825930076,7,0.7695827770690177,120
Ranga Reddy,Telangana,0.8630731102850063,0.9917851500789888,0.9899693981638897,0.7344568757966293,0.9694011844702785,0.5912665562913907,0.5485929319371727,0.5073746312684364,0.4960944280506856,0.8110785033015406,0.9484005258545136,0.9441866812227073,0.7501325697316789,0.870305793991416,0.963994910941476,0.8948740225890529,0.7651715039577838,0.5701146172350362,0.8649198677181378,0.4813487881981032,0.7833371585953638,0.5960876652780294,0.2787303386708233,0.8566587125143639,0.6623082040824697,0.8846987956952661,0.6199585628076111,7,0.7559060687749277,158
Sangareddy,Telangana,0.5797191243287899,0.985781990521327,0.9889493369602175,0.549072369352783,0.7945821452072823,0.5897144039735099,0.4095222513089006,0.37369267900241343,0.4688422148932477,0.8393250183418929,0.9146581945661699,0.7704694323144105,0.657757980697847,0.8012339055793991,0.9104325699745548,0.9287576020851434,0.6452836411609498,0.6588368473185228,0.6868481302467565,0.5850368809272918,0.5283451916456278,0.4948378916862887,0.4038543290350007,0.7479698950573183,0.6012080716225249,0.813730298130271,0.5718632731457768,7,0.6836928844889727,334
Siddipet,Telangana,0.7928541924824453,0.9854660347551345,0.9530771846310778,0.7775102676674693,0.9271770125027419,0.6185844370860927,0.5294502617801046,0.5054974524001071,0.6700225655268182,0.9640498899486427,0.8724802804557406,0.8160480349344978,0.6178810054088449,0.6587982832618026,0.9955470737913487,0.8617144512018535,,0.7578887788311873,0.7888577969982192,0.6859852476290832,0.6591691530869865,0.594276399203043,0.4530253648859289,0.8424448548541603,0.7083000900222827,0.7899977697196695,0.6565337901057413,6,0.7493191261754635,169
Suryapet,Telangana,0.8500619578686492,0.9819905213270145,0.9962597755865352,0.689704007930888,0.9424215836806317,0.6413493377483445,0.4070680628272251,0.38790560471976393,0.488456865127582,0.7732942039618489,0.9511393514461,0.906113537117904,0.7006045179764556,0.8540772532188841,0.9483460559796437,0.9163046626122212,,0.6044997877458612,0.8822182650725006,0.6632244467860906,0.5308698645857242,0.5855823220431081,0.2675357800765199,0.8502978640236772,0.6015728176165039,0.8650892053810217,0.588988411051634,6,0.7264870745182093,229
Vikarabad,Telangana,0.8267244940107393,0.9703001579778832,0.9954097245834751,0.530803002407591,0.7388681728449221,0.6044081125827815,0.3390052356020942,0.33172432287476533,0.3098420413122722,0.6346294937637564,0.9260517090271692,0.7048307860262009,0.5351574928412345,0.7489270386266094,0.9365139949109417,0.80755864465682,0.7725923482849604,0.5460591481533891,0.6687865683032308,0.6004214963119073,0.6435620840027543,0.45752581054156866,0.3613433470313164,0.7777522774012321,0.5082505605160115,0.7465975914123613,0.578612971804161,7,0.6528033502834414,407
Wanaparthy,Telangana,0.8029739776951672,0.9756714060031597,0.9901394083645019,0.6602464240192608,0.8803465672296555,0.7138865894039734,0.22005890052356014,0.3138911236256368,0.4341260197882312,0.8264856933235509,0.9507011393514461,0.8874181222707423,0.6194718421889914,0.8402628755364806,0.986641221374046,0.9513466550825369,,0.6220461298995331,0.8730602900025438,0.4255005268703898,0.7564838191416112,0.5281651874660388,0.2859572056114497,0.8372107287859532,0.5490525753224851,0.8570281432905593,0.5818688598319277,6,0.7062900768077314,281
Warangal Rural,Telangana,0.6400247831474596,0.9905213270142181,0.982318939136348,0.6387197280838409,0.868172844922132,0.7329263245033112,0.35242146596858637,0.3537141324751943,0.6033674709251866,0.5278796771826854,0.9290096406660824,0.8253275109170305,0.7006045179764556,0.9234173819742488,1.0,0.9203591080220098,,0.7956700155653036,0.6341897735945051,0.5159114857744994,0.6674317190727566,0.44267342872668003,0.3393793396627462,0.8087806578012183,0.553278477443547,0.8739417037779489,0.5658759603994151,6,0.7004691998555324,297
Warangal Urban,Telangana,0.6358942585708386,0.9879936808846763,0.9852091125467527,0.7358731057923809,0.9425312568545733,0.6295529801324503,0.6267997382198952,0.5840707964601768,0.6064919284846381,0.8426265590608951,0.9608895705521473,0.8468886462882095,0.7100434828719907,0.9079935622317594,0.9961832061068705,0.899218071242398,,0.7227960945238434,0.7784278809463241,0.6547945205479452,0.4252926325453294,0.4774497373664191,0.4032875159416183,0.8195090657969453,0.7241757185555505,0.8720653937482457,0.5770080636452466,6,0.748189560436497,173
Yadadri Bhuvanagiri,Telangana,0.872160264353573,0.9864139020537123,0.9954097245834751,0.7463532077609404,0.9460407984207063,0.6632864238410595,0.48723821989528787,0.4605792437650844,0.6254122548168721,0.9394717534849597,0.9431419807186678,0.8979257641921399,0.6667727224520098,0.9157725321888411,0.9704834605597965,0.9138430350419924,0.6159300791556728,0.5964341304655442,0.8473670821673874,0.4706006322444678,0.8666513656185449,0.6368411519652237,0.42751877568371827,0.8682773868355778,0.6911686905361745,0.8729595028869559,0.6373347453286512,7,0.7674350813968398,126
Dhalai,Tripura,0.8800082610491532,0.9282780410742497,0.4950697041822509,0.5426993343719021,0.2779118227681509,0.44546771523178813,0.5404123036649214,0.00362027353177795,0.3249435861829543,0.012839325018341945,0.5967353198948291,0.4332696506550218,0.5054618729451692,0.636131974248927,0.8379134860050893,0.8220388068346365,0.566622691292876,0.43483797934059715,0.8756041719664207,0.3133825079030558,0.7385815928391095,0.6295960876652781,0.2023522743375372,0.5949058131129158,0.295710161658565,0.6469631581377688,0.5372824721921249,7,0.5187154012753437,637
Gomati,Tripura,0.8541924824452705,0.9605055292259084,0.7902074124447467,0.6826228579521315,0.4288221101118666,0.29790976821192056,0.630726439790576,0.12295521587556983,0.2579413296302725,0.10601614086573737,0.6874452234881683,0.37786572052401746,0.3846643334393891,0.5549892703862661,0.9134860050890588,0.9139878366637707,,0.6663364935616245,0.7512083439328415,0.7995785036880926,0.46844158824879506,0.6042383626154681,0.3505738982570498,0.6690433600653073,0.36101686993006477,0.6289986332205004,0.6067295317173119,6,0.5664470987332961,582
Khowai,Tripura,0.8928128872366791,0.9674565560821484,0.7142128527711662,0.5459566633621302,0.3604957227462162,0.4448468543046358,0.6848821989528795,0.07066237597211049,0.5091130012150668,0.10968451944240652,0.662248028045574,0.42098799126637554,0.39389118676423795,0.4657993562231759,0.9455470737913486,0.9303504199247031,,0.5754917220885808,0.9819384380564742,0.28661749209694415,0.7220564608675695,0.6819416772323855,0.31344764064049885,0.654296922750496,0.4073180247256074,0.6313152055939683,0.5935822384970756,6,0.5716280978917868,576
North Tripura,Tripura,0.8647253201156547,0.880252764612954,0.5848350901054064,0.6357456450927631,0.3618118008335161,0.2845612582781457,0.7284031413612566,0.13515687851971037,0.40652664467974314,0.5619955979457081,0.7168054338299737,0.6705786026200873,0.6653939972425494,0.6923283261802574,0.8137404580152673,0.8068346365479293,0.4985158311345647,0.4836564313004104,0.8562706690409565,0.7243414120126449,0.4140463621758091,0.5475457344683935,0.6091823721127958,0.6019886465064067,0.5097775392672783,0.7297752041212181,0.5905084017493678,7,0.6080124479110678,500
Sepahijala,Tripura,0.902932672449401,0.9671406003159556,0.9554573274396463,0.6534485200396545,0.3125685457337135,0.31508692052980136,0.6709751308900523,0.10901045856798068,0.09876757507377187,0.026045487894350728,0.6531551270815075,0.4859443231441048,0.513522112631244,0.6321083690987125,0.8438931297709926,0.8142195192586157,,0.754492712607896,0.7489188501653524,0.5494204425711274,0.7606151021344962,0.7496830284368774,0.33116054980870063,0.684439097751362,0.3115907559015326,0.6579374907807339,0.6490484476207417,6,0.5757539480135925,566
South Tripura,Tripura,0.829409334985543,0.8698262243285939,0.8386603196191772,0.5575697493272909,0.22844922132046502,0.37386175496688745,0.681446335078534,0.10780370072405471,0.1975351501475439,0.15260454878943508,0.44785276073619634,0.38045851528384284,0.5733375755647471,0.5775214592274678,0.8692111959287532,0.8343469446857805,,0.6748266591198531,0.713304502671076,0.7393045310853529,0.7518935047050724,0.7379097989494657,0.5078645316706816,0.6162961007579929,0.3174484990951528,0.6469751381381184,0.6875172547002503,6,0.5670592481728786,580
Unakoti,Tripura,0.828170177612557,0.8859399684044235,0.6354981298877933,0.460416371618751,0.22570739197192366,0.27793874172185434,0.6176374345549738,0.06838294448913916,0.34091303593126193,0.22413793103448285,0.5262927256792287,0.2000545851528384,0.214550853749072,0.2624731759656652,0.6374045801526719,0.5081088908195772,0.3116754617414248,0.6543087590208011,0.8435512592215721,0.6077976817702845,0.6584806059215057,0.550806013403369,0.4630862972934675,0.5522784635362171,0.3554728143378173,0.36451841716796496,0.584243725481775,7,0.4641283551309436,679
West Tripura,Tripura,0.8954977282114828,0.9943127962085306,0.9743284597075824,0.7218524288344427,0.6202017986400525,0.2790769867549669,0.7786321989528796,0.23196567444355048,0.35584099982641904,0.25752017608217176,0.7977651183172656,0.7149290393013099,0.6030331954608124,0.8418723175965666,0.939821882951654,0.9551114972487693,,0.6442620631102307,0.9381836682777919,0.6387776606954688,0.8331420702318109,0.7462416228944032,0.5807000141703273,0.7475450330595096,0.4843448335244573,0.8109535865118225,0.7302178498966722,6,0.6932653257481154,311
Saharanpur,Uttar Pradesh,0.6974390747624948,0.9469194312796206,0.9954097245834751,0.7726950856819148,0.5261022153981135,0.11009933774834436,0.5757526178010473,0.33024939662107794,0.8783197361569173,0.9512105649303008,0.7446319018404908,0.715065502183406,0.5099162159295789,0.7866148068669527,0.7665394402035625,0.8108890819577179,0.821240105540897,0.7820857506721383,0.8448232002035105,0.6699683877766069,0.5976589396373653,0.6457163557326572,0.3875584526002551,0.6747774782423273,0.6960328434699667,0.7178050094282435,0.6784358845947758,7,0.6917628039338284,315
Bijnor,Uttar Pradesh,0.70425444031392,0.8780410742496051,0.9950697041822508,0.6935278289194166,0.4078745338890107,0.18284354304635764,0.5809882198952879,0.34942343791901304,0.9100850546780073,0.9578136463683052,0.7474802804557407,0.5784661572052401,0.471311910064694,0.7707886266094421,0.7924936386768449,0.8460758760498118,0.8443271767810027,0.7181265034668176,0.9198677181378785,0.5152792413066386,0.8863897176956622,0.733743886976997,0.4898682159557886,0.6436018541000935,0.7091581278632708,0.6918272417212065,0.7296574943315408,7,0.693561179504028,310
Rampur,Uttar Pradesh,0.41160677406030577,0.880252764612954,1.0,0.7048576688854271,0.4120421144987936,0.12334437086092716,0.3391688481675392,0.1779297398766425,0.8186078805762887,0.8701393983859135,0.718558282208589,0.6473799126637555,0.4878566125782161,0.6374731759656651,0.7583969465648857,0.7256009267303793,0.6601253298153035,0.4165841233904062,0.8725515136097686,0.42697576396206527,0.6995639201285289,0.5480891142908895,0.3668697746917953,0.5886839488197346,0.5848808298429946,0.6513415149005803,0.5701085056983939,7,0.5987536998154259,518
Jyotiba Phule Nagar,Uttar Pradesh,0.546881453944651,0.8846761453396523,0.994559673580415,0.7025917008922249,0.4038166264531695,0.07398592715231789,0.42195680628272253,0.2921694824349691,0.798125325464329,0.8525311812179017,0.7154907975460123,0.6020742358078602,0.4190264078905504,0.7074839055793992,0.7590330788804073,0.8068346365479293,0.5531002638522429,0.693080515070044,0.8608496565759349,0.38714436248682815,0.5852650906587101,0.48813620720883905,0.3671531812384867,0.6010852545604051,0.6160547185891869,0.6588904529412293,0.5621041824415837,7,0.6095336521331013,496
Meerut,Uttar Pradesh,0.5906650144568362,0.956398104265403,0.995239714382863,0.7564084407307748,0.65650361921474,0.1782905629139073,0.6801374345549739,0.4521319388576025,0.8689463634785628,0.9115920763022743,0.8203330411919368,0.6420578602620087,0.4826598790964047,0.7552306866952789,0.7533078880407126,0.8379669852302346,0.7112467018469656,0.7334088014716289,0.9292800814042228,0.6008429926238145,0.8689465228368143,0.7015033508422388,0.5706390817627887,0.6889175759940874,0.7466281708770701,0.6942446598649279,0.7308382189697818,7,0.7151571564264668,260
Baghpat,Uttar Pradesh,0.49710863279636525,0.9538704581358611,0.9974498469908194,0.8181560685455319,0.4700592235139284,0.11692880794701986,0.6467604712041884,0.4072137302225797,0.8597465717757334,0.9020542920029347,0.7956836108676599,0.7242085152838428,0.40301198430374374,0.7270654506437768,0.7564885496183207,0.7442803359397626,0.7340039577836412,0.6509126927975095,0.8972271686593742,0.7401475237091676,0.8668808813403719,0.6594819779025539,0.500354258183364,0.6422621729882543,0.7222917352146193,0.6710109671578893,0.7212869229108546,7,0.6892129495679044,324
Gautam Buddha Nagar,Uttar Pradesh,0.6722428748451053,0.9813586097946286,0.9981298877932676,0.6340461690978616,0.7285588944944067,0.23396109271523183,0.6871727748691099,0.5134084204880665,0.7654921020656137,0.9222303741746148,0.8862839614373357,0.6686681222707422,0.5130978894898717,0.8114270386266095,0.829262086513995,0.8569359976831741,0.47592348284960423,0.6342153671996605,0.879419994912236,0.740358271865121,0.8264861142988296,0.7330193805470023,0.46237778092673937,0.708049588123417,0.7549175266069481,0.7358782269168784,0.6788286275141705,7,0.7194184922903535,249
Bulandshahr,Uttar Pradesh,0.45786864931846344,0.8815165876777251,1.0,0.7394136807817591,0.4363895591138407,0.2005380794701987,0.5482657068062827,0.32381335478680606,0.7771220274257941,0.797505502567865,0.7701577563540754,0.709061135371179,0.45869127160886625,0.7723980686695279,0.7900763358778626,0.8071242397914857,0.46058707124010567,0.5967171359841518,0.863139150343424,0.4840885142255005,0.7849437686481524,0.6504256475276219,0.4448065750318832,0.6192877593936645,0.6433728695881646,0.7074702102637842,0.6121011232858342,7,0.6455579906328619,421
Aligarh,Uttar Pradesh,0.26951672862453524,0.8518167456556083,1.0,0.568616343294151,0.46951085764422024,0.17032284768211922,0.4926374345549737,0.32019308125502804,0.7250477347682693,0.83492296404989,0.7759640666082384,0.5891102620087335,0.4276169265033407,0.7664967811158798,0.7783715012722647,0.7904720532869969,0.5062664907651715,0.5931795670015566,0.8588145510048335,0.5388830347734457,0.8531099380307552,0.6540481796775947,0.4666288791271079,0.554963920483439,0.62975305624728,0.6704135048374431,0.6387043771972093,7,0.6234587146913428,468
Mahamaya Nagar,Uttar Pradesh,0.05576208178438667,0.8401263823064771,0.9826589595375723,0.6235660671293018,0.41500329019521826,0.10099337748344371,0.49181937172774864,0.3413783856261732,0.5124110397500434,0.7927366104181951,0.6375985977212971,0.310589519650655,0.24859476084420404,0.34643240343347637,0.7494910941475827,0.7458731537793224,0.5308377308707124,0.4840809395783219,0.7069447977613839,0.453740779768177,0.8262565985770025,0.6853830827748597,0.3315856596287375,0.5030183597393999,0.5551888010486914,0.4801961863710481,0.5741185127084565,7,0.528130464966899,624
Mathura,Uttar Pradesh,0.24845105328376704,0.9424960505529228,0.9734784087045222,0.5945333522164,0.42476420267602544,0.09954470198675495,0.47987565445026187,0.2823813354786805,0.6304461031070995,0.7663242846661775,0.7225021910604733,0.44964519650655027,0.37055891398875807,0.5080472103004292,0.7389312977099238,0.732261801332175,0.5644788918205805,0.5972831470213671,0.7634189773594505,0.6118018967334036,0.8503557493688317,0.7442492302119181,0.25960039676916546,0.5472112949033987,0.5763059137525386,0.5598888839675673,0.6273126127549596,7,0.577679676344616,560
Agra,Uttar Pradesh,0.5061957868649319,0.9703001579778832,0.9960897653859231,0.5883019402350943,0.6459749945163413,0.08536837748344371,0.431446335078534,0.302225797801019,0.6889428918590522,0.8701393983859135,0.7424408413672217,0.4877183406113537,0.4060876020786934,0.7010461373390559,0.8610687022900765,0.8566463944396177,0.5722295514511874,0.6282722513089006,0.8280335792419232,0.5218124341412012,0.7252696809731467,0.655859445752581,0.3189740683009778,0.6320385037439361,0.607039052898348,0.6625134353517593,0.6072072873099882,7,0.6271995698260079,462
Firozabad,Uttar Pradesh,0.2856257744733581,0.8830963665086887,0.9901394083645019,0.5632346693102961,0.4923228778240842,0.1267591059602649,0.5849149214659685,0.3866988468758379,0.570387085575421,0.8679383712399119,0.6710122699386503,0.43627183406113534,0.37002863506204264,0.6542381974248926,0.7464376590330789,0.758760498117579,0.45811345646437995,0.36026602518749123,0.8209107097430679,0.28872497365648053,0.8840945604773928,0.666545915595001,0.3056539606064901,0.556863033740199,0.6161902990191579,0.5931473647397457,0.5406156573900434,7,0.5767040887222865,563
Mainpuri,Uttar Pradesh,0.24328789756299052,0.8467614533965246,0.9930295817749065,0.47953547656139356,0.34196095635007673,0.15500827814569534,0.650359947643979,0.43148297130598007,0.7215761152577678,0.8539985326485693,0.6850350569675723,0.5094159388646288,0.3581503871036165,0.5146190987124463,0.7792620865139951,0.7777295105705185,0.587401055408971,0.577472760718834,0.8562706690409565,0.3445732349841939,0.7679596052329585,0.521463502988589,0.3553918095508006,0.509930607298598,0.6684905247647736,0.5878354043530412,0.5729332339893292,7,0.5847974426014355,545
Bareilly,Uttar Pradesh,0.4446509706732755,0.7614533965244867,1.0,0.7147712788556861,0.5039482342618995,0.18129139072847686,0.26357984293193715,0.1135693215339233,0.8028120118035064,0.793470286133529,0.6925942156003505,0.6256823144104804,0.410329833492417,0.6747585836909871,0.6825699745547074,0.678395598030698,0.512697889182058,0.7457195415310599,0.8878148053930298,0.31064278187565864,0.748909800321322,0.4915776127513132,0.3933682868074253,0.6010192118406376,0.5332051356006493,0.614347260835858,0.5843901025516952,7,0.5832404277072101,548
Pilibhit,Uttar Pradesh,0.4665427509293681,0.5838862559241706,1.0,0.6737006089788983,0.4325509980258828,0.2095405629139073,0.3388416230366492,0.1993832126575489,0.7182780767227911,0.8323550990462215,0.6829535495179667,0.5618176855895196,0.41595079011560077,0.639216738197425,0.6970737913486006,0.71372719374457,0.8725263852242744,0.7167114758737796,0.782498092088527,0.45837723919915696,0.6414964425063118,0.415866690816881,0.5415899107269379,0.5610368627953711,0.5543623121962356,0.6055572397991432,0.6327237480622668,7,0.5884200407132542,537
Shahjahanpur,Uttar Pradesh,0.27529946303180497,0.4960505529225908,1.0,0.5660671293017986,0.3486510199605176,0.13545115894039736,0.3414594240837696,0.18946098149637972,0.6366950182260024,0.8316214233308877,0.5568580192813322,0.47843886462882096,0.32834871142220806,0.5076448497854077,0.5324427480916031,0.5412684622067766,0.612467018469657,0.6971840950898545,0.8537267870770796,0.33993677555321394,0.7133348634381456,0.500815069733744,0.28439846960464793,0.4702532206928516,0.5112189732836743,0.47762872722696326,0.5716947255666203,7,0.5076989116925273,650
Kheri,Uttar Pradesh,0.5059892606361007,0.4992101105845184,0.9986399183951037,0.5150828494547515,0.299407764860715,0.21585264900662254,0.38268979057591623,0.20260123357468487,0.6578718972400625,0.8694057226705797,0.5407537248028046,0.37636462882096067,0.46261533566656055,0.47652896995708155,0.7807888040712468,0.7283521575441644,0.49686675461741414,0.5361539550021226,0.9066395319257186,0.2743940990516332,0.7401882028918981,0.47255931896395587,0.41419866798923055,0.505697092156302,0.5306644737728096,0.5649299792120028,0.5487143614917104,7,0.5375014766582061,612
Sitapur,Uttar Pradesh,0.7670384138785625,0.0,0.9948996939816389,0.32955672001132985,0.2508225488045624,0.22837334437086093,0.3363874345549738,0.13810673102708498,0.6396458948099287,0.8741746148202495,0.5125985977212971,0.5526746724890829,0.3290911019196097,0.6251341201716739,0.8067430025445294,0.82334202143064,0.43832453825857515,0.8767510966463847,0.7585856016280844,0.269968387776607,0.6855634610970852,0.44412244158666914,0.4120731188890463,0.42844845350782584,0.5001826545867069,0.6273969837111071,0.5550555208403501,7,0.5277709031614974,625
Hardoi,Uttar Pradesh,0.5417182982238745,0.08309636650868907,0.9982998979938797,0.3750177028749469,0.22329458214520725,0.15397350993377484,0.33867801047120416,0.1725663716814159,0.6646415552855407,0.8991195891415994,0.6033085013146363,0.5682314410480348,0.3745890338317955,0.5638412017167381,0.6683206106870231,0.6967854039965248,0.3942941952506597,0.7210980614121977,0.8700076316458917,0.3386722866174921,0.5898554050952491,0.5330556058685021,0.2744792404704549,0.3959000596133954,0.5356628055788792,0.5743535382560233,0.531637489480064,7,0.5093884732320905,648
Unnao,Uttar Pradesh,0.670797191243288,0.22148499210110598,0.9741584495069705,0.4397394136807818,0.3819916648387804,0.14673013245033112,0.4839659685863875,0.3136229552158755,0.6712376323554938,0.9178283198826119,0.6211656441717792,0.2512281659388646,0.16332590942835934,0.39216738197424894,0.7562340966921121,0.7277729510570519,0.316787598944591,0.6602518749115609,0.7957262783006869,0.45184404636459424,0.824420472802387,0.6000724506429995,0.2763213830239478,0.47248364063687626,0.6015641040424295,0.4581457010181273,0.5607748721415382,7,0.5232420794597428,633
Lucknow,Uttar Pradesh,0.7100371747211894,0.8995260663507108,0.995749744984699,0.7249681348250958,0.7638736565036193,0.1511796357615894,0.6740837696335078,0.513140252078305,0.8281548342301684,0.9236977256052824,0.832931638913234,0.6615720524017467,0.5167037861915367,0.7204935622317598,0.8895674300254452,0.824210831161309,0.4869722955145119,0.6052073015423802,0.8753497837700331,0.601053740779768,0.8393389947211384,0.6674515486324941,0.6029474280855888,0.707555735524484,0.7544016440920995,0.7225095324023594,0.668331584720845,7,0.7131996241849469,266
Farrukhabad,Uttar Pradesh,0.33292028087567127,0.7412322274881518,0.9940496429785788,0.6145021951564934,0.4045843386707611,0.12758692052980133,0.4334096858638744,0.2645481362295521,0.6740149279638952,0.8506969919295672,0.572524101665206,0.6154475982532751,0.39389118676423795,0.6378755364806866,0.6092875318066159,0.6330726904141326,0.48120052770448557,0.6158200084901657,0.8822182650725006,0.26975763962065324,0.7753041083314207,0.566020648433255,0.260875726229276,0.5358126009499097,0.5590387687304189,0.5779149087437896,0.5501709891259653,7,0.5557343168875208,597
Kannauj,Uttar Pradesh,0.6102850061957867,0.5987361769352291,0.9974498469908194,0.5786715762639852,0.29458214520728226,0.14662665562913907,0.4851112565445026,0.3179136497720568,0.8201701093560146,0.9508437270726339,0.6327782646801052,0.5364355895196505,0.44628274472372464,0.6081008583690987,0.6998727735368957,0.7321169997103968,0.2717678100263853,0.6397339748125089,0.8575426100228949,0.3713382507903055,0.6089052100068855,0.5229125158485782,0.2250247980728356,0.5377252345370404,0.6413634014850625,0.6045617931719531,0.499603595654342,7,0.5708135062120995,577
Etawah,Uttar Pradesh,0.469847170590665,0.8628751974723537,0.991329479768786,0.6912618609262144,0.4389120421144988,0.17373758278145698,0.6717931937172774,0.43014212925717343,0.7177573337962159,0.9203961848862804,0.7428790534618755,0.5679585152838428,0.41732951532506096,0.7292113733905579,0.8118320610687023,0.8262380538662033,0.6317612137203167,0.6571388142068773,0.8532180106843044,0.4602739726027396,0.7835666743171907,0.6891867415323312,0.30508714751310756,0.6046605556089958,0.6965935790237645,0.6705139037868735,0.6257475106538382,7,0.6493788872683679,414
Auraiya,Uttar Pradesh,0.7362660057827345,0.8107424960505532,0.991329479768786,0.6381532360855403,0.27506032024566784,0.17891142384105962,0.6652486910994765,0.437114507910968,0.6859920152751258,0.8217168011738811,0.7495617879053462,0.6256823144104804,0.48796266836355917,0.709093347639485,0.874173027989822,0.8685201274254272,0.7115765171503958,0.8102447997735956,0.8356652251335538,0.439831401475237,0.6564149644250632,0.5397572903459519,0.4429644324783903,0.6050771602957236,0.6719267606729595,0.7130862971657548,0.6337792329688839,7,0.6559673627758305,398
Kanpur Dehat,Uttar Pradesh,0.5344898802147872,0.36018957345971575,0.9897993879632779,0.5856111032431668,0.3361482781311691,0.17353062913907288,0.6047120418848168,0.4265218557253954,0.7802464849852456,0.9295671313279531,0.7397020157756353,0.5521288209606987,0.5307031498568247,0.5763143776824035,0.8002544529262087,0.7657109759629307,0.2796833773087071,0.5715296448280741,0.8885779699821927,0.3481559536354056,0.8150103282074823,0.5354102517659844,0.3728213121723112,0.4966281420251983,0.6961499059398093,0.6450223554778133,0.5444555482714512,7,0.595563987928568,524
Kanpur Nagar,Uttar Pradesh,0.6693515076414703,0.6603475513428121,0.9792587555253316,0.6836142189491575,0.7485194121517876,0.15490480132450332,0.7215314136125655,0.6021721641190666,0.81044957472661,0.8749082905355833,0.8642638036809815,0.7105622270742358,0.6945593382118994,0.6192328326180256,0.829643765903308,0.8111786852012741,0.5512862796833774,0.7656714305928966,0.818366827779191,0.5481559536354056,0.6102823043378471,0.6272414417677957,0.2724953946436163,0.6493327078225104,0.7746650493349614,0.7330353698017487,0.5990713760628756,7,0.6890261257555239,325
Jalaun,Uttar Pradesh,0.6856670797191243,0.900473933649289,0.9821489289357362,0.7212859368361423,0.3053301162535644,0.17021937086092717,0.5297774869109948,0.3392330383480825,0.707342475264711,0.9192956713132796,0.7823181419807186,0.5667303493449781,0.6202142326863931,0.5704130901287553,0.8108142493638677,0.7911960613958876,0.4431068601583114,0.7058157634073866,0.9687102518443145,0.32687038988408845,0.6541198072067936,0.47654410432892597,0.57092248830948,0.6275208943757972,0.6555933627635573,0.6718735965839764,0.5922985235913287,7,0.6368215943286649,444
Jhansi,Uttar Pradesh,0.8719537381247418,0.8470774091627171,0.9461067664059843,0.6222914601331258,0.4748848431673612,0.10575331125827814,0.5538285340314136,0.3976937516760525,0.5651796563096685,0.8727072633895818,0.8034618755477652,0.6001637554585152,0.3419238519461237,0.7438304721030042,0.9095419847328247,0.903706921517521,0.08476253298153034,0.7300127352483374,0.8756041719664207,0.41475237091675443,0.5244434243745697,0.418402463321862,0.3568088422842568,0.6446779213753681,0.6385742161908963,0.6998333971515978,0.48639807729910445,7,0.6173709030042416,479
Lalitpur,Uttar Pradesh,0.7366790582403966,0.8120063191153238,0.9413464807888473,0.4949723835150829,0.12842728668567668,0.1095819536423841,0.3718913612565445,0.13649772056851703,0.26228085401839957,0.6548055759354365,0.6028702892199824,0.5379366812227073,0.438434616608336,0.619098712446352,0.8828244274809163,0.7755574862438459,0.5179749340369393,0.7250601386727042,0.9320783515644874,0.2950474183350896,0.6731696121184302,0.4988226770512588,0.5593028198951396,0.5371689136646186,0.405669160199776,0.6507703848004315,0.6002079930962927,7,0.5484541129402798,603
Hamirpur,Uttar Pradesh,0.9578686493184633,0.8296998420221169,0.9897993879632779,0.6863050559410849,0.22362360166703224,0.21481788079470202,0.5665903141361257,0.32193617591847673,0.8180871376497135,0.9490095377842993,0.7523006134969326,0.7014192139737991,0.4123448934139357,0.8354345493562232,0.9526717557251908,0.9454097885896323,0.6228562005277044,0.8433564454506864,0.7865683032307301,0.26533192834562686,0.6300206564149645,0.47274044557145445,0.3830239478531954,0.6503524029511129,0.6815847557971095,0.7694560402117563,0.5719854181991947,7,0.6683446542897934,370
Mahoba,Uttar Pradesh,0.9456836018174309,0.8714060031595579,0.902754165249915,0.5623849313128453,0.21452072822987497,0.1560430463576159,0.5080170157068064,0.2291499061410566,0.639819475785454,0.8550990462215701,0.7578878177037687,0.6784934497816595,0.44416162901686285,0.8234978540772532,0.9531806615776081,0.9571387199536636,0.516490765171504,0.8674119145323336,0.8328669549732892,0.38630136986301367,0.5276566444801469,0.5245426553160659,0.3592177979311323,0.6087987460212066,0.5979946523117311,0.7712944628814095,0.5734983003239265,7,0.6378965403845684,441
Banda,Uttar Pradesh,0.8643122676579927,0.6578199052132703,0.9697381842910574,0.4255771137232687,0.1997148497477517,0.1252069536423841,0.39283376963350786,0.18074550817913645,0.6705433084533934,0.9075568598679384,0.480170902716915,0.5541757641921398,0.36758935199915155,0.6537017167381974,0.8699745547073792,0.8918331885317116,0.3878627968337731,0.760294325739352,0.939709997456118,0.20295047418335094,0.5120495753959147,0.22785727223329116,0.18860705682301263,0.5403948790459542,0.5263700697701783,0.6674549152337159,0.4599044998092589,7,0.5485310909647768,602
Chitrakoot,Uttar Pradesh,0.6542750929368031,0.7469194312796207,0.9488269296157769,0.38818864183543406,0.24742268041237114,0.1677359271523179,0.3846531413612565,0.22217752748726197,0.6212463114042701,0.8701393983859135,0.5162138475021911,0.37336244541484714,0.27457842825326123,0.3405311158798283,0.7590330788804073,0.6876629018245005,0.40122031662269125,0.7515211546625159,0.9185957771559399,0.2773445732349841,0.5327059903603397,0.3731208114472016,0.5692220490293325,0.5255614505387206,0.5228860452281786,0.4870335940505689,0.5462472389304293,7,0.5204320821869743,635
Fatehpur,Uttar Pradesh,0.6755472945064025,0.2679304897314377,0.9794287657259436,0.47953547656139356,0.3316516779995613,0.16225165562913904,0.455660994764398,0.3173773129525342,0.8194757854539143,0.8796771826852531,0.6760517090271693,0.40952510917030566,0.35772616396224416,0.5608905579399142,0.762849872773537,0.7920648711265567,0.2691292875989446,0.6905334654025755,0.92520987026202,0.20126448893572174,0.6933669956392013,0.44213004890418406,0.24628028907467775,0.4827242266923129,0.6296485969766538,0.5766113149945115,0.495416349402475,7,0.5461001220164883,605
Pratapgarh,Uttar Pradesh,0.7054935976869061,0.7617693522906791,0.9629377762665758,0.32247557003257327,0.3126782189076551,0.14228062913907286,0.6402159685863875,0.48390989541432006,0.8094080888734594,0.9728539985326486,0.6613716038562665,0.4213973799126638,0.2785024923109556,0.6196351931330472,0.8832061068702289,0.9002316825948451,0.587236147757256,0.59218904768643,0.9277537522258966,0.5298208640674394,0.8721597429423915,0.6279659481977903,0.5318123848660904,0.5346058573872438,0.7135519110526165,0.6205945709643481,0.6669911268204707,7,0.6339358665561697,451
Kaushambi,Uttar Pradesh,0.6369268897149939,0.32827804107424957,0.9717783066984019,0.42996742671009774,0.3116911603421803,0.19670943708609273,0.38268979057591623,0.245776347546259,0.6953653879534804,0.8936170212765958,0.639022787028922,0.6263646288209607,0.3147735708982925,0.6602736051502145,0.8554707379134862,0.895742832319722,0.4345316622691292,0.7402009339182115,0.9018061561943526,0.43013698630136976,0.6832683038788157,0.4635029885890238,0.4242596003967691,0.4792252102710027,0.5712942668762346,0.6705250750205352,0.5825295187925245,7,0.5758935177400742,565
Allahabad,Uttar Pradesh,0.4807930607187113,0.8410742496050553,0.9284257055423326,0.42855119671434644,0.3996490458433867,0.2007450331125828,0.5274869109947644,0.45534995977473847,0.7602846727998611,0.9273661041819515,0.7796888694127958,0.43599890829694327,0.4403436207445116,0.571486051502146,0.7861323155216285,0.789748045178106,0.2717678100263853,0.47063817744446024,0.9038412617654541,0.4792413066385669,0.7564838191416112,0.5388516573084586,0.6376647300552644,0.5465397152560691,0.6900353034328223,0.6047417882486671,0.5797841089114572,7,0.6052752289622539,503
Bara Banki,Uttar Pradesh,0.3418009087154068,0.20379146919431285,0.9802788167290037,0.46962186659113436,0.4294801491555166,0.13948675496688742,0.368619109947644,0.2131938857602574,0.6458948099288319,0.8752751283932503,0.5406441717791411,0.2314410480349345,0.19302152932442462,0.2221030042918455,0.6944020356234097,0.6130900666087461,0.4130936675461741,0.5280882977218057,0.8684813024675655,0.3945205479452054,0.6869405554280468,0.5520738996558595,0.4252515233101885,0.427409994225377,0.528725421161825,0.3908115367766721,0.5526356848678351,7,0.47489565925792726,672
Faizabad,Uttar Pradesh,0.7224287484510533,0.6947867298578201,1.0,0.49794646650616076,0.3587409519631498,0.19308774834437087,0.6397251308900525,0.47452400107267356,0.8679048776254122,0.9277329420396185,0.6826248904469764,0.300900655021834,0.3118040089086859,0.6779774678111589,0.8614503816793895,0.8786562409498987,0.48317941952506593,0.5327578887788312,0.935639786313915,0.6320337197049525,0.8189120954785403,0.6314073537402645,0.5347881536063482,0.5778317741870924,0.7185023684149466,0.6061577508741933,0.6526740595925595,7,0.6387914882671979,437
Ambedkar Nagar,Uttar Pradesh,0.8000826104915323,0.8151658767772514,1.0,0.4859085115422745,0.2587190173283615,0.22609685430463577,0.6529777486910996,0.5276213462054169,0.9048776254122547,1.0,0.7538343558282209,0.4751637554585153,0.42538975501113585,0.6960836909871244,0.9003816793893131,0.824210831161309,0.5888852242744063,0.7430309891042877,0.9239379292800813,0.6229715489989462,0.6945145742483361,0.6013403368954899,0.5754569930565396,0.5976621450740093,0.7678622152273984,0.6642459424014795,0.6785910851225838,7,0.6770903469563676,349
Bahraich,Uttar Pradesh,0.5625774473358115,0.2969984202211692,1.0,0.21130151536609543,0.32452292169335384,0.09271523178807946,0.04973821989528795,0.0111289890050952,0.349418503731991,0.6929567131327953,0.43503505696757233,0.18913755458515283,0.3172128539611836,0.3688304721030043,0.5886768447837151,0.5760208514335361,0.20465039577836416,0.5940285835573794,0.7514627321292292,0.17913593256059007,0.7730089511131513,0.4408621626516936,0.3373954938359076,0.41468592273408494,0.30765549654654833,0.40797571537331834,0.46864917880375934,7,0.3997415783644277,699
Shrawasti,Uttar Pradesh,0.4940107393638992,0.16745655608214882,0.9874192451547094,0.4087239767738281,0.3107041017767054,0.12769039735099338,0.035176701570680605,0.031241619737194953,0.0991147370248221,0.8070432868672046,0.4232033304119194,0.21629366812227077,0.4029059285184007,0.5812768240343347,0.7508905852417304,0.7722270489429481,0.33393799472295516,0.7675109664638462,0.751717120325617,0.20400421496311905,0.636217580904292,0.3915957254120631,0.4851920079353833,0.416000836083714,0.27915593512236436,0.5447188109719369,0.5100250872467537,7,0.4374751673561922,690
Balrampur,Uttar Pradesh,0.6109045848822799,0.31658767772511875,0.9960897653859231,0.4306755417079734,0.339986839219127,0.12251655629139073,0.10373036649214654,0.04290694556181283,0.39194584273563615,0.8488628026412326,0.4855390008764242,0.39424126637554585,0.38827023014105416,0.4982564377682403,0.6146310432569975,0.5279467130031857,0.29699868073878627,0.6889769350502337,0.8715339608242179,0.4101159114857745,0.5301813174202433,0.4568013041115741,0.28425676633130226,0.4694601608686355,0.37459699166145044,0.48466913810900475,0.5055521251374475,7,0.45856960394413454,681
Gonda,Uttar Pradesh,0.44237918215613387,0.6502369668246448,1.0,0.21710805834867586,0.5216056152665058,0.12644867549668873,0.356511780104712,0.23947438991686776,0.5594514841173408,0.8477622890682318,0.577344434706398,0.24658842794759825,0.3958001909004136,0.5859710300429185,0.7680661577608143,0.747321169997104,0.3393799472295514,0.6649214659685865,0.6079877893665734,0.31001053740779766,0.8246499885242139,0.6227132765803297,0.4747059657078079,0.49296308301544145,0.5161088755827101,0.5487493953297697,0.5491955672549801,7,0.5267542302957253,627
Siddharthnagar,Uttar Pradesh,0.6945477075588599,0.7071090047393367,0.9977898673920436,0.19218241042345283,0.4599692915112963,0.11403145695364238,0.1724476439790576,0.04545454545454543,0.4124283978475959,0.8653705062362437,0.5942156003505696,0.4978165938864628,0.5992151871884611,0.49450107296137336,0.6150127226463105,0.5311323486823053,0.42480211081794206,0.7818027451535305,0.8954464512846604,0.4939936775553213,0.5322469589166858,0.4720159391414599,0.2787303386708233,0.5276049564297719,0.4179833387736025,0.5475355850729826,0.5541483173629176,7,0.5118180494098186,645
Basti,Uttar Pradesh,0.8116480793060717,0.8300157977883098,1.0,0.4944058915167825,0.5308181618776047,0.1520074503311258,0.43635471204188475,0.36631804773397686,0.7233119250130187,0.9618488628026413,0.7071647677475897,0.2554585152838428,0.28741117827977514,0.7892972103004292,0.9132315521628499,0.8843035041992471,0.5681068601583114,0.7219470779680206,0.7364538285423556,0.5211801896733402,0.548083543722745,0.42039485600434706,0.5261442539322658,0.6364825634699824,0.6389996630678223,0.6259403920452288,0.5774729442859122,7,0.6197238907172364,473
Sant Kabir Nagar,Uttar Pradesh,0.641263940520446,0.8088467614533966,0.9986399183951037,0.5081433224755701,0.5426628646633034,0.1989859271523179,0.3943062827225131,0.2838562617323679,0.7087311230689116,0.9321349963316213,0.5992550394390885,0.488264192139738,0.41213278184324953,0.6377414163090129,0.8802798982188296,0.8512887344338257,0.6726583113456466,0.8062827225130891,0.9104553548715338,0.38672286617492097,0.665366077576314,0.5102336533236733,0.33867082329601816,0.6164237891100229,0.5836567406589005,0.6539414045889311,0.6129128298715995,7,0.6167336910573635,481
Mahrajganj,Uttar Pradesh,0.7736472532011567,0.8363349131121641,1.0,0.5309446254071662,0.619105066900636,0.17601407284768214,0.41770287958115176,0.270581925449182,0.5825377538621768,0.8694057226705797,0.7873575810692376,0.39806222707423583,0.5107646622123236,0.7005096566523604,0.9142493638676847,0.8837242977121343,0.6066952506596307,0.7593038064242255,0.9142711778173493,0.42465753424657526,0.6029378012393849,0.4528165187466039,0.4962448632563412,0.6560076552448009,0.5855171725264656,0.6814620415037478,0.6081324217700158,7,0.6327798227612575,453
Gorakhpur,Uttar Pradesh,0.7990499793473771,0.8372827804107423,0.9962597755865352,0.5720152952839541,0.6381881991664838,0.17373758278145698,0.5160340314136126,0.3916599624564226,0.74726609963548,0.9119589141599413,0.7623794916739702,0.5132368995633187,0.551065860642698,0.7266630901287553,0.8930025445292621,0.7697654213727193,0.4673482849604222,0.6388849582566861,0.9135080132281862,0.653740779768177,0.5669038329125545,0.5203767433435973,0.397477681734448,0.6694222687627582,0.6658596998678854,0.6907467632473507,0.5940343277434387,7,0.6550157649053583,399
Kushinagar,Uttar Pradesh,0.698058653448988,0.731121642969984,1.0,0.6208752301373743,0.5108576442202237,0.14983443708609273,0.4222840314136125,0.2747385358004827,0.6929352542961292,0.9046221570066031,0.7513146362839614,0.24631550218340606,0.3333333333333333,0.7293454935622318,0.8655216284987278,0.9003764842166233,0.42958443271767804,0.7048252440922599,0.8839989824472144,0.5991570073761854,0.5450998393389948,0.4669443941314979,0.6054980870058099,0.6184579346437772,0.6091789229601577,0.6149784883588645,0.6050154267299487,7,0.611907693173187,491
Deoria,Uttar Pradesh,0.7249070631970261,0.8499210110584519,0.9967698061883713,0.5643676533068972,0.64257512612415,0.09685430463576158,0.5742801047120419,0.49302762134620526,0.762194063530637,0.9240645634629494,0.7467134092900963,0.4036572052401746,0.4039664863718316,0.7013143776824035,0.9162849872773539,0.8777874312192296,0.40996042216358836,0.5729446724211124,0.8735690663953193,0.5024236037934667,0.49345880192793207,0.4167723238543743,0.5746067734164659,0.6458991607517763,0.700055952468386,0.6606020975581987,0.5491050948531798,7,0.6389155764078852,436
Azamgarh,Uttar Pradesh,0.7044609665427509,0.8884676145339653,1.0,0.6163432941509702,0.3176135117350296,0.08122930463576158,0.6593586387434556,0.5229283990345936,0.7922235722964763,0.9878943506969919,0.7735539000876424,0.37322598253275113,0.36186233959062464,0.6437768240343349,0.9138676844783717,0.8517231392991602,0.41391820580474925,0.570963633790859,0.9313151869753242,0.5738672286617491,0.7723204039476704,0.6234377830103243,0.518775683718294,0.6013524485997462,0.747191772171832,0.6288911939870486,0.6292283037012815,7,0.651665929614977,410
Mau,Uttar Pradesh,0.788517141676993,0.8180094786729857,0.9965997959877592,0.6493414530519758,0.4994516341302917,0.15335264900662252,0.5863874345549738,0.5300348618932689,0.808540183995834,0.9882611885546588,0.7434268185801928,0.5192412663755459,0.41192067027256335,0.73806330472103,0.9330788804071248,0.8647552852591949,0.32519788918205805,0.8074147445875195,0.8809463240905622,0.7416227608008429,0.615102134496213,0.5819597898931353,0.46507014312030615,0.6508786920877713,0.7313300975157857,0.6934118814070918,0.6310448265958053,7,0.6766663744016135,353
Ballia,Uttar Pradesh,0.7019826517967781,0.6562401263823067,0.9969398163889832,0.4591417646225747,0.49550339986839215,0.09768211920529801,0.5677356020942408,0.489541432019308,0.8278076722791182,0.9376375641966251,0.6889789658194566,0.5141921397379913,0.27744193445752463,0.692596566523605,0.8722646310432571,0.9006660874601796,0.3769788918205805,0.6831753219187775,0.7392520987026202,0.35426765015806116,0.5992655496901538,0.36026082231479806,0.339095933116055,0.5679149797107221,0.7023402472817497,0.6514322718445116,0.4931851811030067,7,0.6037181699849975,505
Jaunpur,Uttar Pradesh,0.8767038413878563,0.9421800947867299,0.9843590615436926,0.4727375725817872,0.511406010089932,0.11247930463576158,0.6328534031413613,0.5238669884687583,0.795695191806978,0.9783565663976522,0.8187992988606485,0.29407751091703055,0.45837310425283695,0.7690450643776824,0.8571246819338424,0.8071242397914857,0.5897097625329816,0.6888354322909298,0.8710251844314424,0.4233930453108534,0.7635988065182465,0.5805107770331462,0.4272353691370271,0.6499776475042932,0.7499142897350797,0.6371489202545757,0.6206154824649468,7,0.664414084989724,375
Ghazipur,Uttar Pradesh,0.47005369681949616,0.7399684044233806,0.9884393063583814,0.4929896615210311,0.3366966440008774,0.09819950331125828,0.6092931937172775,0.5072405470635558,0.7653185210900886,0.9321349963316213,0.754820333041192,0.4336790393013101,0.2636546823629229,0.625,0.8513994910941475,0.8625832609325226,0.35389182058047497,0.6268572237158626,0.8315950139913508,0.4488935721812433,0.5131971540050493,0.43669625067922474,0.33810401020263564,0.5210578694057374,0.7137615182487471,0.6072632947381806,0.5070335779079774,7,0.5872790650751606,541
Chandauli,Uttar Pradesh,0.5964477488641057,0.7428120063191154,0.9573274396463787,0.5305197564084408,0.3699276157051985,0.27835264900662254,0.5767342931937172,0.4499865915795118,0.7009199791702828,0.921863536316948,0.787248028045574,0.5867903930131003,0.30278926715452326,0.5398336909871245,0.8249363867684479,0.7836663770634231,0.5148416886543535,0.6852978633083346,0.8885779699821927,0.44531085353003164,0.7023181087904522,0.5875747147255932,0.4374380048179113,0.5792312026583103,0.6873504856612067,0.6076032229973238,0.6087656005441243,7,0.6207376279652412,471
Varanasi,Uttar Pradesh,0.9091284593143328,0.9102685624012637,0.9729683781026861,0.7640560827078318,0.6900636104408862,0.12034354304635761,0.6873363874345549,0.5553767766157146,0.8201701093560146,1.0,0.8420245398773006,0.6547489082969432,0.4988864142538975,0.8075375536480687,0.9385496183206109,0.9045757312481899,0.658311345646438,0.7499646243101741,0.8880691935894175,0.489567966280295,0.6203809960982327,0.42311175511682664,0.42907751169052,0.7278047726688931,0.7809815626567169,0.760859645153542,0.608354770390272,7,0.719500187717356,248
Sant Ravidas Nagar (Bhadohi),Uttar Pradesh,0.6253614209004543,0.8887835703001581,0.9444066643998641,0.5596940943209179,0.34327703443737656,0.18274006622516556,0.5557918848167538,0.4404666130329847,0.6596077069953133,0.9376375641966251,0.7237072743207713,0.3728165938864629,0.22717149220489977,0.5976394849785407,0.8765903307888042,0.8882131479872575,0.3759894459102902,0.5160605631809821,0.8957008394810481,0.3772391991570073,0.8941932522377783,0.6497011410976273,0.5136743658778519,0.5907104750973228,0.6634422086724896,0.592486209969193,0.6032226867060836,7,0.6124653951112722,490
Mirzapur,Uttar Pradesh,0.7393638992152003,0.7684044233807268,0.9479768786127167,0.6102535051692395,0.3717920596622066,0.14331539735099338,0.5692081151832461,0.4048002145347277,0.7116819996528381,0.9108584005869406,0.7306091148115688,0.4005185589519651,0.3409693498780358,0.601260729613734,0.8866412213740459,0.8342021430640023,0.4767480211081794,0.6302532899391539,0.9038412617654541,0.36269757639620653,0.8159283910947899,0.630139467487774,0.5061640923905343,0.5968510272318471,0.6654315689538641,0.6127184005763566,0.617967442883156,7,0.623242109911306,469
Sonbhadra,Uttar Pradesh,0.6402313093762908,0.4587677725118486,0.8228493709622577,0.5851862342444414,0.2394165387146304,0.1915355960264901,0.4286649214659685,0.296192008581389,0.6931088352716542,0.7457813646368305,0.6596187554776513,0.5085971615720525,0.3395906246685757,0.4688841201716738,0.7043256997455473,0.6681146828844483,0.5496372031662269,0.7874628555256828,0.948613584329687,0.47102212855637515,0.4884094560477393,0.2878101793153414,0.46081904491993764,0.4896644703059932,0.5646731770866987,0.5379024578084595,0.5705392074087129,7,0.5406948281524661,608
Etah,Uttar Pradesh,0.1241222635274681,0.6202211690363351,0.9969398163889832,0.47415380257753864,0.3400965123930686,0.12034354304635761,0.5268324607329843,0.3374899436846339,0.6514494011456344,0.8426265590608951,0.6106485539000875,0.3793668122270742,0.31010711634319654,0.4727736051502146,0.7034351145038168,0.7218360845641473,0.26599604221635886,0.5958681194283288,0.762147036377512,0.24952581664910423,0.7592380078035345,0.5758014852381815,0.25619951820887055,0.4459795178282919,0.593809383704847,0.5175037465576899,0.4949680037031272,7,0.513065162948489,642
Kanshiram Nagar,Uttar Pradesh,0.07579512598099962,0.5962085308056873,0.9891193471608296,0.5741396402775811,0.3073042333845142,0.14414321192052978,0.3599476439790576,0.21533923303834807,0.5979864606839091,0.723037417461482,0.5113935144609991,0.476528384279476,0.35772616396224416,0.4971834763948498,0.6795165394402036,0.6691282942368956,0.49191952506596304,0.45408235460591484,0.7183922665988298,0.3266596417281349,0.6596281845306404,0.4863249411338526,0.20830381181805302,0.44778501492169026,0.4815408539247592,0.5360165716627339,0.47790153221162696,7,0.48581099318020254,666
Amethi,Uttar Pradesh,0.7412226352746799,0.7573459715639809,0.9773886433185991,0.4483784166548648,0.19499890326826058,0.2044701986754967,0.46924083769633507,0.2809064092249932,0.7418850893942024,0.92993396918562,0.6907318141980718,0.631004366812227,0.28985046134266623,0.6893776824034334,0.8824427480916033,0.8753258036490009,0.6022427440633245,0.7529361822555541,0.8873060290002543,0.5228661749209694,0.6460867569428507,0.530519833363521,0.6101742950262151,0.5539674614593136,0.6225396239398444,0.6736002124597862,0.6503045736532412,7,0.6251029678780463,466
Budaun,Uttar Pradesh,0.15695993391160679,0.3889415481832543,0.9971098265895953,0.5724401642826795,0.3425093222197851,0.12831125827814568,0.2256217277486911,0.10673102708500935,0.6033674709251866,0.7450476889214968,0.5488606485539,0.4384552401746725,0.38402799872733057,0.502950643776824,0.6477099236641223,0.6100492325514045,0.49736147757255933,0.6254421961228245,0.7298397354362758,0.1858798735511064,0.6848749139316043,0.35066111211737,0.3303103301686269,0.4310453422441778,0.4459257126468568,0.5166386077788708,0.4863385198429096,7,0.4699870456282037,675
Ghaziabad,Uttar Pradesh,0.7269723254853366,0.9974723538704582,0.9852091125467527,0.7827503186517492,0.9189515244571178,0.19505380794701987,0.7064790575916231,0.5581925449182085,0.8606144766533588,0.9776228906823184,0.9085232252410167,0.6948689956331877,0.6113055467175734,0.8029774678111588,0.8274809160305343,0.8263828554879815,0.48070580474934044,0.5238432149426915,0.8804375476977867,0.6840885142255005,0.7098921276107413,0.706937149067198,0.4775400311747201,0.7677349071597391,0.8022864390173051,0.7526031563360872,0.6376349127811398,7,0.7400648538235678,191
Hapur,Uttar Pradesh,0.4863692688971499,0.9624012638230649,0.9979598775926555,0.7983288486050135,0.6512393068655405,0.14176324503311258,0.6002945026178012,0.40131402520783044,0.8764103454261414,0.9702861335289802,0.8754382120946538,0.7338973799126637,0.5191430692544279,0.7785675965665236,0.7879134860050891,0.7911960613958876,0.7432387862796835,0.7735955851139098,0.9010429916051895,0.6402528977871443,0.6773008951113152,0.6420938235826843,0.36998724670539884,0.6730103018027562,0.7447486437750814,0.7221435186269184,0.6782160323121893,7,0.7045296241292364,285
Moradabad,Uttar Pradesh,0.47149938042131345,0.874881516587678,0.9965997959877592,0.7045744228862767,0.5447466549681947,0.16473509933774835,0.5040903141361256,0.3885760257441672,0.8333622634959208,0.9438738077769625,0.7645705521472393,0.6468340611353711,0.3053346060027574,0.6861587982832619,0.7488549618320612,0.7913408630176658,0.7443931398416886,0.6594028583557381,0.823200203510557,0.5462592202318229,0.6633004360798715,0.6408259373301939,0.39577724245430074,0.6261728116981617,0.6868945926600831,0.6357046580542234,0.6390227196863104,7,0.6469486955246947,419
Muzaffarnagar,Uttar Pradesh,0.5914911193721603,0.9308056872037915,0.9982998979938797,0.7205778218382667,0.5609782847115595,0.07295115894039735,0.5695353403141361,0.3785197103781174,0.8736330498177399,0.9651504035216435,0.7605170902716915,0.6716703056768559,0.4206172446706968,0.8527360515021459,0.8344783715012724,0.8537503620040545,0.49719656992084443,0.643413046554408,0.8361740015263293,0.6501580611169652,0.6265779205875602,0.5890237275855824,0.42567663313022536,0.6458506616766758,0.7094711188606657,0.726650467071005,0.6097457086317021,7,0.6729294890600122,362
Rae Bareli,Uttar Pradesh,0.546881453944651,0.6477093206951026,0.9671880312818768,0.36425435490723695,0.3377933757402939,0.16235513245033112,0.455660994764398,0.30209171359613834,0.7510848810970318,0.9526779163609684,0.6812007011393515,0.4425491266375546,0.4158447343302577,0.4718347639484978,0.8665394402035625,0.8663481030987547,0.5285290237467017,0.6504881845195983,0.947087255151361,0.2864067439409904,0.8044526050034426,0.6076797681579424,0.26994473572339517,0.5043636115032487,0.6285432413915777,0.6126232336437255,0.584941188034776,7,0.582617818643332,552
Sambhal,Uttar Pradesh,0.06629491945477077,0.7447077409162718,1.0,0.6171930321484209,0.32408422899758715,0.1300703642384106,0.22856675392670156,0.14132475194422095,0.6332233987155008,0.8415260454878943,0.5637598597721297,0.4702510917030568,0.3023650440131509,0.570681330472103,0.672264631043257,0.6841876629018244,0.7203166226912929,0.6404414886090279,0.8633935385398118,0.19009483667017904,0.7792058756024788,0.589748234015577,0.36389400595153754,0.4803917142925769,0.48168016196928953,0.5399499520266785,0.592442086011415,7,0.52361597857499,631
Shamli,Uttar Pradesh,0.7306897976042956,0.9589257503949448,0.9974498469908194,0.7658971817023085,0.4932002632156174,0.14072847682119205,0.4453534031413611,0.25475998927326354,0.8118382225308106,0.9145267791636096,0.7160385626643295,0.7689683406113538,0.3883762859263972,0.7556330472103003,0.7237913486005091,0.7581812916304662,0.8529023746701847,0.7994905900665064,0.9509030780971763,0.6741833508956796,0.5448703236171678,0.6319507335627603,0.4295026215105569,0.6811485527881963,0.6285033913546749,0.6789900627958053,0.6976861532028618,7,0.6715820400353845,363
Sultanpur,Uttar Pradesh,0.7267657992565055,0.8183254344391786,0.9916695001700103,0.5075768304772695,0.27495064707172623,0.20177980132450332,0.5945680628272251,0.44220970769643325,0.8621767054330846,0.9592809977989729,0.7235977212971078,0.4542849344978166,0.45222186870293773,0.6109173819742489,0.8340966921119594,0.7639733565015928,0.6741424802110817,0.750813640865997,0.9409819384380564,0.573445732349842,0.8567821895799862,0.6174606049628691,0.470596570780785,0.5868446687898656,0.7163666390105646,0.6230988467577111,0.6977461653126596,7,0.6560140799677002,396
Uttarkashi,Uttarakhand,0.8781495249896736,0.9860979462875198,0.9342060523631417,0.6584053250247841,0.26266725159026105,0.8189155629139073,0.6974803664921466,0.5360686511128988,0.9008852629751779,0.8257520176082171,0.8925284837861525,0.6928220524017468,0.6623183794676,0.6307671673819741,0.8202290076335879,0.7759918911091804,0.6995382585751979,0.3977642564029999,0.8786568303230731,0.5591148577449947,0.8593068625200826,0.703857996739721,0.310471871900241,0.7564069438615478,0.7705429563949185,0.7164256995988179,0.6298158477437585,7,0.7182978618997606,253
Chamoli,Uttarakhand,0.9349442379182155,0.9826224328593998,0.9053043182590956,0.8263702025208896,0.31618776047378805,0.7240273178807947,0.8483311518324608,0.608071869133816,0.941329630272522,0.8917828319882612,0.9652716914986853,0.4403657205240175,0.5075829886520309,0.6327789699570815,0.6684478371501272,0.6424847958297133,0.7528034300791557,0.3179567001556531,0.8547443398626303,0.5595363540569019,0.7305485425751664,0.738272052164463,0.4252515233101885,0.7815760449853638,0.8509574349451491,0.578332062422594,0.6255875631720228,7,0.7091132763812824,275
Rudraprayag,Uttarakhand,0.95332507228418,0.9829383886255922,0.8961237674260456,0.8154652315536043,0.29019521824961614,0.7811465231788078,0.7946662303664922,0.5733440600697237,0.8510675229994793,0.9354365370506236,0.9651621384750219,0.6533842794759825,0.7651924912503977,0.7866148068669527,0.8297709923664123,0.7943816970750072,0.8588390501319261,0.6284137540682045,0.9180870007631646,0.7473129610115912,0.9178333715859537,0.932802028618004,0.6111662179396343,0.7865323668863077,0.8239352977922682,0.7658688534069504,0.8020649120169254,7,0.7946003575256129,74
Tehri Garhwal,Uttarakhand,0.8021478727798431,0.9968404423380729,0.7295137708262497,0.7836000566491998,0.2881114279447247,0.7245447019867549,0.6043848167539269,0.49865915795119325,0.8911647283457733,0.9361702127659575,0.9310911481156879,0.4915393013100437,0.4722664121327818,0.7183476394849785,0.7729007633587788,0.6759339704604692,0.7196569920844327,0.45351634356869963,0.9247010938692445,0.6598524762908324,0.8097314666054625,0.7545734468393408,0.47810684426810257,0.7207930454208076,0.7722940127865078,0.6261976173494104,0.685734094789445,7,0.7012546925865426,294
Dehradun,Uttarakhand,0.9080958281701775,0.9889415481832545,0.9821489289357362,0.7743945616768164,0.8793595086641808,0.6846026490066225,0.8015379581151834,0.656878519710378,0.8849158132268703,0.9849596478356566,0.9353637160385626,0.7807041484716157,0.7519355180825114,0.7702521459227467,0.8947837150127229,0.8944396177237184,,0.47502476298287827,0.9575171712032561,0.8364594309799789,0.8700941014459491,0.7840970838616194,0.5101317840442114,0.8695905041061315,0.8527311309853302,0.8184230290426632,0.7388873890863156,6,0.8199080133051101,37
Garhwal,Uttarakhand,0.7112763320941758,0.9819905213270145,0.7194831689901394,0.7656139357031583,0.4334283834174161,0.6364859271523179,0.7727421465968586,0.5709305443818717,0.850373199097379,0.9515774027879678,0.8516652059596844,0.3099072052401747,0.37395269911973694,0.5233369098712447,0.694910941475827,0.6656530553142195,,0.29489175038913257,0.8455863647926736,0.6457323498419388,0.8269451457424833,0.7900742619090745,0.5424401303670114,0.7080463781140369,0.7994576997647523,0.5135521622042406,0.657611667173719,6,0.6696669768141872,366
Pithoragarh,Uttarakhand,0.9252375051631556,0.9886255924170616,0.8456307378442707,0.7820422036538733,0.4090809388023689,0.7418253311258278,0.8262434554973821,0.5615446500402251,0.7194931435514668,0.8661041819515775,0.9412795793163892,0.5783296943231442,0.5764131933396967,0.7655579399141631,0.807760814249364,0.7573124818997972,0.9343667546174141,0.5967171359841518,0.8789112185194607,0.736986301369863,0.8170759697039247,0.7562035863068285,0.8407255207595296,0.7820737181677596,0.782933002071408,0.697074824745233,0.7944266410373103,7,0.7641270465054278,138
Bageshwar,Uttarakhand,0.8913672036348615,0.9943127962085306,0.8645018701122068,0.838833026483501,0.28493090590041675,0.732408940397351,0.8046465968586388,0.5178331992491283,0.7769484464502691,0.9391049156272927,0.9039219982471517,0.5120087336244542,0.6741966274260262,0.7128487124463518,0.7711195928753182,0.7823631624674197,,0.13471062685722368,0.8977359450521497,0.7806111696522655,0.9265549690153777,0.9148704944756385,0.7335978461102451,0.7677257904561445,0.7884910312864961,0.690507365767914,0.7313468418604834,6,0.7445177573427595,182
Almora,Uttarakhand,0.8170177612556795,0.996208530805687,0.8862631757905475,0.8495963744512111,0.29874972581706516,0.6708402317880795,0.8085732984293194,0.4616519174041297,0.9743100156222878,0.9391049156272927,0.8748904469763366,0.3550764192139738,0.42390497401633254,0.7124463519313304,0.7468193384223919,0.7891688386909933,,0.34130465544078115,0.8425337064360214,0.7291886195995784,0.7124168005508378,0.7156312262271328,0.5352132634263851,0.7531126333180449,0.8117061188118733,0.6054831844550044,0.6460480452801227,6,0.7040874954662614,286
Champawat,Uttarakhand,0.889301941346551,0.985781990521327,0.921625297517851,0.7568333097295002,0.34218030269796007,0.6676324503311258,0.7547447643979058,0.5013408420488066,0.7972574205867037,0.9321349963316213,0.938102541630149,0.627046943231441,0.6116237140736027,0.7498658798283262,0.7435114503816795,0.7211120764552562,0.8662598944591029,0.4160181123531909,0.8931569575171712,0.752581664910432,0.8177645168694057,0.8529251947111031,0.7425251523310189,0.7605592153573858,0.7847161129990373,0.6906320127940611,0.7630330704502034,7,0.7497351029001719,168
Nainital,Uttarakhand,0.828170177612557,0.9699842022116902,0.8806528391703503,0.7528678657413965,0.6903926299627111,0.617135761589404,0.7657068062827226,0.5577902923035666,0.8045478215587571,0.925531914893617,0.8983347940403155,0.5957969432314411,0.5873369392300349,0.6829399141630901,0.7611959287531808,0.7668693889371562,0.5720646437994723,0.25923305504457345,0.8717883490206054,0.7894625922023182,0.7812715170989213,0.8610758920485421,0.5063057956638798,0.7898672460480182,0.7903823258157958,0.6788278228629806,0.6630288349826161,7,0.7305265574273526,216
Udham Singh Nagar,Uttarakhand,0.8407682775712517,0.9870458135860981,0.9984699081944917,0.5897181702308455,0.6073700372888792,0.5989238410596027,0.5507198952879582,0.3688656476267095,0.7467453567089046,0.8110785033015406,0.9302147239263803,0.6954148471615721,0.7589351999151553,0.7650214592274678,0.8109414758269721,0.7328410078192875,0.7227902374670184,0.34852129616527533,0.9132536250317986,0.7125395152792413,0.8173054854257517,0.7306647346495201,0.49128524868924467,0.7703826746551948,0.6815248253702986,0.752630797990091,0.6766228775296929,7,0.7202902938863193,246
Hardwar,Uttarakhand,0.7513424204874017,0.9905213270142181,0.9930295817749065,0.5747061322758816,0.5803904364992323,0.470716059602649,0.6182918848167539,0.35787074282649495,0.8285019961812184,0.9163609684519443,0.8395048203330411,0.4234443231441048,0.4677060133630289,0.6601394849785408,0.7435114503816795,0.7560092673037939,0.6126319261213721,0.32998443469647665,0.83719155431188,0.6225500526870389,0.7259582281386275,0.6402825575076979,0.4582683859997166,0.7267843262757149,0.7121060825218907,0.6101621078342296,0.6038381627804014,7,0.6632226698530591,377
Darjiling,West Bengal,0.9675753820735234,0.9424960505529228,0.8437606256375383,0.7617901147146298,0.660013160780873,0.2603476821192053,0.6281086387434555,0.3711450791096808,0.6328762367644506,0.7677916360968451,0.9200262927256793,0.8002183406113537,0.7935093859370029,0.6567864806866953,0.9790076335877862,0.9888502751230814,0.9043535620052771,0.6892599405688412,0.8318494021877385,0.5551106427818755,0.6307092035804452,0.5580510777033146,0.38826696896698315,0.7393305026464487,0.6639895766880223,0.843674423189184,0.6510858282563536,7,0.724520082695002,237
Jalpaiguri,West Bengal,0.9834779016935151,0.918167456556082,0.9183951037062225,0.6221498371335505,0.37387584996709805,0.3583402317880795,0.5726439790575916,0.27245910431751136,0.675577156743621,0.5682318415260456,0.8059815950920246,0.6981441048034935,0.8911867642379891,0.6689914163090129,0.9470737913486006,0.9662612221256879,0.7999670184696571,0.5375689825951607,0.8898499109641314,0.6684931506849314,0.682120725269681,0.6694439413149792,0.3981861981011762,0.6957343968074247,0.5789787353473589,0.8343314597649568,0.6636614181999596,7,0.693176502529925,313
Koch Bihar,West Bengal,0.9469227591904174,0.9428120063191152,0.9886093165589935,0.6581220790256338,0.18721210791840315,0.3600993377483444,0.6639397905759163,0.17524805577902922,0.18868252039576458,0.0,0.8190184049079755,0.6136735807860263,0.7739951214338742,0.6303648068669528,0.911323155216285,0.8919779901534898,0.903529023746702,0.4806848733550305,0.8847621470363775,0.6731296101159114,0.7176956621528574,0.7232385437420759,0.41249822870908315,0.6806296011268179,0.36937775433173714,0.7642669308913257,0.6850768698368626,7,0.6248377890466859,467
Uttar Dinajpur,West Bengal,0.9636513837257331,0.9017377567140601,0.9960897653859231,0.48916584053250256,0.2039921035314762,0.20498758278145698,0.43766361256544495,0.21078037007240544,0.47335532025689986,0.5337490829053558,0.7760736196319019,0.6854530567685589,0.6969986212747905,0.4825643776824034,0.7059796437659034,0.7787431219229656,0.7427440633245384,0.5657280316966181,0.798015772068176,0.33403582718651215,0.7351388570117053,0.5497192537583772,0.25889188040243744,0.6266040721118586,0.4863244010864016,0.6699477642829244,0.569181955064052,7,0.5880145481363092,538
Dakshin Dinajpur,West Bengal,0.9527054935976867,0.8906793048973146,0.9954097245834751,0.7051409148845773,0.2203334064487826,0.2804221854304636,0.5842604712041886,0.22620005363368187,0.20847075160562398,0.3341892883345562,0.7434268185801928,0.607669213973799,0.7637077102555945,0.7811158798283262,0.89058524173028,0.9136982334202144,0.8771437994722955,0.5617659544361115,0.9313151869753242,0.6044257112750263,0.5797567133348634,0.583589929360623,0.3259175286949128,0.6741151716403833,0.4193094766716487,0.7913552558416428,0.6377021176498797,7,0.6306205054508887,457
Maldah,West Bengal,0.9153242461792649,0.9409162717219588,0.9836790207412446,0.46367370060897883,0.23020399210353149,0.2877690397350994,0.5505562827225131,0.22016626441405202,0.14806457212289534,0.30594277329420394,0.8206617002629272,0.7018286026200873,0.8313713013044861,0.4919527896995708,0.8432569974554708,0.8395598030697944,0.7889182058047494,0.4271968303381916,0.8598321037903842,0.42297154899894623,0.6444801468900621,0.4904908531063214,0.34632280005668126,0.6369277118483464,0.4090783185633183,0.7415938988298819,0.5686017841407623,7,0.5890504283455772,536
Murshidabad,West Bengal,0.9880214787277984,0.8944707740916271,0.9846990819449166,0.5724401642826795,0.24237771441105505,0.28187086092715236,0.4736583769633507,0.14159292035398227,0.03766707168894292,0.24321349963316222,0.8433391761612621,0.6495633187772926,0.6627426026089722,0.334093347639485,0.8344783715012724,0.8882131479872575,0.8342678100263853,0.5696901089571247,0.800559654032053,0.4396206533192834,0.7294009639660317,0.5424741894584315,0.33172736290208316,0.6606466790642048,0.34789420896014,0.6738181577028559,0.6068201060944848,7,0.5722947879554213,575
Birbhum,West Bengal,0.9830648492358531,0.9298578199052133,0.9894593675620537,0.365387338903838,0.21408203553410834,0.3778973509933775,0.5266688481675393,0.1630463931348887,0.13400451310536363,0.08400586940572277,0.7726774758983348,0.7577783842794759,0.7850249231095555,0.5708154506437767,0.8767175572519084,0.8870547350130322,0.6957453825857519,0.4379510400452809,0.7575680488425337,0.4977871443624867,0.5175579527197613,0.3727585582322044,0.2683859997165934,0.6432914603557407,0.3360806199423698,0.7754782100595496,0.5068220180720875,7,0.5654180771074369,583
Nadia,West Bengal,0.9702602230483272,0.9421800947867299,0.9697381842910574,0.6962186659113442,0.28087299846457553,0.22640728476821195,0.6143651832460734,0.1964333601501743,0.3067175837528207,0.44497432134996334,0.8184706397896583,0.47434497816593885,0.7083465903065013,0.8645386266094421,0.9711195928753183,0.9792933680857224,,0.6588368473185228,0.8499109641312643,0.7279241306638566,0.6981868257975672,0.6745154863249412,0.4520334419725096,0.6809462418783744,0.47619221765773795,0.7995286312085846,0.6769012827014436,6,0.6583920933615351,393
North Twenty Four Pargana,West Bengal,0.9915324246179266,0.9854660347551345,0.9914994899693982,0.7244016428267952,0.5512173722307523,0.30608443708609273,0.7678337696335079,0.36323411102172154,0.4172886651622982,0.5766691122523845,0.8858457493426818,0.6331877729257641,0.9073072436101388,0.843079399141631,0.9676844783715014,0.9759629307848249,,0.7160039620772607,0.9501399135080132,0.59536354056902,0.7961900390176726,0.7024089838797319,0.5326626045061641,0.7583669002476833,0.6021742814825188,0.8654443649667719,0.7154615072596439,6,0.7353617634891545,203
Hugli,West Bengal,0.9622057001239158,0.9494470774091629,0.9683781026861612,0.6653448520039655,0.5043869269576662,0.26221026490066224,0.6348167539267017,0.3132207026012335,0.2921367818087137,0.516874541452678,0.8515556529360211,0.6774017467248907,0.719906670908898,0.4266362660944206,0.9611959287531808,0.961917173472343,,0.6721381066930805,0.7150852200457899,0.6674394099051633,0.6426440211154464,0.5256294149610579,0.39053422134051297,0.718662154013589,0.5217208865450697,0.7494115571907466,0.6022450656768418,6,0.6480099158565618,416
Bankura,West Bengal,0.9095415117719952,0.7579778830963667,0.9364161849710984,0.28267950715196155,0.13391094538275938,0.4375,0.4859293193717277,0.19214266559399298,0.20638777989932305,0.41159207630227446,0.7703768624014024,0.660343886462882,0.756177749496235,0.566255364806867,0.9145038167938931,0.9103677961193166,,0.6497806707230791,0.6761638259984737,0.6379346680716543,0.5067707137938949,0.42655316065930093,0.4024372963015446,0.5763376720623635,0.4132857407137441,0.7615297227358387,0.5499400559246579,6,0.575273297859151,567
Puruliya,West Bengal,0.9037587773647254,0.6391785150078989,0.7886773206392382,0.0,0.15968414125904806,0.3562706953642384,0.36567408376963356,0.1779297398766425,0.3575768095816699,0.5597945707997065,0.7007011393514462,0.4469159388646288,0.5664439495174461,0.35582081545064376,0.8697201017811708,0.8756154068925571,0.7470316622691292,0.573086175180416,0.7715593996438566,0.4994731296101159,0.4271287583199449,0.29070820503531974,0.2498228709083181,0.4745949082725249,0.4323352686758197,0.6229032425012894,0.5084014572810143,7,0.509558719182662,647
Haora,West Bengal,0.9545642296571664,0.9674565560821484,0.9918395103706221,0.6187508851437475,0.584558017109015,0.19577814569536425,0.6852094240837697,0.35492089031912033,0.47231383440374936,0.6551724137931034,0.9348159509202454,0.7977620087336245,0.8309470781631136,0.6142703862660944,0.943256997455471,0.9552562988705473,,0.6036507711900384,0.831340625794963,0.6977871443624868,0.6125774615561166,0.6362977721427278,0.39379339662746216,0.7188245573430105,0.6204865027039975,0.8282985538977702,0.6292411952789657,6,0.699212702305936,301
Kolkata,West Bengal,0.8969434118133004,0.9870458135860981,0.9872492349540972,0.4479535476561394,0.9113840754551435,0.20622930463576158,0.8017015706806282,0.5598015553767766,0.7108140947752127,0.8217168011738811,0.9730499561787906,0.6535207423580786,0.7146038816417435,0.642033261802575,0.9678117048346055,0.9901534897190848,,0.43172491863591345,0.8580513864156704,0.6528977871443624,0.43034197842552213,0.5337801122984968,0.32875159416182514,0.7394675646834233,0.7734167956370579,0.7936246160712175,0.539257962846965,6,0.7114417348096659,271
South Twenty Four Pargana,West Bengal,0.949607600165221,0.9759873617693521,1.0,0.578388330264835,0.3024786137310813,0.3680670529801324,0.768815445026178,0.28613569321533916,0.2725221315743795,0.5198092443140132,0.7842900964066608,0.6926855895196506,0.8817477993424541,0.5645118025751072,0.8860050890585244,0.9013900955690703,0.8624670184696569,0.4431866421395218,0.8845077588399899,0.5038988408851421,0.6155611659398669,0.5475457344683935,0.3551084030041094,0.6957548264851036,0.5263145221073142,0.7852680752129613,0.6017536519638115,7,0.6522727689422976,409
Paschim Medinipur,West Bengal,0.9859562164394877,0.8549763033175355,0.9240054403264196,0.41198130576405606,0.09706075893836369,0.25455298013245037,0.5276505235602094,0.1688120139447573,0.03332754730081586,0.08327219369038896,0.6418711656441718,0.35889737991266374,0.6228656273199703,0.7349785407725322,0.8419847328244277,0.9290472053286996,0.6195580474934038,0.7192585255412483,0.8402442126685321,0.6225500526870389,0.40761992196465463,0.40554247418945844,0.4180246563695621,0.5880888341530521,0.29098668882806866,0.6975546972316586,0.5761139844162713,7,0.5381860511572627,610
Purba Medinipur,West Bengal,0.9845105328376704,0.9674565560821484,0.7924175450527032,0.5741396402775811,0.09212546611098926,0.210885761589404,0.6282722513089005,0.23156342182890854,0.0,0.19148936170212774,0.7635845749342682,0.5869268558951964,0.5562625941245095,0.3155847639484979,0.8916030534351147,0.9219519258615696,0.808212401055409,0.7951040045280885,0.7725769524294074,0.7342465753424657,0.7459260959375718,0.5758014852381815,0.3969108686410656,0.6035892503250828,0.362981921954841,0.6544658386529776,0.6898254833103128,7,0.5777156235608036,559
Paschim Barddhaman,West Bengal,0.9524989673688559,0.9052132701421801,0.9185651139068343,0.597932304206203,0.5229216933538057,0.21388658940397354,0.5701897905759162,0.3153660498793241,0.4473181739281375,0.4343360234776229,0.8293163891323401,0.5998908296943232,0.7004984621911124,0.5256169527896997,0.8701017811704838,0.8734433825658848,0.37994722955145116,0.46851563605490315,0.7758839989824472,0.439831401475237,0.5182464998852422,0.38797319326209023,0.2946011052855321,0.6851696563969755,0.5193052853986682,0.7139102816823008,0.4664284377852718,7,0.596203415315804,522
Purba Barddhaman,West Bengal,0.9919454770755886,0.8976303317535547,0.9852091125467527,0.4944058915167825,0.25707391971923665,0.3728269867549669,0.5659358638743455,0.18396352909627245,0.12601978823120982,0.19845928099779897,0.7854951796669588,0.6301855895196506,0.8075087496022908,0.5402360515021458,0.9484732824427483,0.917028670721112,0.953825857519789,0.5345974246497807,0.9170694479776139,0.5888303477344572,0.6180858388799633,0.5569643180583228,0.3395210429360919,0.666515286561147,0.37197472837331713,0.7686864687575896,0.6441277539651454,7,0.6128260594142998,489
